Year,Kilometers_Driven,Fuel_Type,Transmission,Owner_Type,Mileage,Engine,Power,Seats,Price
2010.00,72000.00,CNG,Manual,First,26.6,998,58.16,5.00,1750.00
2015.00,41000.00,Diesel,Manual,First,19.67 ,1582,126.2,5.00,12500.00
2011.00,46000.00,Petrol,Manual,First,18.2 ,1199,88.7,5.00,4500.00
2012.00,87000.00,Diesel,Manual,First,20.77 ,1248,88.76,7.00,6000.00
2013.00,40670.00,Diesel,Automatic,Second,15.2 ,1968,140.8,5.00,17740.00
2012.00,75000.00,LPG,Manual,First,21.1,814,55.2,5.00,2350.00
2013.00,86999.00,Diesel,Manual,First,23.08 ,1461,63.1,5.00,3500.00
2016.00,36000.00,Diesel,Automatic,First,11.36 ,2755,171.5,8.00,17500.00
2013.00,64430.00,Diesel,Manual,First,20.54 ,1598,103.6,5.00,5200.00
2012.00,65932.00,Diesel,Manual,Second,22.3 ,1248,74,5.00,1950.00
2018.00,25692.00,Petrol,Manual,First,21.56 ,1462,103.25,5.00,9950.00
2012.00,60000.00,Petrol,Automatic,First,16.8 ,1497,116.3,5.00,4490.00
2015.00,64424.00,Diesel,Manual,First,25.2 ,1248,74,5.00,5600.00
2014.00,72000.00,Diesel,Automatic,First,12.7 ,2179,187.7,5.00,27000.00
2012.00,85000.00,Diesel,Automatic,Second,0.0 ,2179,115,5.00,17500.00
2014.00,110000.00,Diesel,Manual,First,13.5 ,2477,175.56,7.00,15000.00
2016.00,58950.00,Diesel,Manual,First,25.8 ,1498,98.6,5.00,5400.00
2017.00,25000.00,Diesel,Manual,First,28.4 ,1248,74,5.00,5990.00
2014.00,77469.00,Diesel,Manual,First,20.45 ,1461,83.8,5.00,6340.00
2014.00,78500.00,Diesel,Automatic,First,14.84 ,2143,167.62,5.00,28000.00
2014.00,32982.00,Diesel,Automatic,First,22.69 ,1995,190,5.00,18550.00
2015.00,55392.00,Diesel,Manual,Second,23.65 ,1248,88.5,5.00,8250.00
2015.00,55985.00,Petrol,Automatic,First,13.53 ,1984,177.01,5.00,23500.00
2010.00,45807.00,Petrol,Manual,First,18.5 ,1197,80,5.00,1870.00
2010.00,33000.00,Petrol,Automatic,First,14.4 ,1598,103.6,5.00,2850.00
2012.00,51920.00,Petrol,Manual,First,16.8 ,1497,116.3,5.00,4250.00
2012.00,54000.00,Diesel,Manual,First,23.08 ,1461,63.1,5.00,4250.00
2013.00,54000.00,Petrol,Manual,Second,20.92 ,998,67.1,5.00,2750.00
2018.00,37430.00,Petrol,Manual,First,17.5 ,1199,88.7,5.00,9900.00
2007.00,262000.00,Diesel,Manual,Fourth & Above,12.8 ,2494,102,7.00,4000.00
2013.00,62000.00,Diesel,Manual,First,19.01 ,1461,108.45,5.00,7750.00
2012.00,87615.00,Petrol,Manual,First,14.53 ,1798,138.1,5.00,6750.00
2013.00,72000.00,Diesel,Automatic,Second,11.18 ,2696,184,7.00,12500.00
2010.00,35000.00,Diesel,Automatic,First,12.4 ,2698,179.5,5.00,11500.00
2014.00,55431.00,Petrol,Manual,Second,16.09 ,1598,103.5,5.00,6980.00
2009.00,83816.00,Petrol,Manual,Second,14.0 ,1061,64,5.00,1850.00
2018.00,50075.00,Diesel,Manual,First,24.3 ,1248,88.5,5.00,8630.00
2017.00,52000.00,Petrol,Manual,First,18.15 ,1198,82,5.00,4850.00
2013.00,85000.00,Diesel,Automatic,First,11.74 ,2987,254.8,5.00,28000.00
2013.00,62000.00,Diesel,Manual,First,22.07 ,1199,73.9,5.00,5000.00
2008.00,90000.00,Petrol,Manual,Second,19.7 ,796,46.3,5.00,1250.00
2014.00,19698.00,Petrol,Manual,First,25.4 ,624,37.5,4.00,1530.00
2017.00,22033.00,Diesel,Manual,First,25.32 ,1198,77,6.00,5580.00
2014.00,35487.00,Petrol,Manual,First,18.5 ,1197,82.9,5.00,4740.00
2014.00,46374.00,Petrol,Automatic,First,14.62 ,1999,149.92,5.00,8850.00
2016.00,52001.00,Petrol,Automatic,First,14.28 ,1798,138.03,5.00,10110.00
2008.00,58005.00,Diesel,Manual,Second,14.9 ,1991,112.2,5.00,4250.00
2012.00,70704.00,Petrol,Manual,First,11.25 ,2694,163.7,7.00,10950.00
2014.00,75000.00,Diesel,Manual,First,24.4 ,1120,71,5.00,3850.00
2012.00,75800.00,Diesel,Manual,Second,16.55 ,2498,105,6.00,5500.00
2015.00,13648.00,Diesel,Automatic,First,17.11 ,1968,174.33,5.00,21430.00
2014.00,52000.00,Diesel,Manual,First,22.9 ,1248,74,5.00,4250.00
2014.00,53000.00,Diesel,Manual,First,17.8 ,1248,75,5.00,3300.00
2013.00,65650.00,Diesel,Manual,First,28.4 ,1248,74,5.00,3850.00
2015.00,54000.00,Petrol,Manual,Third,18.9 ,1197,82,5.00,3600.00
2015.00,39000.00,Petrol,Manual,First,15.04 ,1598,103.2,5.00,3990.00
2017.00,16542.00,Petrol,Manual,First,25.17 ,799,53.3,5.00,3300.00
2010.00,32000.00,Petrol,Manual,First,20.36 ,1197,78.9,5.00,2070.00
2010.00,121812.00,Diesel,Automatic,First,13.29 ,1995,147.6,5.00,7750.00
2010.00,39300.00,Petrol,Manual,First,18.2 ,998,67.1,5.00,2250.00
2017.00,22000.00,Diesel,Manual,First,13.68 ,2393,147.8,8.00,16500.00
2010.00,72000.00,Diesel,Manual,First,20.0 ,1399,68,5.00,2750.00
2015.00,58000.00,Petrol,Automatic,First,11.74 ,1796,186,5.00,26700.00
2011.00,65000.00,Diesel,Manual,Second,15.8 ,2148,170,5.00,10000.00
2016.00,178000.00,Diesel,Manual,First,25.0 ,1396,69,5.00,2500.00
2012.00,65664.00,Diesel,Automatic,First,16.55 ,1968,140,5.00,13500.00
2007.00,63000.00,Petrol,Automatic,Second,16.4 ,1497,78,5.00,1850.00
2019.00,15369.00,Diesel,Automatic,First,0.0 ,1950,194,5.00,35670.00
2016.00,63000.00,Diesel,Manual,First,24.52 ,1248,88.5,7.00,8150.00
2018.00,13000.00,Diesel,Manual,First,22.1 ,1396,88.7,5.00,10500.00
2008.00,73000.00,Petrol,Automatic,First,8.5 ,4806,500,5.00,14500.00
2015.00,55729.00,Diesel,Manual,First,15.1 ,2179,140,7.00,9650.00
2012.00,45178.00,Petrol,Automatic,First,16.95 ,1197,78.9,5.00,3480.00
2015.00,56066.00,Diesel,Manual,First,19.64 ,1461,108.5,5.00,6920.00
2016.00,37300.00,Petrol,Automatic,Second,16.5 ,1198,86.8,5.00,6460.00
2014.00,56000.00,Diesel,Automatic,Second,18.53 ,1968,187.74,5.00,29500.00
2008.00,111111.00,Diesel,Manual,First,17.8 ,1399,null,5.00,2000.00
2006.00,230000.00,Petrol,Manual,Third,12.4 ,1998,132,8.00,4500.00
2012.00,104000.00,Diesel,Manual,First,12.8 ,2494,102,7.00,11750.00
2005.00,87591.00,Petrol,Manual,First,0.0 ,1086,null,5.00,1300.00
2012.00,95100.00,Diesel,Manual,First,22.9 ,1248,74,5.00,3750.00
2017.00,70000.00,Petrol,Manual,First,17.57 ,1193,88.7,5.00,4500.00
2016.00,54944.00,Petrol,Manual,First,18.0 ,1198,86.7,5.00,4820.00
2012.00,70337.00,Diesel,Manual,First,20.0 ,1399,68,5.00,2800.00
2013.00,99638.00,Diesel,Manual,First,23.2 ,1248,73.94,5.00,3110.00
2009.00,52000.00,Petrol,Manual,First,17.8 ,1497,117.3,5.00,3250.00
2011.00,75000.00,Diesel,Automatic,Second,16.73 ,1995,218,5.00,13900.00
2009.00,95980.00,Petrol,Manual,First,20.36 ,1197,78.9,5.00,2250.00
2016.00,16000.00,Petrol,Manual,First,18.9 ,1197,82,5.00,5750.00
2007.00,73745.00,Petrol,Manual,First,17.0 ,1086,null,5.00,2100.00
2016.00,18949.00,Petrol,Manual,First,17.8 ,1198,86.7,5.00,5000.00
2014.00,107000.00,Diesel,Manual,First,13.0 ,2982,168.5,7.00,16500.00
2018.00,48367.00,Diesel,Automatic,First,17.68 ,1968,174.33,5.00,39580.00
2013.00,57000.00,Diesel,Manual,First,22.7 ,1498,89.84,5.00,5500.00
2014.00,58000.00,Diesel,Manual,First,15.1 ,2179,140,7.00,8100.00
2015.00,30000.00,Diesel,Manual,First,25.8 ,1498,98.6,5.00,3500.00
2013.00,34212.00,Diesel,Manual,First,22.07 ,1199,73.9,5.00,2790.00
2010.00,70002.00,Diesel,Manual,First,16.2 ,1493,110,5.00,3450.00
2016.00,62000.00,Petrol,Manual,First,18.9 ,998,67.1,5.00,4450.00
2010.00,62001.00,Petrol,Manual,First,15.26 ,1598,103.5,5.00,2650.00
2011.00,78958.00,Diesel,Manual,Second,23.0 ,1396,90,5.00,3800.00
2014.00,30180.00,Petrol,Manual,First,18.5 ,1197,82.85,5.00,4650.00
2017.00,32851.00,Petrol,Manual,First,19.83 ,1198,67,7.00,3950.00
2010.00,30000.00,Diesel,Automatic,First,14.94 ,2967,241.4,5.00,9800.00
2009.00,66000.00,Petrol,Manual,Second,17.0 ,1197,80,5.00,2700.00
2010.00,93850.00,Petrol,Manual,First,14.0 ,796,35,5.00,2410.00
2014.00,53000.00,Petrol,Manual,First,17.71 ,1197,78.9,5.00,3900.00
2011.00,78000.00,Diesel,Automatic,Second,14.74 ,2993,270.9,5.00,24000.00
2012.00,65000.00,Diesel,Manual,Second,16.0 ,2179,140,7.00,5750.00
2014.00,40000.00,Diesel,Automatic,First,22.32 ,1582,126.32,5.00,5250.00
2017.00,30000.00,Diesel,Automatic,First,11.36 ,2755,171.5,7.00,19250.00
2017.00,38053.00,Petrol,Manual,First,15.1 ,1196,73,5.00,3910.00
2014.00,25500.00,Petrol,Manual,First,25.4 ,624,37.5,4.00,2150.00
2015.00,56087.00,Diesel,Automatic,First,22.69 ,1995,190,5.00,20750.00
2010.00,71088.00,Petrol,Manual,First,13.5 ,1799,130,5.00,3350.00
2014.00,55000.00,Diesel,Manual,First,12.99 ,2494,100.6,7.00,11110.00
2014.00,32700.00,Diesel,Automatic,First,23.3 ,1984,150,5.00,20000.00
2016.00,39882.00,Petrol,Automatic,First,19.15 ,1198,75.94,5.00,6550.00
2009.00,128000.00,Petrol,Automatic,First,10.8 ,2497,215,5.00,7000.00
2016.00,55000.00,Diesel,Manual,First,24.3 ,1248,88.5,5.00,7500.00
2005.00,102000.00,Petrol,Manual,Second,17.0 ,1086,null,5.00,850.00
2014.00,53753.00,Diesel,Automatic,Second,15.0 ,2143,107.3,5.00,16750.00
2018.00,10250.00,Diesel,Manual,First,22.0 ,1582,126.2,5.00,10950.00
2011.00,43874.00,Petrol,Manual,First,18.9 ,998,67.1,5.00,2450.00
2017.00,32684.00,Petrol,Automatic,First,21.9 ,624,37.48,4.00,3230.00
2014.00,42000.00,Diesel,Manual,First,12.05 ,2179,120,8.00,7750.00
2009.00,28352.00,Petrol,Automatic,First,11.7 ,1796,178,5.00,9350.00
2013.00,89900.00,CNG,Manual,First,26.6,998,58.16,5.00,3250.00
2007.00,47700.00,Petrol,Manual,Second,10.8 ,2354,152,5.00,5250.00
2015.00,55000.00,Diesel,Automatic,First,21.21 ,1498,103.2,5.00,7250.00
2017.00,44285.00,Petrol,Manual,First,20.73 ,1373,91.1,5.00,7470.00
2016.00,54000.00,Diesel,Automatic,First,16.0 ,2179,140,7.00,13250.00
2016.00,30232.00,Petrol,Manual,First,21.1 ,1197,85.80,5.00,5810.00
2014.00,88500.00,Petrol,Manual,First,24.07 ,998,67.1,5.00,2600.00
2017.00,13372.00,Petrol,Automatic,First,19.0 ,2996,362.07,2.00,54000.00
2019.00,12645.00,Petrol,Automatic,First,17.0 ,1591,121.3,5.00,11500.00
2010.00,94385.00,Petrol,Manual,Second,19.7 ,796,46.3,5.00,1600.00
2015.00,31821.00,Diesel,Automatic,First,20.58 ,1995,143,5.00,17220.00
2015.00,12000.00,Petrol,Automatic,First,19.0 ,1199,88.7,5.00,6000.00
2012.00,88578.00,Petrol,Manual,First,13.5 ,1799,130,5.00,3950.00
2014.00,44965.00,Diesel,Automatic,First,19.27 ,2143,170,5.00,17950.00
2014.00,45044.00,Diesel,Manual,First,25.8 ,1498,98.6,5.00,3700.00
2016.00,34204.00,Petrol,Manual,First,22.0 ,1197,81.80,5.00,5430.00
2008.00,80759.00,Petrol,Manual,Third,17.0 ,1086,null,5.00,1670.00
2012.00,91235.00,Diesel,Manual,First,11.5 ,2982,171,7.00,13490.00
2014.00,38800.00,Petrol,Manual,First,18.6 ,1199,76.8,5.00,2850.00
2013.00,83000.00,Diesel,Manual,First,21.14 ,1498,103.52,5.00,4750.00
2018.00,41283.00,Petrol,Manual,First,20.73 ,1373,91.1,5.00,9900.00
2013.00,23000.00,Petrol,Automatic,First,11.05 ,2894,444,4.00,37000.00
2014.00,48000.00,Diesel,Automatic,First,21.76 ,1995,190,5.00,26500.00
2015.00,48214.00,Diesel,Automatic,First,17.11 ,1968,174.33,5.00,23320.00
2016.00,35000.00,Diesel,Manual,First,22.9 ,1248,74,5.00,6250.00
2010.00,35277.00,Petrol,Automatic,First,7.81 ,5461,362.9,5.00,30000.00
2016.00,54620.00,Diesel,Automatic,First,21.66 ,1498,103.52,5.00,9860.00
2012.00,136997.00,Diesel,Automatic,First,17.2 ,1968,138.1,5.00,8500.00
2019.00,14322.00,Petrol,Manual,First,21.1 ,814,55.2,5.00,4230.00
2012.00,65634.00,Diesel,Manual,First,22.07 ,1199,73.9,5.00,3500.00
2016.00,6000.00,Petrol,Manual,First,20.63 ,1198,67.06,5.00,2500.00
2013.00,33280.00,Petrol,Manual,First,19.4 ,1198,86.8,5.00,2390.00
2013.00,29000.00,Petrol,Automatic,First,14.8 ,1595,120.7,5.00,11250.00
2015.00,42831.00,Diesel,Manual,First,26.0 ,1498,98.6,5.00,7110.00
2016.00,90000.00,Diesel,Manual,First,12.99 ,2494,100.6,7.00,10900.00
2017.00,24005.00,Petrol,Manual,First,20.4 ,1197,81.80,5.00,6200.00
2012.00,32792.00,Diesel,Manual,First,15.1 ,2179,140,7.00,7900.00
2014.00,147898.00,Diesel,Manual,First,22.7 ,1498,89.84,5.00,4420.00
2012.00,131765.00,Diesel,Manual,First,13.0 ,2982,168.5,7.00,13500.00
2013.00,65000.00,Diesel,Automatic,First,21.5 ,1498,108.5,5.00,6250.00
2010.00,66123.00,Diesel,Manual,Second,20.0 ,1399,68,5.00,2100.00
2015.00,41000.00,Diesel,Automatic,First,15.3 ,2993,258,5.00,45000.00
2017.00,23550.00,Diesel,Automatic,First,19.27 ,2143,167.62,5.00,33660.00
2012.00,45000.00,Petrol,Manual,Second,19.4 ,1198,86.8,5.00,3650.00
2013.00,60000.00,Petrol,Manual,First,20.36 ,1197,78.9,5.00,2750.00
2016.00,44414.00,Diesel,Automatic,First,17.9 ,2143,170,5.00,42500.00
2019.00,1000.00,Petrol,Manual,First,18.9 ,1197,81.86,5.00,6500.00
2012.00,62500.00,Diesel,Automatic,Second,17.68 ,1968,174.33,5.00,19000.00
2013.00,21000.00,Petrol,Automatic,Second,14.4 ,1598,103.6,5.00,4450.00
2017.00,8525.00,Diesel,Automatic,Second,16.6 ,1998,112,5.00,23000.00
2014.00,29000.00,Diesel,Manual,First,22.54 ,1396,88.73,5.00,8350.00
2014.00,40000.00,Diesel,Automatic,First,17.68 ,1968,174.33,5.00,22950.00
2012.00,88000.00,Diesel,Manual,First,25.44 ,936,57.6,5.00,1500.00
2012.00,53537.00,Petrol,Automatic,First,13.7 ,1798,157.75,5.00,6890.00
2006.00,216000.00,Diesel,Manual,Second,17.8 ,1399,68,5.00,1450.00
2014.00,51000.00,Diesel,Automatic,First,22.48 ,1995,190,5.00,33500.00
2007.00,118500.00,Petrol,Manual,First,12.9 ,1598,102.5,5.00,1250.00
2012.00,63000.00,Diesel,Manual,First,22.07 ,1199,73.9,5.00,4200.00
2015.00,25000.00,Diesel,Manual,First,19.98 ,1461,108.5,8.00,6750.00
2014.00,37382.00,Diesel,Automatic,First,13.0 ,2143,201.1,5.00,32000.00
2017.00,24773.00,Petrol,Manual,First,21.4 ,1197,83.1,5.00,7500.00
2012.00,62000.00,Diesel,Manual,First,22.32 ,1582,126.32,5.00,4600.00
2017.00,52340.00,Petrol,Manual,First,19.81 ,1086,68.05,5.00,4040.00
2016.00,56739.00,Diesel,Manual,First,15.4 ,1997,120,7.00,10310.00
2018.00,36091.00,Diesel,Automatic,First,12.7 ,2179,187.7,5.00,55760.00
2010.00,120000.00,Diesel,Manual,First,20.0 ,1399,68,5.00,2600.00
2016.00,33000.00,Diesel,Manual,First,25.47 ,1248,88.50,7.00,8500.00
2007.00,60006.00,Petrol,Manual,First,0.0 ,,,,2950.00
2014.00,52000.00,Diesel,Manual,First,25.8 ,1498,98.6,5.00,3500.00
2015.00,43571.00,Petrol,Manual,First,20.36 ,1197,78.9,5.00,3550.00
2013.00,50000.00,Diesel,Manual,First,25.8 ,1498,98.6,5.00,3250.00
2008.00,113000.00,Diesel,Manual,First,17.5 ,1896,106,5.00,4500.00
2014.00,90000.00,Diesel,Manual,First,19.87 ,1461,83.8,5.00,5350.00
2017.00,29000.00,Diesel,Manual,Second,17.45 ,1493,100,7.00,6500.00
2016.00,20000.00,Diesel,Manual,First,24.3 ,1248,88.5,5.00,9000.00
2016.00,61012.00,Petrol,Manual,First,18.6 ,1197,81.83,5.00,6000.00
2009.00,87459.00,Petrol,Manual,First,14.7 ,1390,85,5.00,2750.00
2010.00,70500.00,Petrol,Manual,First,15.64 ,1193,64.1,5.00,1500.00
2015.00,64103.00,Diesel,Automatic,First,15.73 ,1968,174.33,5.00,19900.00
2014.00,76000.00,Petrol,Automatic,First,14.7 ,1798,177.5,5.00,10000.00
2014.00,104000.00,Diesel,Manual,First,23.59 ,1364,67.06,5.00,3000.00
2010.00,42001.00,Petrol,Manual,First,16.1 ,,,,2110.00
2014.00,37245.00,Petrol,Automatic,First,14.8 ,1595,120.7,5.00,11960.00
2013.00,45000.00,Diesel,Manual,First,27.4 ,1498,98.6,5.00,3250.00
2012.00,117837.00,Diesel,Manual,Second,22.32 ,1582,126.32,5.00,4750.00
2014.00,30000.00,Diesel,Manual,First,20.46 ,1461,83.8,5.00,5950.00
2015.00,27057.00,Petrol,Manual,Second,15.29 ,1591,121.3,5.00,8150.00
2016.00,8500.00,Petrol,Automatic,First,20.51 ,998,67,5.00,4220.00
2010.00,30500.00,Petrol,Automatic,First,11.74 ,1796,186,5.00,10500.00
2012.00,56000.00,Diesel,Automatic,First,11.8 ,2967,246.7,5.00,45000.00
2012.00,44000.00,Petrol,Manual,Second,19.81 ,1086,68.05,5.00,2900.00
2017.00,10500.00,Petrol,Automatic,First,14.3 ,1598,103.52,5.00,8900.00
2017.00,26000.00,Petrol,Automatic,First,14.67 ,1798,177.46,5.00,26000.00
2018.00,25166.00,Petrol,Manual,First,17.19 ,1197,81.86,5.00,8220.00
2014.00,64000.00,Diesel,Manual,Second,25.8 ,1498,98.6,5.00,3500.00
2004.00,61000.00,Petrol,Manual,Second,18.9 ,998,67.1,5.00,1250.00
2013.00,107000.00,Diesel,Manual,First,21.03 ,1461,65,5.00,3700.00
2018.00,29161.00,Diesel,Automatic,First,19.27 ,2143,167.62,5.00,39410.00
2013.00,32000.00,Petrol,Manual,First,22.5 ,998,67.04,5.00,2650.00
2015.00,46173.00,Diesel,Manual,Second,19.01 ,1461,108.5,5.00,8920.00
2013.00,47000.00,Diesel,Manual,First,17.8 ,1248,null,5.00,4100.00
2017.00,26327.00,Petrol,Automatic,First,16.82 ,1998,189.08,4.00,35670.00
2015.00,70436.00,Diesel,Manual,First,0.0 ,1498,99,,3600.00
2007.00,200000.00,Diesel,Manual,Second,17.2 ,1396,53.5,5.00,850.00
2016.00,60813.00,Petrol,Manual,Second,18.6 ,1199,76.8,5.00,3320.00
2012.00,45000.00,Diesel,Manual,First,22.07 ,1199,73.9,5.00,3600.00
2016.00,64000.00,Diesel,Manual,First,22.9 ,1248,74,5.00,6800.00
2012.00,41284.00,Diesel,Manual,First,20.0 ,1399,68.05,5.00,2500.00
2019.00,14165.00,Diesel,Automatic,First,11.36 ,2755,171.5,7.00,19640.00
2011.00,67000.00,Diesel,Automatic,Second,11.72 ,2199,194.3,7.00,7000.00
2011.00,32572.00,Petrol,Manual,First,17.4 ,1497,117.3,5.00,3870.00
2018.00,14960.00,Petrol,Manual,First,18.6 ,1197,81.83,5.00,6270.00
2015.00,55980.00,Diesel,Automatic,First,19.27 ,2143,167.62,5.00,18120.00
2013.00,74000.00,Diesel,Manual,First,25.44 ,936,57.6,5.00,2650.00
2015.00,56847.00,Diesel,Manual,First,22.54 ,1396,88.73,5.00,7200.00
2015.00,121374.00,Diesel,Manual,First,12.99 ,2494,100.6,7.00,14300.00
2013.00,52000.00,Diesel,Manual,First,20.77 ,1248,88.76,7.00,6900.00
2014.00,118000.00,Diesel,Manual,First,12.8 ,2494,102,7.00,10750.00
2007.00,72000.00,Petrol,Manual,Third,17.0 ,1086,null,5.00,950.00
2016.00,33915.00,Petrol,Manual,First,17.8 ,1497,117.3,5.00,8090.00
2014.00,82002.00,Diesel,Automatic,First,17.05 ,1995,184,5.00,18500.00
2017.00,33000.00,Diesel,Manual,First,24.0 ,1120,70,5.00,4750.00
2016.00,34000.00,Diesel,Manual,First,28.09 ,1248,88.5,5.00,8450.00
2012.00,55000.00,Diesel,Manual,First,20.5 ,1598,103.6,5.00,3500.00
2006.00,160538.00,Diesel,Manual,First,13.1 ,1493,82,5.00,1800.00
2014.00,60000.00,Diesel,Manual,Second,19.91 ,1498,103.6,5.00,3700.00
2017.00,49575.00,Petrol,Manual,First,18.7 ,1199,88.7,5.00,7170.00
2010.00,83000.00,Petrol,Manual,First,19.81 ,1086,68.05,5.00,1750.00
2018.00,51346.00,Diesel,Automatic,First,16.38 ,1995,183,5.00,21990.00
2017.00,43000.00,Diesel,Manual,First,13.68 ,2393,147.8,7.00,18650.00
2011.00,35000.00,Petrol,Manual,Third,19.7 ,796,35,5.00,1850.00
2017.00,27872.00,Petrol,Manual,Second,20.4 ,1197,81.80,5.00,5950.00
2014.00,16514.00,Petrol,Manual,First,18.9 ,1197,82,5.00,3750.00
2012.00,120000.00,Diesel,Manual,First,22.9 ,1248,74,5.00,3750.00
2008.00,143275.00,Diesel,Manual,First,22.0 ,1582,126.2,5.00,2600.00
2006.00,99000.00,Petrol,Manual,First,0.0 ,1086,null,5.00,1750.00
2010.00,52000.00,Petrol,Manual,First,17.0 ,1197,80,5.00,2800.00
2017.00,29819.00,Diesel,Automatic,First,11.57 ,2987,254.79,5.00,61290.00
2014.00,57000.00,Diesel,Manual,Second,15.8 ,2148,170,5.00,18000.00
2014.00,88500.00,Diesel,Manual,First,23.2 ,1248,73.94,5.00,4350.00
2016.00,28000.00,Diesel,Manual,First,19.67 ,1582,126.2,5.00,13750.00
2010.00,67000.00,Petrol,Manual,First,19.0 ,998,66.1,5.00,2000.00
2016.00,26000.00,Diesel,Manual,First,19.64 ,1461,108.45,5.00,10000.00
2010.00,120000.00,Diesel,Manual,First,17.8 ,1248,76,5.00,1650.00
2017.00,51982.00,Diesel,Automatic,First,16.55 ,2993,258,5.00,45770.00
2010.00,36000.00,Petrol,Manual,Second,20.36 ,1197,78.9,5.00,3250.00
2016.00,47000.00,Diesel,Manual,First,12.8 ,2494,102,7.00,12800.00
2002.00,60000.00,Petrol,Manual,Third,17.3 ,993,60,5.00,550.00
2018.00,31025.00,Diesel,Manual,First,28.4 ,1248,74,5.00,7150.00
2013.00,105000.00,Diesel,Manual,Second,12.05 ,2179,120,8.00,7000.00
2017.00,121900.00,Diesel,Manual,First,22.95 ,1248,74,5.00,3750.00
2017.00,22695.00,Petrol,Manual,First,18.88 ,999,123.24,5.00,8500.00
2012.00,73000.00,Diesel,Manual,First,23.4 ,1248,74,5.00,4350.00
2016.00,32227.00,Petrol,Manual,First,22.74 ,796,47.3,5.00,3260.00
2011.00,55000.00,Petrol,Manual,First,17.0 ,1497,118,5.00,4210.00
2018.00,11287.00,Diesel,Automatic,First,12.07 ,2967,241.4,7.00,70360.00
2009.00,48000.00,Diesel,Automatic,Second,17.0 ,1896,105,5.00,2950.00
2012.00,54308.00,Petrol,Manual,First,17.1 ,1591,121.3,5.00,4280.00
2009.00,78442.00,Petrol,Automatic,First,16.8 ,1497,118,5.00,3570.00
2013.00,46000.00,Diesel,Manual,First,21.9 ,1396,88.8,5.00,3110.00
2014.00,45051.00,Petrol,Automatic,First,15.0 ,1396,98.6,5.00,5960.00
2011.00,69000.00,Diesel,Manual,First,20.54 ,1598,103.6,5.00,4700.00
2014.00,49000.00,Petrol,Manual,First,17.4 ,1497,117.3,5.00,6900.00
2018.00,45000.00,Diesel,Manual,First,22.95 ,1248,74,5.00,5250.00
2015.00,64000.00,Diesel,Automatic,First,18.48 ,1995,177,5.00,28000.00
2009.00,60000.00,Petrol,Manual,First,18.9 ,1061,67,5.00,1350.00
2015.00,62178.00,Petrol,Manual,First,18.2 ,1199,88.7,5.00,4850.00
2012.00,58006.00,Diesel,Manual,First,15.0 ,1896,105,5.00,6700.00
2010.00,74000.00,Petrol,Manual,First,20.36 ,1197,78.9,5.00,3100.00
2015.00,77771.00,Diesel,Automatic,First,19.27 ,2143,170,5.00,18640.00
2012.00,45275.00,Petrol,Manual,First,20.36 ,1197,78.9,5.00,2800.00
2016.00,48000.00,Diesel,Manual,First,13.68 ,2393,147.8,7.00,20250.00
2015.00,31652.00,Diesel,Automatic,First,17.68 ,1968,174.33,5.00,26780.00
2010.00,109000.00,Diesel,Manual,Second,12.99 ,2494,100.6,7.00,8260.00
2015.00,31978.00,Petrol,Manual,First,16.47 ,1198,73.9,5.00,3890.00
2011.00,70000.00,Petrol,Manual,First,20.92 ,998,67.1,5.00,2100.00
2017.00,15000.00,Petrol,Automatic,First,18.0 ,1497,117.3,5.00,12690.00
2013.00,59138.00,Diesel,Manual,First,17.0 ,1405,70,5.00,2580.00
2014.00,61726.00,Diesel,Automatic,First,17.68 ,1968,174.33,5.00,20770.00
2015.00,48000.00,Diesel,Automatic,First,17.9 ,2143,136,5.00,20260.00
2006.00,58000.00,Petrol,Manual,Second,0.0 ,1086,null,5.00,1500.00
2011.00,60020.00,Diesel,Manual,First,17.8 ,1248,null,5.00,2500.00
2014.00,77815.00,Petrol,Automatic,First,23.1 ,998,67.04,5.00,4250.00
2017.00,29000.00,Diesel,Automatic,First,17.9 ,2143,201.15,5.00,57000.00
2017.00,44000.00,Diesel,Automatic,First,12.7 ,2179,187.7,5.00,44000.00
2011.00,108626.00,Diesel,Manual,First,20.54 ,1598,103.6,5.00,3650.00
2012.00,71791.00,Petrol,Manual,First,14.0 ,796,35,5.00,2050.00
2012.00,91931.00,Petrol,Manual,First,18.5 ,1198,86.8,5.00,3130.00
2000.00,158000.00,Diesel,Manual,Second,14.07 ,2956,83.1,7.00,1500.00
2012.00,91183.00,Diesel,Manual,First,18.0 ,1248,75,5.00,2850.00
2012.00,65000.00,Petrol,Manual,First,18.9 ,998,67.1,5.00,2650.00
2015.00,88428.00,Diesel,Manual,First,16.0 ,2179,140,7.00,10600.00
2008.00,138000.00,Diesel,Manual,Second,17.1 ,1396,70,5.00,1250.00
2018.00,18000.00,Petrol,Manual,First,16.02 ,1373,93.7,7.00,8250.00
2011.00,60000.00,Petrol,Automatic,First,11.7 ,2354,177.6,5.00,4450.00
2012.00,48000.00,Diesel,Manual,First,19.3 ,1248,73.9,5.00,3700.00
2009.00,160000.00,Diesel,Manual,First,17.8 ,1399,68,5.00,2800.00
2008.00,40000.00,Petrol,Manual,First,17.7 ,1497,78,5.00,1800.00
2014.00,51495.00,Diesel,Automatic,First,17.68 ,1968,174.33,5.00,21950.00
2011.00,30000.00,Diesel,Automatic,First,9.52 ,2993,313,4.00,49000.00
2017.00,97430.00,Diesel,Automatic,First,14.75 ,2967,245,7.00,62670.00
2008.00,42496.00,CNG,Manual,First,26.3,998,67.1,5.00,1400.00
2012.00,83000.00,Diesel,Manual,First,23.0 ,1396,90,5.00,5500.00
2009.00,37000.00,Petrol,Automatic,Third,16.95 ,1197,78.9,5.00,2950.00
2016.00,28503.00,Petrol,Automatic,First,19.0 ,1199,88.7,5.00,6860.00
2015.00,76496.00,Diesel,Manual,First,25.2 ,1248,74,5.00,6150.00
2011.00,79152.00,Petrol,Manual,Second,18.5 ,1197,82.85,5.00,3300.00
2011.00,32000.00,Petrol,Manual,First,16.47 ,1198,73.9,5.00,2550.00
2009.00,35000.00,Petrol,Manual,First,19.7 ,796,46.3,5.00,1500.00
2004.00,105000.00,Petrol,Automatic,Second,11.3 ,1794,125,5.00,2500.00
2006.00,56000.00,Petrol,Manual,Second,19.7 ,796,46.3,5.00,1400.00
2012.00,73000.00,Diesel,Manual,First,21.12 ,1248,88.8,5.00,3400.00
2012.00,38000.00,Petrol,Manual,First,19.7 ,796,46.3,5.00,2250.00
2013.00,775000.00,Diesel,Automatic,First,19.3 ,1968,141,5.00,7500.00
2008.00,80000.00,Petrol,Automatic,First,11.3 ,1794,125,5.00,2800.00
2016.00,24973.00,Petrol,Manual,First,18.6 ,1197,81.83,5.00,7660.00
2016.00,45000.00,Diesel,Manual,First,24.3 ,1248,88.5,5.00,7150.00
2010.00,87430.00,Petrol,Manual,First,17.0 ,1497,118,5.00,3500.00
2014.00,133944.00,Diesel,Manual,Second,18.0 ,1248,75,5.00,3500.00
2013.00,57000.00,Diesel,Manual,First,25.8 ,1498,98.6,5.00,3450.00
2016.00,27904.00,Petrol,Manual,First,21.1 ,814,55.2,5.00,3550.00
2015.00,30717.00,Diesel,Automatic,Second,21.76 ,1995,190,5.00,25990.00
2012.00,80000.00,Diesel,Manual,First,22.32 ,1582,126.32,5.00,5250.00
2013.00,47304.00,Diesel,Manual,First,21.02 ,1248,88.8,5.00,2900.00
2005.00,100000.00,Petrol,Automatic,First,14.45 ,1984,227,5.00,2050.00
2017.00,30000.00,Petrol,Manual,First,24.07 ,998,67.1,5.00,3750.00
2014.00,68000.00,Diesel,Manual,First,22.7 ,1498,89.84,5.00,6750.00
2011.00,21000.00,Petrol,Manual,Second,18.0 ,995,62,5.00,950.00
2017.00,21000.00,Diesel,Automatic,First,19.33 ,1999,177,5.00,52000.00
2007.00,119000.00,Petrol,Manual,Third,13.1 ,1997,141.1,5.00,3910.00
2019.00,13747.00,Petrol,Automatic,First,14.67 ,1798,177.46,5.00,27300.00
2009.00,620000.00,Petrol,Manual,First,20.36 ,1197,78.9,5.00,2700.00
2013.00,70000.00,Diesel,Manual,First,22.9 ,1248,74,5.00,3500.00
2016.00,18000.00,Petrol,Automatic,First,18.5 ,1197,83.14,5.00,6200.00
2011.00,83000.00,Diesel,Manual,First,23.08 ,1461,63.1,5.00,2750.00
2015.00,130000.00,Diesel,Manual,First,23.4 ,1248,74,5.00,3250.00
2012.00,63400.00,Diesel,Manual,First,17.8 ,1399,67,5.00,3250.00
2003.00,65000.00,Petrol,Manual,First,17.3 ,993,60,5.00,650.00
2017.00,8350.00,Petrol,Manual,First,13.8 ,1998,192,5.00,35000.00
2014.00,45000.00,Diesel,Manual,First,23.59 ,1364,67.05,5.00,3250.00
2018.00,26200.00,Petrol,Manual,First,24.7 ,796,47.3,5.00,2900.00
2011.00,11000.00,Petrol,Manual,Third,18.9 ,796,47,5.00,2900.00
2009.00,90000.00,Diesel,Automatic,Second,11.0 ,2993,235,5.00,17750.00
2015.00,74000.00,Petrol,Automatic,Second,11.07 ,2496,179.5,5.00,8250.00
2015.00,37081.00,Petrol,Automatic,First,18.9 ,1197,82,5.00,5770.00
2017.00,39000.00,Diesel,Manual,First,24.3 ,1248,88.5,5.00,9490.00
2008.00,99000.00,Diesel,Automatic,Third,12.07 ,2967,241.4,7.00,12950.00
2015.00,38000.00,Diesel,Automatic,First,17.9 ,2143,136,5.00,20000.00
2007.00,72000.00,Petrol,Manual,Third,16.1 ,796,37,4.00,1000.00
2015.00,93000.00,Diesel,Manual,Second,20.45 ,1461,83.8,5.00,7100.00
2017.00,5900.00,Diesel,Manual,First,21.43 ,1364,87.2,5.00,16500.00
2014.00,25000.00,Diesel,Manual,First,15.8 ,2148,170,5.00,26000.00
2010.00,68000.00,Diesel,Manual,Second,21.1 ,1248,73.9,5.00,3200.00
2017.00,35676.00,Petrol,Automatic,First,16.0 ,1497,117.3,7.00,9480.00
2015.00,74310.00,Diesel,Manual,First,24.4 ,1120,71,5.00,4000.00
2014.00,59364.00,Diesel,Automatic,First,14.21 ,2143,203,5.00,26500.00
2014.00,41380.00,Petrol,Automatic,Second,14.8 ,1595,120.7,5.00,11770.00
2017.00,33900.00,Diesel,Automatic,First,15.0 ,2143,204,5.00,37000.00
2016.00,28000.00,Petrol,Manual,First,17.8 ,1497,117.3,5.00,8750.00
2007.00,50958.00,Petrol,Manual,First,17.0 ,1086,null,5.00,1950.00
2011.00,93982.00,Petrol,Manual,First,17.0 ,1497,118,5.00,3750.00
2010.00,95000.00,Petrol,Manual,First,16.2 ,1599,103.2,5.00,2500.00
2017.00,9000.00,Petrol,Automatic,First,13.5 ,1999,246.74,5.00,34500.00
2015.00,52516.00,Petrol,Manual,First,18.0 ,1198,86.7,5.00,4650.00
2015.00,20000.00,Petrol,Automatic,First,18.86 ,1598,122,4.00,32000.00
2017.00,56451.00,Diesel,Automatic,First,13.5 ,2987,282,5.00,62810.00
2014.00,37000.00,Petrol,Manual,First,21.1 ,814,55.2,5.00,3250.00
2014.00,17400.00,Petrol,Manual,First,20.51 ,998,67.04,5.00,3100.00
2011.00,90207.00,Diesel,Manual,First,21.1 ,1248,73.9,5.00,3910.00
2011.00,89616.00,Diesel,Automatic,First,16.07 ,1995,181,5.00,11000.00
2014.00,85000.00,Diesel,Manual,First,13.49 ,2179,138.03,5.00,3500.00
2014.00,79271.00,Diesel,Automatic,First,20.38 ,1968,143,5.00,16500.00
2012.00,56000.00,Diesel,Automatic,First,12.7 ,2179,187.7,5.00,30000.00
2010.00,85001.00,Diesel,Automatic,Second,12.0 ,2987,224,7.00,28000.00
2018.00,12000.00,Diesel,Automatic,First,13.5 ,2477,175.56,7.00,28000.00
2010.00,125000.00,Petrol,Manual,First,19.7 ,796,46.3,5.00,920.00
2013.00,53000.00,Petrol,Manual,First,14.0 ,1061,64,5.00,2750.00
2017.00,34990.00,Diesel,Automatic,First,12.7 ,2179,187.7,5.00,53830.00
2011.00,49768.00,Petrol,Manual,Second,17.01 ,1591,121.3,5.00,4950.00
2013.00,56000.00,Diesel,Automatic,First,16.73 ,2993,218,5.00,33500.00
2013.00,75000.00,Diesel,Automatic,First,14.74 ,2993,270.9,5.00,27950.00
2010.00,57000.00,Petrol,Automatic,First,13.7 ,1798,157.75,5.00,7250.00
2017.00,37542.00,Diesel,Automatic,First,15.73 ,1968,174.33,5.00,25710.00
2014.00,95649.00,Diesel,Automatic,First,12.7 ,2179,187.7,5.00,29670.00
2013.00,35299.00,Diesel,Automatic,First,14.84 ,2143,170,5.00,19000.00
2017.00,28464.00,Diesel,Manual,First,15.4 ,2179,120,7.00,13050.00
2015.00,41000.00,Diesel,Automatic,First,21.76 ,1995,190,5.00,25500.00
2017.00,9000.00,Petrol,Manual,First,15.4 ,1497,117.3,7.00,8500.00
2010.00,92098.00,Diesel,Automatic,Second,16.0 ,2400,215,5.00,7250.00
2005.00,5834.00,Petrol,Manual,First,13.2 ,1495,94,5.00,800.00
2017.00,40250.00,Petrol,Manual,First,17.19 ,1197,81.86,5.00,6900.00
2018.00,22397.00,Petrol,Automatic,First,11.5 ,2996,367,5.00,70990.00
2015.00,20800.00,Petrol,Manual,Second,21.1 ,814,55.2,5.00,2250.00
2018.00,40322.00,Petrol,Manual,First,18.9 ,1197,81.86,5.00,5500.00
2013.00,52576.00,Petrol,Manual,First,13.0 ,1493,100,5.00,4350.00
2010.00,55000.00,Petrol,Manual,First,16.47 ,1198,73.9,5.00,2250.00
2016.00,47000.00,Petrol,Automatic,First,15.26 ,1798,187.74,5.00,24500.00
2010.00,42021.00,Diesel,Manual,First,0.0 ,1968,null,5.00,5450.00
2017.00,23163.00,Petrol,Manual,First,15.29 ,1591,121.3,5.00,12030.00
2011.00,50000.00,Petrol,Automatic,Second,11.74 ,1796,186,5.00,8500.00
2014.00,11900.00,Petrol,Automatic,First,16.82 ,1998,189.08,4.00,28500.00
2006.00,108000.00,Petrol,Manual,Second,17.0 ,1086,null,5.00,1200.00
2013.00,37000.00,Diesel,Manual,First,23.59 ,1364,67.04,5.00,5750.00
2014.00,30000.00,Petrol,Manual,Second,19.4 ,1198,86.8,5.00,3200.00
2018.00,12831.00,Petrol,Automatic,First,21.4 ,1197,83.1,5.00,9890.00
2012.00,143017.00,Diesel,Automatic,First,20.0 ,1968,138.1,5.00,6580.00
2018.00,13102.00,Petrol,Manual,First,21.1 ,814,55.2,5.00,4060.00
2019.00,24950.00,Diesel,Manual,First,20.37 ,1461,108.45,5.00,13370.00
2011.00,57832.00,Diesel,Automatic,First,16.2 ,2993,258,5.00,25820.00
2016.00,34267.00,Petrol,Manual,First,22.74 ,796,47.3,5.00,3740.00
2015.00,33000.00,Diesel,Automatic,Second,16.8 ,1984,150,5.00,22000.00
2007.00,55100.00,Petrol,Manual,First,18.9 ,998,67.1,5.00,1450.00
2008.00,40000.00,Petrol,Manual,First,17.7 ,1497,78,5.00,2000.00
2017.00,31841.00,CNG,Manual,First,15.1,1196,73,5.00,4700.00
2014.00,15000.00,Petrol,Manual,First,13.7 ,1399,98.79,8.00,3750.00
2016.00,82756.00,Diesel,Manual,First,15.96 ,2523,62.1,7.00,7700.00
2012.00,50243.00,Petrol,Manual,First,0.0 ,1086,null,5.00,3350.00
2014.00,20600.00,Petrol,Manual,First,21.1 ,814,55.2,5.00,2600.00
2017.00,29952.00,Petrol,Automatic,First,13.0 ,1591,121.3,5.00,13770.00
2017.00,15000.00,Petrol,Manual,Second,16.09 ,1598,103.5,5.00,7100.00
2008.00,61938.00,Petrol,Automatic,Second,12.9 ,1799,130,5.00,2650.00
2014.00,67000.00,Diesel,Manual,First,22.3 ,1248,74,5.00,2500.00
2013.00,61672.00,Diesel,Manual,First,16.0 ,2179,140,7.00,7530.00
2017.00,26185.00,Petrol,Manual,First,18.6 ,1197,81.83,5.00,7980.00
2014.00,38000.00,Diesel,Automatic,Second,14.16 ,1968,174.3,5.00,39000.00
2011.00,67000.00,Petrol,Manual,Second,18.5 ,1197,85.80,5.00,2250.00
2010.00,66000.00,Petrol,Manual,Second,13.17 ,1999,114,5.00,3850.00
2015.00,80883.00,Diesel,Manual,First,12.8 ,2494,102,7.00,13500.00
2016.00,80219.00,Diesel,Manual,First,27.62 ,793,47,5.00,3500.00
2018.00,12923.00,Diesel,Manual,First,25.1 ,1248,88.5,5.00,8920.00
2016.00,86642.00,Diesel,Automatic,First,15.17 ,1968,181,5.00,20370.00
2016.00,19235.00,Diesel,Automatic,First,21.76 ,1995,190,5.00,36500.00
2016.00,51002.00,Diesel,Automatic,First,11.33 ,4134,335.2,7.00,48910.00
2016.00,6800.00,Petrol,Manual,First,18.6 ,1197,81.83,5.00,7200.00
2012.00,82749.00,Diesel,Manual,First,19.01 ,1461,108.45,5.00,5990.00
2016.00,51000.00,Diesel,Manual,First,24.4 ,1120,71,5.00,5250.00
2014.00,31465.00,Diesel,Manual,First,22.7 ,1498,89.84,5.00,6500.00
2013.00,76476.00,Petrol,Manual,First,16.47 ,1198,73.9,5.00,4400.00
2017.00,14000.00,Diesel,Manual,First,24.0 ,1120,70,5.00,4600.00
2013.00,47000.00,Diesel,Manual,First,21.12 ,1248,88.8,5.00,2950.00
2011.00,48466.00,Petrol,Manual,First,17.0 ,1497,118,5.00,3260.00
2008.00,46000.00,Petrol,Manual,Second,17.92 ,1086,62.1,5.00,2220.00
2012.00,162663.00,Diesel,Manual,First,12.99 ,2494,100,7.00,10500.00
2017.00,25142.00,Diesel,Manual,First,28.09 ,1248,88.5,5.00,8260.00
2013.00,69000.00,Diesel,Manual,First,12.55 ,2982,169,7.00,14450.00
2009.00,80524.00,Petrol,Manual,Second,15.3 ,1596,null,5.00,2500.00
2018.00,26405.00,Petrol,Automatic,First,12.6 ,1950,191.34,5.00,51430.00
2014.00,45000.00,Diesel,Manual,First,15.8 ,2148,170,5.00,23000.00
2012.00,64284.00,Diesel,Manual,First,17.72 ,1968,108.49,5.00,5500.00
2015.00,27000.00,Petrol,Manual,First,18.9 ,1197,82,5.00,4500.00
2018.00,3678.00,Petrol,Manual,First,18.16 ,1196,86.8,5.00,6800.00
2013.00,21000.00,Petrol,Manual,First,16.8 ,1395,138.02,5.00,8750.00
2015.00,67000.00,Diesel,Manual,Second,19.87 ,1461,83.8,5.00,7000.00
2015.00,24000.00,Diesel,Automatic,Second,15.68 ,1999,177,5.00,33500.00
2011.00,75000.00,Diesel,Manual,Second,20.0 ,1399,68,5.00,2250.00
2008.00,179000.00,Diesel,Automatic,Second,12.8 ,2953,156,7.00,4240.00
2017.00,47198.00,Diesel,Manual,First,12.55 ,2982,168.5,7.00,28420.00
2012.00,52000.00,Diesel,Manual,First,22.07 ,1199,73.9,5.00,2750.00
2011.00,91000.00,Diesel,Manual,First,23.2 ,1248,73.94,5.00,3000.00
2013.00,60000.00,Diesel,Manual,First,23.08 ,1461,63.1,5.00,3550.00
2013.00,37873.00,Diesel,Manual,First,22.32 ,1582,126.32,5.00,4800.00
2011.00,31000.00,Petrol,Automatic,First,10.8 ,2497,150,5.00,13500.00
2017.00,129000.00,Diesel,Automatic,First,11.0 ,2987,258,7.00,56000.00
2004.00,78000.00,Petrol,Automatic,First,12.0 ,2354,187.4,5.00,3990.00
2016.00,32000.00,Diesel,Automatic,First,17.01 ,1582,126.2,5.00,15500.00
2010.00,59000.00,Petrol,Manual,Second,19.81 ,1086,68.05,5.00,2320.00
2016.00,35437.00,Diesel,Automatic,First,20.0 ,2143,136,5.00,18580.00
2014.00,98000.00,Petrol,Manual,First,16.02 ,1373,93.7,7.00,5500.00
2006.00,72000.00,Diesel,Manual,Second,18.7 ,1896,66,5.00,3200.00
2015.00,79000.00,Petrol,Manual,First,18.0 ,1198,86.7,5.00,4000.00
2004.00,29000.00,Petrol,Manual,First,17.3 ,993,60,5.00,1600.00
2013.00,66012.00,Petrol,Manual,First,15.5 ,1586,103.3,5.00,4150.00
2014.00,35000.00,Petrol,Automatic,First,16.5 ,1198,86.8,5.00,4250.00
2011.00,75000.00,Petrol,Manual,First,18.9 ,998,67.1,5.00,2600.00
2008.00,80000.00,Petrol,Automatic,Second,12.1 ,2362,164.7,5.00,3430.00
2012.00,32717.00,Petrol,Manual,First,18.6 ,1199,79.4,5.00,2550.00
2017.00,25000.00,Diesel,Automatic,First,12.55 ,2982,168.5,7.00,32000.00
2014.00,79000.00,Diesel,Manual,First,22.7 ,1498,89.84,5.00,6250.00
2010.00,86000.00,Diesel,Manual,Second,17.8 ,1248,75,5.00,3600.00
2010.00,137000.00,Diesel,Automatic,First,13.5 ,2987,282,5.00,18500.00
2015.00,25000.00,Petrol,Manual,Second,17.3 ,1497,117.3,7.00,4250.00
2017.00,8500.00,Petrol,Manual,Second,18.9 ,1197,82,5.00,4800.00
2015.00,34000.00,Diesel,Automatic,First,16.0 ,2179,140,7.00,13000.00
2012.00,41629.00,Petrol,Manual,Second,14.83 ,1598,105,5.00,2250.00
2009.00,80227.00,Petrol,Manual,First,17.92 ,1086,62.1,5.00,2300.00
2019.00,8587.00,Petrol,Manual,First,15.29 ,1591,121.3,5.00,13560.00
2017.00,30000.00,Diesel,Manual,First,15.4 ,1997,120,7.00,12250.00
2013.00,64186.00,Diesel,Manual,First,20.5 ,1598,103.5,5.00,3760.00
2015.00,76427.00,Diesel,Manual,First,19.01 ,1461,108.45,5.00,8580.00
2011.00,75000.00,Diesel,Automatic,First,11.7 ,2993,245,5.00,27500.00
2013.00,27075.00,Petrol,Manual,First,17.6 ,1496,88.73,5.00,4950.00
2012.00,30000.00,Petrol,Manual,First,22.5 ,998,67.04,5.00,3300.00
2016.00,69434.00,Petrol,Manual,First,15.8 ,1591,121.3,5.00,8000.00
2014.00,56000.00,Petrol,Manual,First,23.1 ,998,67.04,5.00,2790.00
2017.00,49275.00,Diesel,Automatic,First,12.7 ,2179,187.7,5.00,45640.00
2014.00,8700.00,Petrol,Manual,First,18.6 ,1199,76.8,5.00,2550.00
2014.00,18000.00,Petrol,Manual,Second,25.4 ,624,37.5,4.00,1000.00
2017.00,41041.00,Diesel,Automatic,First,17.68 ,1968,174.33,5.00,37560.00
2009.00,80464.00,Diesel,Automatic,Second,11.0 ,2987,198.5,5.00,9290.00
2019.00,20667.00,Petrol,Manual,First,22.0 ,1197,81.80,5.00,6370.00
2013.00,60283.00,Petrol,Manual,First,14.6 ,1368,112,5.00,2980.00
2017.00,31696.00,Petrol,Manual,First,20.4 ,1197,81.80,5.00,5750.00
2010.00,100000.00,Diesel,Manual,First,11.5 ,2982,171,7.00,13000.00
2014.00,13361.00,Petrol,Manual,First,16.02 ,1373,93.7,7.00,6800.00
2010.00,48394.00,Petrol,Automatic,First,12.05 ,1995,154,5.00,10490.00
2014.00,47399.00,Petrol,Manual,First,16.02 ,1373,93.7,7.00,5600.00
2010.00,69000.00,Petrol,Automatic,Second,16.8 ,1497,118,5.00,2850.00
2013.00,65278.00,Diesel,Manual,First,14.66 ,2199,194.3,7.00,8360.00
2005.00,108000.00,Diesel,Manual,First,17.0 ,1405,70,5.00,1000.00
2010.00,50645.00,Petrol,Automatic,Second,10.93 ,2497,204,5.00,10750.00
2011.00,130002.00,Diesel,Manual,First,19.3 ,1248,73.9,5.00,3850.00
2012.00,107000.00,Diesel,Manual,First,17.8 ,1399,67,5.00,3000.00
2015.00,41950.00,Petrol,Automatic,First,18.0 ,1497,117.3,5.00,9600.00
2012.00,109000.00,Diesel,Manual,First,13.0 ,2982,168.5,7.00,13250.00
2016.00,9000.00,Petrol,Manual,First,18.0 ,1198,86.7,5.00,5750.00
2014.00,43900.00,Diesel,Manual,First,22.54 ,1396,88.73,5.00,6750.00
2013.00,64000.00,Diesel,Manual,Second,18.2 ,1248,73.8,7.00,4850.00
2019.00,13190.00,Petrol,Automatic,First,0.0 ,1950,181.43,5.00,38990.00
2009.00,77652.00,Petrol,Automatic,First,12.6 ,1586,103.2,5.00,2850.00
2012.00,55000.00,Diesel,Manual,First,12.99 ,2494,100,7.00,9510.00
2012.00,59900.00,Diesel,Automatic,Second,18.48 ,1995,177,5.00,18500.00
2015.00,73539.00,Diesel,Manual,First,19.01 ,1461,108.45,5.00,6750.00
2017.00,31645.00,Diesel,Automatic,First,20.68 ,1995,190,5.00,29400.00
2009.00,69690.00,Petrol,Manual,First,17.7 ,1497,78,5.00,3290.00
2016.00,41000.00,Diesel,Manual,First,28.09 ,1248,88.5,5.00,9500.00
2010.00,109200.00,Petrol,Manual,Second,17.5 ,1298,85.8,5.00,2200.00
2012.00,80000.00,Diesel,Manual,First,15.1 ,2179,140,7.00,6500.00
2007.00,51000.00,Petrol,Manual,First,13.5 ,1799,130,5.00,4900.00
2013.00,105000.00,Diesel,Manual,Second,25.47 ,1248,88.50,7.00,6750.00
2013.00,179000.00,Diesel,Manual,First,23.59 ,1364,67.04,5.00,3800.00
2013.00,12100.00,Petrol,Automatic,First,9.9 ,1984,207.8,2.00,29500.00
2017.00,31000.00,Diesel,Manual,First,21.13 ,1498,108.4,5.00,10500.00
2015.00,50000.00,Diesel,Manual,First,20.14 ,1498,88.8,5.00,6200.00
2009.00,48000.00,Diesel,Automatic,First,17.0 ,1896,105,5.00,5000.00
2007.00,35000.00,Diesel,Manual,First,19.2 ,1461,65,5.00,2300.00
2016.00,100200.00,Diesel,Automatic,First,11.36 ,2755,171.5,7.00,17000.00
2014.00,47000.00,Diesel,Automatic,First,18.88 ,1995,184,5.00,25500.00
2015.00,63642.00,Diesel,Manual,First,27.3 ,1498,98.6,5.00,5650.00
2015.00,62550.00,Diesel,Manual,First,25.8 ,1498,98.6,5.00,5600.00
2015.00,37340.00,Diesel,Automatic,First,16.36 ,2179,187.7,5.00,29980.00
2016.00,38461.00,Diesel,Manual,First,26.59 ,1248,74,5.00,7390.00
2018.00,29000.00,Diesel,Manual,First,17.1 ,1956,170,5.00,19000.00
2010.00,31000.00,Petrol,Manual,First,12.5 ,1794,132,5.00,5000.00
2011.00,42086.00,Petrol,Manual,First,17.0 ,1497,118,5.00,3350.00
2013.00,49000.00,Petrol,Manual,First,18.6 ,1197,85.8,5.00,4450.00
2019.00,77240.00,Diesel,Automatic,First,22.32 ,1582,126.32,5.00,8310.00
2012.00,105000.00,Diesel,Manual,Second,15.96 ,2523,62.1,7.00,6000.00
2014.00,35000.00,Diesel,Manual,First,22.9 ,1248,74,5.00,5250.00
2006.00,83072.00,Petrol,Manual,First,17.0 ,1086,null,5.00,1400.00
2012.00,202082.00,Diesel,Automatic,First,17.68 ,1968,174.33,5.00,12300.00
2004.00,129000.00,Petrol,Manual,Third,13.8 ,1299,70,5.00,1500.00
2018.00,33558.00,Diesel,Manual,First,20.14 ,1498,88,5.00,8120.00
2012.00,60271.00,Diesel,Manual,First,13.6 ,2523,63,7.00,6120.00
2017.00,45366.00,Diesel,Manual,First,25.1 ,1498,98.6,5.00,10880.00
2014.00,9500.00,Petrol,Manual,First,18.2 ,1199,82.5,5.00,3500.00
2016.00,42362.00,Petrol,Manual,First,18.6 ,1197,81.83,5.00,6150.00
2016.00,21000.00,Diesel,Automatic,First,17.05 ,1995,184,5.00,33000.00
2012.00,15200.00,Diesel,Automatic,First,15.06 ,1995,177,5.00,13500.00
2015.00,43690.00,Diesel,Automatic,First,12.55 ,2982,168.5,7.00,17110.00
2014.00,79926.00,Diesel,Automatic,First,11.33 ,4134,335.2,7.00,29770.00
2013.00,53073.00,Diesel,Manual,First,20.77 ,1248,88.76,7.00,5950.00
2015.00,59000.00,Petrol,Manual,First,18.5 ,1197,80,5.00,5750.00
2006.00,47088.00,Petrol,Automatic,Second,10.13 ,3498,364.9,5.00,19000.00
2014.00,55000.00,Diesel,Manual,First,20.45 ,1461,83.8,5.00,4750.00
2013.00,80430.00,Diesel,Manual,Second,17.21 ,1493,100,7.00,3300.00
2013.00,71932.00,Diesel,Automatic,First,12.55 ,2982,168.5,7.00,16500.00
2014.00,19000.00,Diesel,Automatic,First,15.97 ,2993,258,7.00,44000.00
2011.00,81759.00,Diesel,Manual,First,19.3 ,1248,73.9,5.00,4390.00
2018.00,52010.00,Diesel,Manual,First,25.2 ,1248,74,5.00,6200.00
2016.00,58953.00,Petrol,Automatic,First,13.53 ,1984,177.01,5.00,24220.00
2008.00,93000.00,Diesel,Manual,Third,10.5 ,2835,107.2,6.00,5450.00
2016.00,10000.00,Diesel,Automatic,First,16.36 ,2179,187.7,5.00,44000.00
2019.00,40674.00,Diesel,Automatic,First,11.36 ,2755,171.5,7.00,24820.00
2015.00,50000.00,Diesel,Automatic,First,19.3 ,1968,141,5.00,11690.00
2018.00,1331.00,Petrol,Automatic,First,14.28 ,1798,138.03,5.00,20000.00
2010.00,60000.00,Petrol,Manual,First,19.7 ,796,35,8.00,1450.00
2018.00,10003.00,Diesel,Automatic,First,17.9 ,2143,170,5.00,48500.00
2016.00,25000.00,Diesel,Automatic,First,21.5 ,1498,108.5,5.00,9450.00
2015.00,73000.00,Diesel,Manual,First,16.0 ,2179,140,7.00,12500.00
2014.00,59962.00,Diesel,Manual,First,20.45 ,1461,83.8,5.00,6900.00
2012.00,72000.00,Diesel,Manual,Second,22.32 ,1582,126.32,5.00,5800.00
2016.00,20967.00,Diesel,Automatic,First,14.69 ,2993,258,5.00,44560.00
2015.00,35000.00,Diesel,Manual,Second,15.4 ,2179,120,7.00,8500.00
2017.00,38056.00,Diesel,Manual,First,23.9 ,1582,126.2,5.00,10700.00
2009.00,94000.00,Diesel,Automatic,Second,12.07 ,2967,241.4,7.00,12000.00
2010.00,64236.00,Petrol,Manual,First,14.7 ,1150,76,5.00,2440.00
2000.00,124000.00,Diesel,Manual,First,13.6 ,2523,63,7.00,1950.00
2014.00,7400.00,Petrol,Manual,First,19.1 ,1197,82,5.00,4350.00
2017.00,52000.00,Diesel,Manual,First,13.68 ,2393,147.8,8.00,17500.00
2015.00,68764.00,Petrol,Manual,First,21.1 ,814,55.2,5.00,2900.00
2013.00,64000.00,Diesel,Manual,First,22.07 ,1199,73.9,5.00,2900.00
2016.00,21558.00,Diesel,Manual,First,24.3 ,1248,88.5,5.00,8900.00
2013.00,37500.00,Diesel,Automatic,First,18.88 ,1995,184,5.00,16750.00
2016.00,14077.00,Petrol,Manual,First,21.1 ,814,55.2,5.00,3950.00
2009.00,70000.00,Petrol,Manual,First,17.0 ,1497,118,5.00,2100.00
2011.00,54316.00,Petrol,Manual,Second,12.8 ,2354,177.6,5.00,4290.00
2009.00,90764.00,Diesel,Manual,First,14.0 ,2498,112,8.00,3850.00
2009.00,137000.00,Diesel,Automatic,Second,13.2 ,1995,170,5.00,9000.00
2013.00,127000.00,Petrol,Manual,Second,16.8 ,1497,116.3,5.00,4500.00
2016.00,51884.00,Diesel,Manual,First,16.0 ,2179,140,7.00,12460.00
2014.00,67407.00,Diesel,Manual,First,21.27 ,1396,88.76,5.00,4650.00
2014.00,107825.00,Diesel,Manual,First,13.0 ,2982,168.5,7.00,20500.00
2006.00,82453.00,Diesel,Manual,First,13.6 ,2523,63,8.00,2900.00
2007.00,30441.00,Petrol,Manual,First,15.9 ,1298,85,5.00,1450.00
2002.00,70000.00,Petrol,Manual,Third,0.0 ,1086,null,5.00,650.00
2016.00,11000.00,Diesel,Automatic,First,20.7 ,1496,113.98,5.00,29500.00
2015.00,61000.00,Diesel,Automatic,First,15.73 ,1968,174.33,5.00,25000.00
2013.00,48454.00,Petrol,Manual,Second,17.0 ,1197,80,5.00,3500.00
2017.00,37000.00,Diesel,Manual,First,14.1 ,2179,154,7.00,11250.00
2017.00,32249.00,Diesel,Manual,First,21.9 ,1498,98.6,7.00,10790.00
2013.00,58000.00,Diesel,Manual,First,19.33 ,1968,138.03,5.00,5900.00
2017.00,28360.00,Petrol,Manual,First,19.1 ,1197,81.86,5.00,5120.00
2017.00,7000.00,Petrol,Manual,First,20.89 ,1197,81.80,5.00,5700.00
2016.00,19658.00,Diesel,Automatic,First,18.12 ,1995,190,5.00,35840.00
2007.00,92000.00,Petrol,Manual,First,13.8 ,1299,70,5.00,1250.00
2013.00,25000.00,Petrol,Manual,First,20.36 ,1197,78.9,5.00,2650.00
2016.00,37882.00,Diesel,Manual,First,22.32 ,1582,126.3,5.00,9190.00
2014.00,69330.00,Diesel,Automatic,First,16.07 ,1995,181,5.00,23500.00
2011.00,61000.00,Petrol,Automatic,First,12.3 ,1796,185,5.00,12500.00
2010.00,35000.00,Petrol,Manual,Second,18.6 ,1199,79.4,5.00,1500.00
2004.00,200000.00,Petrol,Manual,First,0.0 ,1086,null,5.00,800.00
2009.00,82000.00,Diesel,Manual,Second,13.5 ,1405,null,5.00,750.00
2012.00,72450.00,Diesel,Manual,First,15.1 ,2179,140,7.00,8100.00
2017.00,36381.00,Diesel,Manual,First,28.09 ,1248,88.5,5.00,9750.00
2017.00,25559.00,Diesel,Automatic,First,19.71 ,2143,201.15,5.00,37930.00
2005.00,100000.00,Petrol,Automatic,Third,16.4 ,1497,78,5.00,1960.00
2015.00,94000.00,Diesel,Automatic,First,11.5 ,2982,169,7.00,20500.00
2011.00,64357.00,Petrol,Manual,First,24.07 ,998,67.1,5.00,2750.00
2017.00,10501.00,Petrol,Automatic,First,9.43 ,1999,237.4,5.00,75000.00
2009.00,47000.00,Diesel,Manual,First,21.9 ,1396,90,5.00,2800.00
2017.00,18000.00,Petrol,Automatic,First,16.0 ,1497,117.3,7.00,9250.00
2007.00,89000.00,Petrol,Manual,First,13.4 ,1794,125,5.00,3000.00
2014.00,49964.00,Diesel,Automatic,First,17.68 ,1968,174.33,5.00,23890.00
2014.00,35000.00,Diesel,Manual,First,12.99 ,2494,100.6,7.00,12750.00
2014.00,64000.00,Diesel,Manual,First,24.0 ,1120,70,5.00,4150.00
2013.00,36000.00,Petrol,Automatic,First,14.8 ,1598,105,5.00,4650.00
2012.00,78600.00,Diesel,Manual,First,12.8 ,2494,102,7.00,8900.00
2008.00,170000.00,Diesel,Manual,Second,16.8 ,1493,110,5.00,1500.00
2015.00,65000.00,Diesel,Manual,Second,23.2 ,1248,73.94,5.00,3270.00
2008.00,120300.00,Diesel,Automatic,Second,12.07 ,2967,241.4,7.00,18000.00
2016.00,21000.00,Petrol,Manual,First,18.6 ,1197,81.83,5.00,6300.00
2017.00,18108.00,Diesel,Manual,First,24.3 ,1248,88.5,5.00,11310.00
2014.00,58407.00,Petrol,Manual,First,17.4 ,1497,117.3,5.00,6160.00
2014.00,49500.00,Petrol,Manual,First,20.73 ,1373,91.1,5.00,6000.00
2013.00,37199.00,Petrol,Automatic,First,17.5 ,1498,99.6,5.00,5430.00
2012.00,62000.00,Diesel,Manual,First,22.07 ,1199,73.9,5.00,4650.00
2015.00,59000.00,Diesel,Manual,First,20.77 ,1248,88.8,7.00,7500.00
2015.00,60000.00,Diesel,Manual,First,26.59 ,1248,74,5.00,6250.00
2007.00,39037.00,Diesel,Automatic,First,14.84 ,2143,170,5.00,9250.00
2013.00,17003.00,Petrol,Manual,First,19.4 ,1198,86.8,5.00,3150.00
2008.00,80400.00,Petrol,Manual,First,16.0 ,1086,66.7,5.00,2300.00
2012.00,75200.00,Diesel,Manual,First,22.32 ,1582,126.32,5.00,5250.00
2017.00,41217.00,Diesel,Manual,First,28.09 ,1248,88.5,5.00,7400.00
2006.00,98293.00,Petrol,Manual,Second,13.8 ,1299,70,5.00,1550.00
2017.00,54000.00,Petrol,Manual,Second,16.2 ,1199,74,5.00,6000.00
2016.00,17377.00,Petrol,Manual,First,18.7 ,1199,88.7,5.00,5900.00
2013.00,33800.00,Diesel,Manual,Second,25.8 ,1498,98.6,5.00,4700.00
2015.00,86157.00,Diesel,Manual,First,22.54 ,1396,88.73,5.00,6500.00
2012.00,146824.00,Diesel,Manual,First,21.1 ,1248,73.9,5.00,3550.00
2014.00,55000.00,Petrol,Manual,First,16.8 ,1497,116.3,5.00,7100.00
2010.00,53293.00,Petrol,Manual,First,13.14 ,1798,160,5.00,6000.00
2017.00,38000.00,Diesel,Manual,First,24.3 ,1248,88.5,5.00,7990.00
2009.00,64000.00,Petrol,Manual,Second,17.0 ,1197,80,5.00,4100.00
2017.00,25058.00,Petrol,Automatic,First,24.07 ,998,67.1,5.00,3950.00
2016.00,36700.00,Petrol,Manual,First,21.1 ,814,55.2,5.00,4380.00
2011.00,35000.00,Petrol,Manual,First,20.36 ,1197,78.9,5.00,2750.00
2016.00,22732.00,Petrol,Automatic,First,18.1 ,3498,306,2.00,55540.00
2014.00,48000.00,Diesel,Automatic,First,18.53 ,1968,187.74,5.00,29000.00
2013.00,62084.00,Diesel,Manual,First,22.77 ,1498,98.59,5.00,6600.00
2012.00,39273.00,Diesel,Automatic,First,14.3 ,1968,140,5.00,6990.00
2017.00,64798.00,Diesel,Manual,First,13.68 ,2393,147.8,7.00,18750.00
2010.00,100002.00,Diesel,Manual,Third,20.0 ,1399,68,5.00,1280.00
2006.00,78000.00,Petrol,Manual,Third,14.49 ,1399,92.7,5.00,1200.00
2013.00,57717.00,Petrol,Manual,First,18.5 ,1197,85.80,5.00,4310.00
2011.00,109000.00,Diesel,Automatic,First,12.39 ,2179,147.51,5.00,16500.00
2017.00,74515.00,Petrol,Manual,First,18.9 ,1197,82,5.00,5640.00
2017.00,50484.00,Diesel,Automatic,First,10.91 ,3198,197.2,7.00,31120.00
2013.00,13452.00,Diesel,Automatic,First,12.8 ,1968,167.6,5.00,25460.00
2017.00,37688.00,Petrol,Manual,First,17.01 ,1591,121.3,5.00,7880.00
2017.00,34000.00,Diesel,Automatic,First,13.0 ,2143,204,5.00,36000.00
2014.00,120000.00,Diesel,Automatic,First,0.0 ,2987,165,5.00,30000.00
2008.00,64000.00,Petrol,Manual,Second,17.5 ,1298,85.8,5.00,2850.00
2011.00,100000.00,Petrol,Manual,First,13.0 ,1343,90,5.00,3500.00
2014.00,75000.00,Diesel,Manual,First,20.46 ,1461,83.8,5.00,7500.00
2012.00,86000.00,Diesel,Automatic,First,14.84 ,2143,170,5.00,19000.00
2015.00,69000.00,Diesel,Automatic,First,15.97 ,2993,258,5.00,54000.00
2015.00,41721.00,Petrol,Manual,First,19.1 ,1197,82,5.00,4700.00
2017.00,13000.00,Petrol,Automatic,First,22.0 ,1197,81.80,5.00,8500.00
2013.00,38998.00,Diesel,Automatic,First,16.07 ,1995,181,4.00,17000.00
2017.00,54250.00,Petrol,Manual,First,22.74 ,796,47.3,5.00,3510.00
2013.00,45979.00,Diesel,Automatic,Second,17.11 ,1968,174.33,5.00,19500.00
2012.00,37000.00,Petrol,Automatic,Second,13.6 ,1598,181,4.00,17000.00
2015.00,46983.00,Diesel,Automatic,Second,12.07 ,2967,241.4,7.00,43350.00
2012.00,40700.00,Diesel,Manual,First,25.44 ,936,57.6,5.00,2650.00
2015.00,43828.00,Petrol,Manual,First,20.51 ,998,67.04,5.00,3520.00
2016.00,53000.00,Diesel,Manual,First,19.01 ,1461,108.5,5.00,6250.00
2015.00,100000.00,Diesel,Automatic,First,18.88 ,1995,184,5.00,24750.00
2015.00,19000.00,Petrol,Manual,First,20.85 ,1197,83.14,5.00,5250.00
2016.00,84000.00,Diesel,Manual,First,17.72 ,1968,108.5,5.00,11000.00
2018.00,37630.00,Petrol,Automatic,First,15.63 ,1499,110.4,5.00,9100.00
2010.00,67714.00,Petrol,Manual,First,18.5 ,1197,80,5.00,3250.00
2017.00,32000.00,Diesel,Manual,First,15.0 ,1248,88.5,5.00,8500.00
2010.00,51000.00,Petrol,Manual,First,16.2 ,1599,103.2,5.00,3100.00
2015.00,58390.00,Diesel,Automatic,First,18.88 ,1995,184,5.00,19860.00
2017.00,14000.00,Diesel,Manual,First,24.0 ,1186,73.97,5.00,4900.00
2014.00,55818.00,Petrol,Manual,Second,17.4 ,1497,117.3,5.00,5700.00
2006.00,97800.00,Petrol,Manual,Third,16.1 ,,,,1750.00
2012.00,52241.00,Diesel,Manual,First,25.2 ,1248,74,5.00,2900.00
2018.00,25433.00,Diesel,Manual,First,27.39 ,1248,74,5.00,7830.00
2015.00,40611.00,Diesel,Manual,First,14.0 ,2179,138.1,7.00,8150.00
2008.00,72000.00,Petrol,Manual,Second,13.2 ,1495,94,5.00,2000.00
2016.00,54631.00,Diesel,Manual,First,25.2 ,1248,74,5.00,6250.00
2007.00,60000.00,Diesel,Manual,Second,17.8 ,1248,null,5.00,3400.00
2016.00,24941.00,Petrol,Automatic,First,21.9 ,624,37.48,4.00,3190.00
2017.00,63939.00,Diesel,Manual,First,25.47 ,1248,88.50,7.00,7750.00
2014.00,35214.00,Petrol,Automatic,Second,23.1 ,998,67.04,5.00,3200.00
2015.00,63000.00,Diesel,Manual,First,25.2 ,1248,74,5.00,4900.00
2012.00,121377.00,Petrol,Manual,First,15.04 ,1598,103.6,5.00,3800.00
2009.00,100970.00,Diesel,Automatic,First,15.5 ,1896,105,5.00,4000.00
2014.00,60000.00,Diesel,Automatic,Second,20.7 ,1496,113.98,5.00,23500.00
2008.00,77650.00,Diesel,Manual,First,17.2 ,1396,53.5,5.00,1150.00
2007.00,71297.00,Petrol,Manual,First,17.0 ,1086,null,5.00,2200.00
2008.00,55001.00,Diesel,Automatic,Second,0.0 ,,,,26500.00
2015.00,18955.00,Petrol,Automatic,First,18.0 ,1497,117.3,5.00,10650.00
2016.00,47877.00,Diesel,Automatic,First,16.36 ,2179,187.7,5.00,35680.00
2017.00,43368.00,Diesel,Automatic,First,15.0 ,2143,204,5.00,31940.00
2011.00,73000.00,Diesel,Manual,Third,18.3 ,1991,147.9,5.00,4200.00
2015.00,72007.00,Diesel,Manual,First,15.1 ,2179,140,7.00,9900.00
2014.00,56778.00,Petrol,Automatic,First,11.74 ,1796,186,5.00,15460.00
2018.00,20024.00,Petrol,Manual,First,18.2 ,1199,88.7,5.00,8460.00
2013.00,42103.00,Petrol,Manual,First,16.78 ,1496,88.73,5.00,3250.00
2012.00,67147.00,Petrol,Manual,First,19.7 ,796,46.3,5.00,2600.00
2016.00,37806.00,Petrol,Manual,First,20.4 ,1197,81.80,5.00,5200.00
2009.00,85000.00,Petrol,Manual,Third,19.0 ,998,66.1,5.00,1800.00
2011.00,35000.00,Petrol,Manual,First,25.4 ,624,37.48,4.00,1600.00
2015.00,72035.00,Diesel,Manual,First,25.5 ,1498,99,5.00,2500.00
2011.00,48500.00,Petrol,Manual,First,16.0 ,1368,90,5.00,2500.00
2017.00,28854.00,Petrol,Manual,First,18.16 ,1196,86.8,5.00,6700.00
2005.00,92450.00,Petrol,Manual,First,15.4 ,1590,94,5.00,1200.00
2016.00,14351.00,Diesel,Automatic,First,18.88 ,1995,184,5.00,35550.00
2017.00,51087.00,Diesel,Manual,First,17.9 ,1998,163.7,5.00,7750.00
2005.00,50000.00,Diesel,Manual,First,12.7 ,2609,116.6,8.00,1940.00
2016.00,73000.00,Diesel,Manual,First,25.0 ,1396,69,5.00,2200.00
2011.00,60000.00,Diesel,Automatic,First,18.1 ,1991,147.9,4.00,3800.00
2016.00,50000.00,Diesel,Manual,First,12.8 ,2494,102,8.00,15650.00
2018.00,36797.00,Diesel,Automatic,First,19.27 ,2143,167.62,5.00,39470.00
2011.00,50000.00,Petrol,Manual,Second,18.5 ,1197,85.80,5.00,1500.00
2013.00,94000.00,Diesel,Manual,First,12.8 ,2494,102,8.00,8850.00
2013.00,74000.00,Diesel,Manual,Second,12.55 ,2982,168.5,7.00,17900.00
2014.00,41016.00,Petrol,Automatic,Second,16.95 ,1197,78.9,5.00,5080.00
2012.00,67000.00,Diesel,Manual,First,22.32 ,1582,126.32,5.00,6250.00
2015.00,76927.00,Diesel,Automatic,First,15.73 ,1968,174.33,5.00,22750.00
2010.00,17088.00,Petrol,Manual,First,18.6 ,1199,79.4,5.00,1460.00
2007.00,112808.00,Diesel,Manual,Second,17.8 ,1399,68,5.00,2050.00
2014.00,74980.00,Diesel,Manual,First,20.0 ,1399,68,5.00,4080.00
2014.00,44600.00,Petrol,Automatic,First,23.1 ,998,67.04,5.00,4550.00
2013.00,37000.00,Diesel,Automatic,First,20.0 ,2143,107.3,5.00,14000.00
2016.00,21000.00,Petrol,Manual,First,15.8 ,1591,121.3,5.00,10900.00
2010.00,81245.00,Petrol,Manual,First,18.9 ,998,67.1,5.00,2450.00
2013.00,70000.00,Diesel,Automatic,First,10.0 ,2148,170,5.00,15800.00
2017.00,4018.00,Petrol,Manual,First,18.88 ,1499,110.4,5.00,8250.00
2013.00,70000.00,Diesel,Automatic,Second,13.73 ,1995,148,5.00,8500.00
2016.00,56532.00,Diesel,Manual,First,16.0 ,2179,140,7.00,15540.00
2013.00,26875.00,Petrol,Manual,First,16.8 ,796,34.2,8.00,2350.00
2015.00,72599.00,Petrol,Manual,First,22.5 ,998,67.04,5.00,4320.00
2008.00,205000.00,Diesel,Manual,Second,13.1 ,2499,141,7.00,3900.00
2011.00,98000.00,Diesel,Manual,Second,22.32 ,1582,126.32,5.00,5200.00
2018.00,19500.00,Petrol,Manual,First,18.6 ,1197,81.83,5.00,5850.00
2013.00,68000.00,Petrol,Manual,Second,16.02 ,1373,93.7,7.00,6250.00
2019.00,19654.00,Diesel,Automatic,First,14.0 ,2179,155,7.00,17630.00
2017.00,26000.00,Diesel,Manual,First,23.65 ,1248,88.5,5.00,9750.00
2015.00,10000.00,Petrol,Automatic,First,18.1 ,3498,306,2.00,55000.00
2011.00,75020.00,Diesel,Manual,First,22.07 ,1199,73.9,5.00,4100.00
2011.00,157000.00,Diesel,Manual,First,12.55 ,2982,168.5,7.00,11990.00
2017.00,43773.00,Diesel,Manual,First,16.0 ,2179,140,7.00,13540.00
2016.00,21000.00,Diesel,Automatic,First,17.9 ,2143,201.15,5.00,56000.00
2016.00,23280.00,Petrol,Manual,First,18.7 ,1199,88.7,5.00,6500.00
2013.00,88000.00,Diesel,Manual,First,23.4 ,1248,74,5.00,4750.00
2014.00,67000.00,Petrol,Manual,First,17.01 ,1591,121.3,5.00,5600.00
2017.00,59636.00,Diesel,Automatic,First,10.91 ,3198,197,7.00,29200.00
2018.00,11000.00,Petrol,Manual,First,18.6 ,1197,81.83,5.00,6350.00
2013.00,60669.00,Petrol,Manual,First,16.8 ,1497,116.3,5.00,4950.00
2018.00,12000.00,Diesel,Manual,First,27.4 ,1498,98.6,5.00,8500.00
2013.00,35000.00,Petrol,Manual,First,17.1 ,1591,121.3,5.00,4500.00
2015.00,65000.00,Diesel,Manual,First,24.2 ,1498,98.6,7.00,5500.00
2013.00,39929.00,Diesel,Manual,First,20.77 ,1248,88.8,7.00,6560.00
2014.00,49000.00,Petrol,Manual,First,24.07 ,998,67.1,5.00,2300.00
2004.00,77757.00,Diesel,Manual,Second,13.1 ,2446,75,10.00,3500.00
2016.00,21456.00,Petrol,Manual,First,20.36 ,1197,78.9,5.00,4550.00
2009.00,74000.00,Diesel,Automatic,Second,17.0 ,1896,105,5.00,7750.00
2015.00,37000.00,Petrol,Manual,Second,18.6 ,1197,81.83,5.00,5250.00
2013.00,108640.00,Diesel,Automatic,First,11.5 ,2993,235,5.00,23290.00
2016.00,38000.00,Diesel,Automatic,First,22.69 ,1995,190,5.00,23990.00
2010.00,80000.00,Petrol,Manual,First,14.49 ,1399,92.7,5.00,1790.00
2011.00,47000.00,Diesel,Automatic,Second,14.21 ,2143,203,5.00,13900.00
2013.00,31000.00,Diesel,Automatic,First,17.68 ,1968,174.33,5.00,18950.00
2014.00,40000.00,Petrol,Manual,First,20.51 ,998,67.04,5.00,2490.00
2016.00,4152.00,Petrol,Manual,First,25.17 ,799,53.3,5.00,3150.00
2017.00,51000.00,Diesel,Manual,First,21.66 ,1498,108.62,5.00,6450.00
2013.00,55000.00,Diesel,Manual,First,22.07 ,1199,73.9,5.00,4250.00
2014.00,58500.00,Petrol,Manual,First,22.74 ,796,47.3,5.00,2750.00
2017.00,58620.00,Petrol,Manual,First,18.6 ,1197,81.83,5.00,7140.00
2012.00,29605.00,Petrol,Manual,First,18.3 ,1197,null,5.00,2440.00
2012.00,71172.00,Petrol,Manual,Third,17.0 ,1197,80,5.00,3500.00
2017.00,12000.00,Diesel,Manual,First,22.54 ,1396,88.73,5.00,7300.00
2014.00,25000.00,Petrol,Manual,First,20.51 ,998,67.04,5.00,2750.00
2017.00,43000.00,Diesel,Manual,Second,22.54 ,1396,88.73,5.00,8200.00
2015.00,57022.00,Petrol,Automatic,First,17.21 ,1197,103.6,5.00,6510.00
2015.00,92000.00,Diesel,Manual,First,20.0 ,1399,68.05,5.00,4250.00
2014.00,33372.00,Petrol,Manual,Second,18.6 ,1197,85.8,5.00,6210.00
2016.00,52625.00,Diesel,Manual,First,24.0 ,1120,70,5.00,4580.00
2016.00,215000.00,Diesel,Manual,First,14.02 ,2179,118.3,7.00,7500.00
2012.00,65537.00,CNG,Manual,First,26.83,796,38.4,5.00,2100.00
2014.00,60138.00,Petrol,Manual,First,19.81 ,1086,68.05,5.00,4090.00
2014.00,84000.00,Diesel,Automatic,First,19.3 ,1968,141,5.00,10750.00
2014.00,47000.00,Diesel,Automatic,First,15.97 ,2993,258,7.00,41500.00
2014.00,33450.00,Petrol,Automatic,First,23.1 ,998,67.04,5.00,4400.00
2013.00,125000.00,Diesel,Manual,Second,20.54 ,1598,103.6,5.00,6250.00
2011.00,99606.00,Diesel,Automatic,Second,16.07 ,1995,181,5.00,10500.00
2014.00,64000.00,Diesel,Manual,First,20.77 ,1248,88.8,7.00,7250.00
2013.00,51000.00,Diesel,Manual,First,20.0 ,1399,68.05,5.00,3200.00
2014.00,57000.00,Petrol,Manual,First,16.47 ,1198,74,5.00,3950.00
2009.00,48040.00,Diesel,Automatic,Second,16.77 ,2967,241.38,5.00,12070.00
2017.00,43200.00,Diesel,Manual,First,13.68 ,2393,147.8,7.00,18600.00
2013.00,66000.00,Diesel,Automatic,First,22.32 ,1582,126.3,5.00,5700.00
2013.00,31000.00,Petrol,Manual,First,17.92 ,1086,62.1,5.00,1750.00
2011.00,46000.00,Diesel,Automatic,Second,16.55 ,1968,147.51,5.00,10990.00
2012.00,47346.00,Diesel,Automatic,First,16.55 ,1968,147.51,5.00,14500.00
2009.00,100000.00,Diesel,Manual,First,17.0 ,1896,105,5.00,3110.00
2015.00,63856.00,Petrol,Automatic,First,13.7 ,1997,153.86,5.00,13960.00
2015.00,72996.00,Diesel,Manual,First,22.32 ,1582,126.32,5.00,7110.00
2014.00,23000.00,Diesel,Manual,First,24.5 ,1498,98.6,7.00,6900.00
2018.00,15985.00,Petrol,Manual,First,18.6 ,1197,81.83,5.00,7770.00
2011.00,98000.00,Diesel,Manual,Second,12.8 ,2494,102,8.00,5500.00
2014.00,70089.00,Petrol,Manual,First,18.6 ,1197,81.83,5.00,5350.00
2011.00,99000.00,Diesel,Manual,Second,13.6 ,2523,63,7.00,4500.00
2014.00,72000.00,Diesel,Manual,First,20.34 ,1498,103.2,5.00,4750.00
2015.00,44194.00,Diesel,Automatic,First,16.36 ,2179,187.7,5.00,32800.00
2005.00,102000.00,Petrol,Manual,First,17.3 ,993,60,5.00,700.00
2018.00,56652.00,Diesel,Automatic,First,13.0 ,2987,258,5.00,50290.00
2010.00,41650.00,Diesel,Manual,Second,11.5 ,2982,171,7.00,10990.00
2015.00,61717.00,Petrol,Automatic,First,18.9 ,1197,82,5.00,5570.00
2018.00,25302.00,Diesel,Manual,First,25.4 ,1186,73.97,5.00,5900.00
2016.00,47016.00,Petrol,Manual,First,15.29 ,1591,121.3,5.00,9430.00
2010.00,69000.00,Petrol,Manual,First,20.36 ,1197,78.9,5.00,2900.00
2016.00,32700.00,Petrol,Manual,First,19.4 ,1198,86.8,5.00,3680.00
2015.00,101337.00,Diesel,Automatic,First,12.55 ,2982,168.5,7.00,21670.00
2011.00,59000.00,Diesel,Automatic,First,16.55 ,1968,140,5.00,12500.00
2018.00,41736.00,Diesel,Automatic,First,11.36 ,2755,171.5,7.00,19920.00
2014.00,71649.00,Diesel,Manual,First,25.1 ,1498,98.6,5.00,6750.00
2015.00,80606.00,Diesel,Manual,First,25.1 ,1498,98.6,5.00,6960.00
2017.00,63262.00,Petrol,Manual,First,21.7 ,999,67,5.00,3250.00
2018.00,5456.00,Diesel,Manual,First,28.4 ,1248,74,5.00,8650.00
2017.00,7500.00,Petrol,Automatic,First,23.1 ,998,67.04,5.00,5000.00
2011.00,66000.00,Diesel,Manual,First,15.1 ,2179,140,7.00,5500.00
2010.00,66770.00,Petrol,Manual,Second,20.36 ,1197,78.9,5.00,2600.00
2014.00,58472.00,Petrol,Manual,First,19.81 ,1086,68.05,5.00,3410.00
2011.00,46687.00,Petrol,Manual,First,22.0 ,1197,81.80,5.00,2700.00
2008.00,77000.00,Petrol,Automatic,Fourth & Above,9.7 ,1995,163.5,5.00,5500.00
2012.00,7000.00,Petrol,Automatic,First,14.33 ,1984,226.6,4.00,35000.00
2011.00,48000.00,Petrol,Automatic,Second,14.74 ,1991,184,5.00,9750.00
2013.00,47000.00,Diesel,Manual,First,21.64 ,1461,84.8,5.00,4250.00
2015.00,51530.00,Petrol,Manual,First,18.9 ,998,67.1,5.00,3200.00
2014.00,25789.00,Diesel,Manual,Second,23.4 ,1248,74,5.00,6850.00
2015.00,48000.00,Diesel,Manual,First,25.8 ,1498,98.6,5.00,4500.00
2012.00,52000.00,Diesel,Manual,First,28.4 ,1248,74,5.00,3550.00
2010.00,95637.00,CNG,Manual,Second,13.2,1495,93.7,5.00,1900.00
2008.00,131000.00,Diesel,Manual,First,10.5 ,2609,120,7.00,3600.00
2015.00,42076.00,Diesel,Automatic,First,13.0 ,2143,201.1,5.00,21800.00
2012.00,76000.00,Diesel,Manual,Second,13.0 ,2982,168.5,7.00,13500.00
2016.00,20487.00,Petrol,Manual,First,22.7 ,799,53.64,5.00,2660.00
2010.00,43000.00,Petrol,Manual,Second,16.8 ,1497,116.3,5.00,3750.00
2018.00,17000.00,Petrol,Automatic,First,19.16 ,2494,158.2,5.00,32000.00
2016.00,60805.00,Diesel,Manual,First,26.0 ,1498,98.6,5.00,8070.00
2012.00,58775.00,Diesel,Manual,First,19.33 ,1968,138.1,5.00,5640.00
2013.00,70181.00,Diesel,Automatic,First,17.68 ,1968,174.33,5.00,23990.00
2016.00,85827.00,Diesel,Manual,First,20.77 ,1248,88.76,7.00,7500.00
2016.00,58205.00,Diesel,Automatic,First,19.27 ,2143,167.62,5.00,27000.00
2008.00,91000.00,Diesel,Manual,Second,19.3 ,1248,73.9,5.00,2850.00
2012.00,74000.00,Diesel,Manual,First,19.01 ,1461,108.45,5.00,6350.00
2010.00,79324.00,Diesel,Manual,First,21.1 ,1248,73.9,5.00,3300.00
2013.00,38623.00,Petrol,Manual,First,19.1 ,1197,85.8,5.00,5000.00
2014.00,59923.00,Diesel,Manual,First,22.9 ,1248,74,5.00,6460.00
2017.00,23360.00,Petrol,Manual,First,21.1 ,814,55.2,5.00,3750.00
2003.00,61495.00,Petrol,Manual,Third,17.3 ,993,60,5.00,1520.00
2012.00,56661.00,Petrol,Manual,First,15.1 ,1196,73,7.00,3610.00
2017.00,40318.00,Diesel,Automatic,First,14.16 ,1968,174.3,5.00,43740.00
2014.00,60000.00,Diesel,Automatic,First,15.73 ,1968,174.33,5.00,20000.00
2008.00,103000.00,Diesel,Automatic,Second,0.0 ,799,null,2.00,3000.00
2010.00,130000.00,Diesel,Manual,First,19.3 ,1248,73.9,5.00,3650.00
2013.00,20000.00,Diesel,Manual,First,14.07 ,1978,83.1,10.00,5250.00
2016.00,76000.00,Diesel,Automatic,First,15.97 ,2993,258,7.00,58000.00
2015.00,30000.00,Petrol,Automatic,First,18.0 ,1497,117.3,5.00,8650.00
2015.00,150000.00,Diesel,Manual,First,25.0 ,1396,69.01,5.00,2500.00
2014.00,28000.00,Petrol,Automatic,First,16.93 ,1197,103.6,5.00,7750.00
2015.00,74000.00,Petrol,Manual,First,23.1 ,998,67.04,5.00,4150.00
2011.00,75000.00,Diesel,Manual,First,11.5 ,2982,171,7.00,10850.00
2010.00,76000.00,Petrol,Automatic,Second,11.3 ,2360,170,5.00,5530.00
2014.00,64889.00,Diesel,Automatic,First,15.5 ,1896,105,5.00,11500.00
2010.00,10000.00,Petrol,Manual,First,9.0 ,3436,null,2.00,40000.00
2015.00,43000.00,Diesel,Manual,First,19.67 ,1582,126.2,5.00,9250.00
2011.00,47490.00,Petrol,Manual,First,17.5 ,1198,75,5.00,2290.00
2015.00,80000.00,Diesel,Manual,First,22.77 ,1498,98.59,5.00,7000.00
2007.00,60000.00,Petrol,Manual,Second,18.2 ,1061,64,5.00,1650.00
2017.00,6006.00,Petrol,Manual,First,20.73 ,1373,91.1,5.00,8250.00
2011.00,71703.00,Petrol,Automatic,First,14.74 ,1991,181.03,5.00,9140.00
2016.00,33000.00,Petrol,Manual,First,17.8 ,1198,86.7,5.00,6500.00
2012.00,60000.00,Diesel,Manual,First,23.59 ,1364,null,5.00,2950.00
2015.00,91000.00,Diesel,Manual,First,19.87 ,1461,83.8,5.00,5750.00
2012.00,72000.00,LPG,Manual,First,26.2,998,58.2,5.00,2850.00
2011.00,43000.00,Petrol,Manual,Second,16.47 ,1198,73.9,5.00,2100.00
2017.00,63770.00,Diesel,Manual,First,19.67 ,1582,126.2,5.00,13550.00
2012.00,43510.00,Diesel,Automatic,First,14.74 ,2993,270.9,5.00,20500.00
2017.00,52000.00,Diesel,Manual,First,16.3 ,1956,170,5.00,20000.00
2018.00,31427.00,Diesel,Automatic,First,15.68 ,1999,177,5.00,59720.00
2016.00,29000.00,Diesel,Manual,First,27.39 ,1248,74,5.00,6500.00
2016.00,56000.00,Diesel,Manual,First,28.09 ,1248,88.5,5.00,7500.00
2007.00,76000.00,Petrol,Manual,Second,15.0 ,1586,104.68,5.00,2150.00
2015.00,53615.00,Diesel,Manual,First,22.7 ,1582,126.24,5.00,8440.00
2013.00,132000.00,Diesel,Manual,First,13.5 ,2477,175.56,7.00,12490.00
2017.00,14800.00,Petrol,Manual,First,17.0 ,1198,73.75,5.00,5480.00
2013.00,35433.00,Petrol,Manual,First,18.5 ,1197,85.80,5.00,4200.00
2013.00,82966.00,Diesel,Manual,First,16.8 ,1493,110,5.00,7200.00
2014.00,96000.00,Diesel,Manual,First,23.4 ,1248,74,5.00,4800.00
2017.00,39528.00,Diesel,Manual,First,25.32 ,1198,77,6.00,5830.00
2018.00,92056.00,Diesel,Manual,First,13.68 ,2393,147.8,7.00,18390.00
2016.00,14930.00,Petrol,Manual,First,21.4 ,1197,83.1,5.00,5850.00
2016.00,38000.00,Diesel,Manual,First,27.3 ,1498,98.6,5.00,6210.00
2013.00,71000.00,Petrol,Manual,First,17.0 ,1197,80,5.00,3650.00
2012.00,71000.00,Diesel,Manual,First,23.0 ,1396,90,5.00,3700.00
2015.00,50000.00,Diesel,Automatic,First,19.27 ,2143,167.62,5.00,30000.00
2016.00,48163.00,Petrol,Manual,First,19.1 ,1197,82,5.00,4850.00
2017.00,19168.00,Petrol,Automatic,First,18.9 ,1197,82,5.00,6930.00
2016.00,26000.00,Petrol,Manual,First,22.74 ,796,47.3,5.00,2600.00
2014.00,37400.00,Petrol,Manual,First,18.2 ,1199,82.5,5.00,1890.00
2018.00,8682.00,Diesel,Automatic,First,0.0 ,1950,194,5.00,39500.00
2012.00,95000.00,Petrol,Automatic,First,13.7 ,1798,157.75,5.00,10000.00
2009.00,34000.00,Diesel,Automatic,First,16.55 ,1968,147.51,5.00,9950.00
2014.00,95000.00,Diesel,Manual,Second,12.8 ,2494,102,8.00,9450.00
2017.00,13689.00,Diesel,Automatic,First,17.9 ,2143,136,5.00,28250.00
2008.00,84000.00,Petrol,Manual,Second,19.81 ,1086,68.05,5.00,1800.00
2008.00,47000.00,Petrol,Manual,Second,17.5 ,1298,85.8,5.00,1400.00
2015.00,60001.00,Diesel,Automatic,First,21.66 ,1498,103.52,5.00,7250.00
2012.00,96000.00,Diesel,Manual,First,21.1 ,1248,73.9,5.00,3600.00
2004.00,47300.00,Petrol,Manual,Second,14.4 ,1599,94,5.00,1200.00
2014.00,28246.00,Petrol,Manual,Second,17.8 ,1198,86.7,5.00,4940.00
2007.00,65000.00,Petrol,Manual,Second,18.9 ,998,67.1,5.00,1250.00
2013.00,68000.00,Diesel,Manual,Second,22.07 ,1199,73.9,5.00,4800.00
2019.00,11209.00,Diesel,Automatic,First,12.62 ,2198,158,7.00,31150.00
2011.00,41980.00,Petrol,Manual,Second,17.0 ,1197,80,5.00,3300.00
2012.00,65000.00,Diesel,Manual,First,25.44 ,936,57.6,5.00,2400.00
2010.00,38000.00,Petrol,Manual,First,14.8 ,1799,130.2,5.00,2000.00
2014.00,51000.00,Petrol,Manual,First,20.51 ,998,67.04,5.00,3100.00
2014.00,33855.00,Petrol,Manual,First,15.0 ,1598,103.6,5.00,5090.00
2006.00,146000.00,Petrol,Manual,Second,15.4 ,1590,94,5.00,1050.00
2015.00,47037.00,Diesel,Manual,Second,22.77 ,1498,98.59,5.00,7000.00
2010.00,58000.00,Petrol,Manual,Second,13.2 ,1495,94,5.00,2500.00
2012.00,61240.00,Diesel,Automatic,First,22.48 ,1995,190,5.00,17500.00
2011.00,91211.00,Petrol,Manual,First,20.92 ,998,67.1,5.00,2100.00
2013.00,84000.00,Diesel,Automatic,First,15.73 ,1968,174.33,5.00,17750.00
2008.00,64226.00,LPG,Manual,First,17.3,1061,57.5,5.00,1450.00
2005.00,67000.00,Petrol,Automatic,Second,11.3 ,1794,125,5.00,2450.00
2011.00,106976.00,Diesel,Automatic,First,13.5 ,2400,215,5.00,13800.00
2016.00,27210.00,Diesel,Manual,First,27.3 ,1498,98.6,5.00,5850.00
2017.00,26322.00,Diesel,Manual,First,28.09 ,1248,88.5,5.00,8900.00
2016.00,9107.00,Petrol,Manual,First,20.4 ,1197,81.80,5.00,5150.00
2015.00,63983.00,Diesel,Automatic,First,19.27 ,2143,170,5.00,16560.00
2010.00,134000.00,Petrol,Manual,Second,18.9 ,1061,67,5.00,1650.00
2015.00,11000.00,Petrol,Automatic,First,15.5 ,1595,120.7,5.00,16000.00
2008.00,93000.00,Petrol,Manual,First,0.0 ,1086,62,5.00,1450.00
2017.00,24852.00,Diesel,Automatic,First,26.59 ,1248,74,5.00,8080.00
2014.00,37632.00,Petrol,Automatic,First,18.9 ,1197,82,5.00,4500.00
2013.00,55000.00,Petrol,Manual,Second,16.95 ,1498,97.7,5.00,4300.00
2010.00,81448.00,Petrol,Manual,First,19.0 ,998,66.1,5.00,2600.00
2018.00,1900.00,Petrol,Manual,First,25.17 ,799,53.3,5.00,4450.00
2012.00,54957.00,Petrol,Automatic,First,17.1 ,1591,121.4,5.00,5370.00
2008.00,55000.00,Petrol,Manual,Second,18.9 ,1061,67,5.00,1750.00
2013.00,21983.00,Diesel,Automatic,First,18.88 ,1995,184,5.00,16500.00
2013.00,76000.00,Diesel,Automatic,First,18.48 ,1995,177,5.00,19000.00
2016.00,65000.00,Diesel,Manual,First,25.0 ,1396,69.01,5.00,2800.00
2015.00,26000.00,Diesel,Manual,First,22.54 ,1396,88.73,5.00,6200.00
2019.00,11571.00,Petrol,Manual,First,16.8 ,796,34.2,8.00,3800.00
2014.00,81000.00,Diesel,Manual,First,25.2 ,1248,74,5.00,6100.00
2019.00,23154.00,Diesel,Manual,First,23.0 ,1498,98.96,5.00,11650.00
2014.00,26856.00,Petrol,Automatic,First,16.5 ,1198,86.8,5.00,4150.00
2017.00,67489.00,Diesel,Manual,First,13.68 ,2393,147.8,7.00,16500.00
2008.00,176000.00,Diesel,Manual,Second,10.5 ,2179,120,8.00,4300.00
2010.00,18000.00,Petrol,Manual,First,18.5 ,1197,80,5.00,2250.00
2014.00,63003.00,Diesel,Manual,First,22.32 ,1582,126.32,5.00,6750.00
2014.00,80000.00,Diesel,Manual,First,15.1 ,2179,140,7.00,9400.00
2014.00,56658.00,Diesel,Manual,First,20.64 ,1498,108.5,5.00,5390.00
2019.00,18592.00,Diesel,Manual,First,26.59 ,1248,74,5.00,8510.00
2010.00,75695.00,Petrol,Manual,First,13.7 ,1368,88.8,5.00,1850.00
2012.00,82000.00,Diesel,Manual,Second,22.9 ,1248,74,5.00,2500.00
2013.00,60000.00,Diesel,Manual,First,22.07 ,1199,73.9,5.00,4750.00
2009.00,138000.00,Petrol,Manual,Second,17.0 ,1497,118,5.00,3500.00
2014.00,67000.00,Diesel,Manual,First,23.0 ,1396,90,5.00,5500.00
2012.00,42750.00,Petrol,Manual,First,17.0 ,1497,118,5.00,6330.00
2014.00,52398.00,Diesel,Manual,First,25.44 ,936,57.6,5.00,2470.00
2014.00,36657.00,Petrol,Manual,First,16.2 ,995,62.1,5.00,3300.00
2011.00,77000.00,Diesel,Manual,Second,11.57 ,2179,138.1,7.00,3500.00
2014.00,85000.00,Diesel,Automatic,First,11.3 ,2987,254.8,7.00,38750.00
2008.00,112500.00,Diesel,Automatic,First,11.5 ,2993,235,5.00,7990.00
2013.00,105072.00,Diesel,Manual,First,14.24 ,2755,174.5,7.00,13280.00
2012.00,80000.00,Petrol,Automatic,First,11.25 ,1995,150,5.00,9500.00
2019.00,3102.00,Diesel,Manual,First,20.37 ,1461,108.45,5.00,14010.00
2016.00,14656.00,Diesel,Manual,First,24.4 ,1120,71,5.00,6990.00
2010.00,105000.00,Diesel,Automatic,Second,13.2 ,1995,170,5.00,11000.00
2008.00,61000.00,Petrol,Automatic,Second,10.8 ,2497,215,5.00,11000.00
2010.00,85046.00,Petrol,Manual,Second,18.06 ,1198,75,5.00,2300.00
2014.00,48000.00,Diesel,Automatic,First,16.36 ,2179,187.7,5.00,26500.00
2011.00,55000.00,Diesel,Automatic,First,10.2 ,4367,308,7.00,67000.00
2017.00,4000.00,Petrol,Automatic,First,16.0 ,1368,160,5.00,17750.00
2010.00,94000.00,Petrol,Automatic,Second,10.1 ,2354,152,5.00,4800.00
2013.00,61110.00,Petrol,Manual,First,18.6 ,1197,85.8,5.00,4570.00
2016.00,80000.00,Diesel,Manual,First,24.4 ,1120,71,5.00,3500.00
2015.00,43190.00,Diesel,Manual,First,19.01 ,1461,108.5,5.00,7610.00
2015.00,45000.00,Diesel,Automatic,First,18.25 ,1968,187.74,5.00,25000.00
2016.00,44178.00,Petrol,Manual,First,18.9 ,1197,82,5.00,5880.00
2015.00,84415.00,Diesel,Manual,First,12.99 ,2494,100.6,8.00,13500.00
2015.00,35000.00,Petrol,Manual,First,18.5 ,1197,80,5.00,4600.00
2013.00,44000.00,Diesel,Manual,First,22.77 ,1498,98.59,5.00,4900.00
2012.00,67635.00,Petrol,Manual,First,17.0 ,1497,118,5.00,5250.00
2018.00,18385.00,Petrol,Automatic,First,14.8 ,1497,121.36,5.00,12410.00
2014.00,35000.00,Diesel,Manual,First,22.07 ,1199,73.9,5.00,3800.00
2010.00,49000.00,Diesel,Automatic,First,19.27 ,2143,170,5.00,8950.00
2013.00,69000.00,Diesel,Manual,First,22.7 ,1498,89.84,5.00,7200.00
2017.00,23228.00,Petrol,Manual,First,14.4 ,1396,65,5.00,4500.00
2014.00,68462.00,Diesel,Manual,First,26.59 ,1248,74,5.00,4150.00
2016.00,74611.00,Diesel,Manual,First,25.1 ,1248,88.5,5.00,7940.00
2014.00,90000.00,Diesel,Manual,First,19.01 ,1461,108.45,5.00,7250.00
2016.00,22000.00,Petrol,Manual,First,18.9 ,998,67.1,5.00,3700.00
2010.00,58163.00,Petrol,Manual,First,0.0 ,1086,62,5.00,2450.00
2011.00,109500.00,Diesel,Manual,Third,25.44 ,936,57.6,5.00,1500.00
2017.00,13363.00,Diesel,Manual,First,16.0 ,1997,140,7.00,12000.00
2012.00,51000.00,Petrol,Manual,Second,19.81 ,1086,68.05,5.00,2200.00
2007.00,103000.00,Diesel,Manual,First,13.93 ,2179,138,7.00,3600.00
2009.00,43002.00,Petrol,Manual,First,20.36 ,1197,78.9,5.00,1920.00
2016.00,108000.00,Diesel,Automatic,First,11.36 ,2755,171.5,7.00,20500.00
2010.00,82407.00,Diesel,Manual,First,17.5 ,1896,106,5.00,4250.00
2013.00,29000.00,Petrol,Manual,First,18.9 ,1197,82,5.00,3200.00
2012.00,225000.00,Diesel,Manual,Second,23.59 ,1364,null,5.00,2600.00
2014.00,45000.00,Diesel,Manual,First,23.4 ,1248,74,5.00,3850.00
2010.00,93401.00,Diesel,Manual,First,23.0 ,1396,90,5.00,3480.00
2017.00,95802.00,Diesel,Manual,Second,25.83 ,1498,99,5.00,4550.00
2016.00,130000.00,Diesel,Manual,First,25.47 ,1248,88.50,7.00,7000.00
2013.00,67443.00,Diesel,Manual,First,20.77 ,1248,88.8,7.00,5750.00
2016.00,47681.00,Petrol,Automatic,First,16.8 ,1497,116.3,5.00,8730.00
2009.00,35000.00,Petrol,Manual,First,19.7 ,796,46.3,5.00,1700.00
2016.00,68000.00,Diesel,Automatic,First,10.91 ,3198,197,7.00,29500.00
2019.00,34688.00,Diesel,Manual,First,24.3 ,1248,88.5,5.00,10490.00
2015.00,10512.00,Petrol,Automatic,First,8.6 ,2706,265,2.00,64000.00
2016.00,58000.00,Diesel,Manual,First,22.9 ,1248,74,5.00,7550.00
2014.00,40000.00,Petrol,Manual,First,17.57 ,1193,88.7,5.00,3950.00
2010.00,61000.00,Petrol,Manual,Fourth & Above,17.0 ,1197,80,5.00,3250.00
2009.00,86000.00,Diesel,Manual,First,19.4 ,1422,70,5.00,2750.00
2015.00,45000.00,Diesel,Manual,First,21.43 ,1364,87.2,5.00,7350.00
2017.00,55000.00,Petrol,Manual,First,17.0 ,1198,73.75,5.00,4700.00
2016.00,36855.00,Petrol,Manual,Second,15.29 ,1591,121.3,5.00,8770.00
2013.00,46821.00,Petrol,Manual,First,20.36 ,1197,78.9,5.00,3420.00
2015.00,120000.00,Petrol,Manual,First,18.6 ,1199,76.8,5.00,2500.00
2012.00,29000.00,Diesel,Automatic,First,14.74 ,2993,270.9,5.00,20000.00
2014.00,40000.00,Petrol,Manual,First,13.24 ,1598,102.5,5.00,5250.00
2013.00,60000.00,Diesel,Automatic,Second,15.73 ,1968,174.33,5.00,14500.00
2011.00,64984.00,Petrol,Automatic,First,16.95 ,1197,78.9,5.00,3450.00
2015.00,73204.00,Petrol,Automatic,First,24.07 ,998,67.1,5.00,3300.00
2014.00,50000.00,Diesel,Automatic,First,11.33 ,4134,335.2,7.00,51000.00
2017.00,35000.00,Diesel,Manual,First,24.3 ,1248,88.5,5.00,6500.00
2013.00,17729.00,Petrol,Manual,First,21.1 ,814,55.2,5.00,3650.00
2012.00,97000.00,Diesel,Manual,First,20.0 ,1497,115,5.00,7250.00
2014.00,89614.00,Diesel,Manual,First,22.0 ,1582,126.2,5.00,6010.00
2015.00,14000.00,Petrol,Manual,First,18.9 ,998,67.1,5.00,2800.00
2012.00,50000.00,Petrol,Manual,First,17.0 ,1197,80,5.00,4000.00
2014.00,62505.00,Petrol,Manual,First,17.4 ,1497,117.3,5.00,5950.00
2011.00,248000.00,Diesel,Manual,Second,12.8 ,2494,102,7.00,9200.00
2012.00,94900.00,Diesel,Manual,First,16.8 ,1493,110,5.00,5350.00
2017.00,55000.00,Diesel,Manual,First,17.6 ,2179,153.86,7.00,12000.00
2015.00,53735.00,Diesel,Automatic,Second,12.07 ,2967,241.4,7.00,38940.00
2008.00,53934.00,Petrol,Manual,Second,18.9 ,998,67.1,5.00,2690.00
2013.00,58500.00,Diesel,Automatic,Second,17.09 ,1995,218,5.00,27500.00
2014.00,48000.00,Petrol,Manual,First,18.0 ,1198,86.7,5.00,2750.00
2016.00,24000.00,Petrol,Manual,First,24.7 ,796,47.3,5.00,2800.00
2016.00,52001.00,Petrol,Manual,First,17.01 ,1591,121.3,5.00,6450.00
2018.00,9565.00,Petrol,Manual,First,23.84 ,1199,84,5.00,5880.00
2013.00,32953.00,Petrol,Manual,First,18.6 ,1197,85.8,5.00,4650.00
2014.00,18000.00,Petrol,Manual,First,21.1 ,814,55.2,5.00,2500.00
2018.00,20446.00,Petrol,Automatic,First,12.6 ,1950,191.34,5.00,51350.00
2016.00,33016.00,Diesel,Manual,First,22.54 ,1396,88.73,5.00,6850.00
2012.00,48000.00,Diesel,Manual,First,23.59 ,1364,67.05,5.00,5250.00
2014.00,72022.00,Diesel,Manual,First,21.43 ,1364,87.2,5.00,9230.00
2014.00,34000.00,Diesel,Automatic,First,20.7 ,1496,113.98,5.00,22000.00
2014.00,69000.00,Diesel,Manual,First,20.14 ,1498,88.8,5.00,5190.00
2009.00,108000.00,Petrol,Automatic,First,13.7 ,1798,157.75,5.00,4350.00
2013.00,34700.00,Diesel,Automatic,First,10.0 ,2148,170,5.00,24500.00
2015.00,79000.00,Diesel,Manual,First,17.8 ,1248,75,5.00,5750.00
2016.00,58197.00,Petrol,Automatic,First,18.0 ,1497,117.3,5.00,9190.00
2008.00,66000.00,Petrol,Automatic,Second,8.45 ,2979,321,5.00,10750.00
2009.00,60000.00,Petrol,Automatic,First,19.2 ,1197,80,5.00,2990.00
2014.00,57000.00,Diesel,Manual,First,26.59 ,1248,74,5.00,3890.00
2018.00,45555.00,Diesel,Manual,First,26.0 ,1498,98.6,5.00,11730.00
2016.00,55137.00,Petrol,Manual,First,14.0 ,796,35,5.00,3110.00
2014.00,93325.00,Diesel,Manual,Second,17.2 ,1968,138.1,5.00,14450.00
2018.00,38000.00,Diesel,Manual,First,24.52 ,1248,88.5,7.00,8700.00
2016.00,57738.00,Diesel,Manual,First,24.0 ,1120,70,5.00,5040.00
2017.00,38282.00,Diesel,Manual,First,28.09 ,1248,88.5,5.00,8500.00
2014.00,64000.00,Diesel,Automatic,First,19.27 ,2143,170,5.00,15650.00
2015.00,32000.00,Diesel,Manual,First,20.5 ,1248,91.72,5.00,5650.00
2010.00,83000.00,Petrol,Automatic,First,10.93 ,2497,204,5.00,16500.00
2011.00,76000.00,CNG,Manual,First,26.3,998,67.1,5.00,2000.00
2012.00,67200.00,Petrol,Manual,First,15.04 ,1598,103.6,5.00,3900.00
2013.00,62655.00,Diesel,Automatic,First,18.88 ,1995,184,5.00,14500.00
2015.00,16900.00,Diesel,Automatic,First,14.69 ,2993,258,5.00,44000.00
2017.00,8471.00,Petrol,Manual,First,18.9 ,1197,81.86,5.00,5000.00
2016.00,69000.00,Diesel,Automatic,First,11.36 ,2755,171.5,7.00,19750.00
2017.00,30090.00,Diesel,Automatic,First,19.6 ,1461,108.45,5.00,11440.00
2011.00,120000.00,Diesel,Manual,First,18.0 ,1248,75,5.00,1750.00
2013.00,23000.00,Diesel,Manual,First,17.8 ,1248,null,5.00,5600.00
2016.00,35939.00,Petrol,Manual,First,12.3 ,1796,185,5.00,30420.00
2013.00,116694.00,Diesel,Manual,First,15.1 ,2179,140,7.00,9570.00
2016.00,40448.00,Diesel,Manual,First,15.96 ,2523,62.1,7.00,3500.00
2018.00,64456.00,Diesel,Manual,First,24.3 ,1248,88.5,5.00,10460.00
2014.00,52782.00,Diesel,Manual,First,20.5 ,1248,91.72,5.00,4850.00
2016.00,51672.00,Petrol,Manual,First,19.5 ,1199,88.76,5.00,5680.00
2015.00,56073.00,Petrol,Automatic,First,13.7 ,1798,157.75,5.00,13250.00
2011.00,65000.00,Diesel,Automatic,First,14.74 ,2993,270.9,5.00,16000.00
2013.00,79000.00,Petrol,Manual,First,18.9 ,998,67.1,5.00,3000.00
2007.00,43206.00,Petrol,Manual,First,17.0 ,1086,null,5.00,990.00
2010.00,70200.00,Petrol,Automatic,First,14.53 ,1798,138.1,5.00,5000.00
2016.00,42000.00,Petrol,Manual,First,16.1 ,1197,85,5.00,4750.00
2014.00,62000.00,Petrol,Manual,First,16.47 ,1198,74,5.00,5350.00
2017.00,20000.00,Petrol,Manual,First,18.9 ,1197,81.86,5.00,5980.00
2011.00,80000.00,Diesel,Manual,Third,21.5 ,1248,88.8,5.00,3500.00
2018.00,50234.00,Petrol,Manual,First,18.9 ,1197,81.86,5.00,4770.00
2016.00,50003.00,Petrol,Manual,First,21.4 ,1197,83.1,5.00,5450.00
2018.00,1000.00,Petrol,Automatic,First,20.3 ,1199,84,5.00,6850.00
2016.00,54897.00,Diesel,Automatic,First,26.59 ,1248,74,5.00,7300.00
2007.00,108995.00,Petrol,Manual,First,15.3 ,1193,65.3,5.00,1250.00
2015.00,73000.00,Diesel,Manual,First,22.7 ,1598,118,5.00,8250.00
2008.00,65000.00,Petrol,Manual,First,16.1 ,1298,88.2,5.00,2710.00
2016.00,32000.00,Petrol,Manual,First,19.1 ,1197,82,5.00,3600.00
2010.00,65000.00,Petrol,Manual,First,18.5 ,1197,80,5.00,3000.00
2016.00,21600.00,Petrol,Automatic,First,23.1 ,998,67.04,5.00,4650.00
2010.00,39000.00,Diesel,Automatic,First,14.84 ,2143,170,5.00,9500.00
2011.00,58075.00,Petrol,Manual,First,17.5 ,1298,85.8,5.00,2950.00
2011.00,58000.00,Petrol,Manual,First,15.04 ,1598,103.6,5.00,3000.00
2015.00,58000.00,Diesel,Manual,First,25.2 ,1248,74,5.00,5950.00
2008.00,89000.00,Petrol,Automatic,First,14.53 ,1798,138.1,5.00,4000.00
2008.00,72000.00,Petrol,Manual,First,13.5 ,1799,130,5.00,2500.00
2017.00,1800.00,Petrol,Automatic,First,16.05 ,1499,110.4,5.00,11370.00
2010.00,172050.00,Diesel,Manual,Second,19.0 ,1248,93,5.00,2250.00
2013.00,46230.00,Petrol,Manual,First,19.81 ,1086,68.05,5.00,3100.00
2014.00,86925.00,Diesel,Automatic,First,11.2 ,2400,215,5.00,17180.00
2018.00,5000.00,Petrol,Manual,First,18.6 ,1197,81.83,5.00,6500.00
2014.00,66000.00,Diesel,Manual,First,26.0 ,1498,98.6,5.00,5700.00
2013.00,119000.00,Diesel,Manual,First,12.99 ,2494,100,8.00,8000.00
2016.00,45000.00,Petrol,Manual,First,25.17 ,799,53.3,5.00,2600.00
2009.00,66149.00,Petrol,Manual,First,19.0 ,998,66.1,5.00,2450.00
2014.00,42070.00,Petrol,Automatic,First,14.8 ,1595,120.7,5.00,11570.00
2012.00,35503.00,Petrol,Manual,First,18.9 ,998,67.1,5.00,2300.00
2016.00,41460.00,Diesel,Manual,First,25.2 ,1248,74,5.00,5900.00
2015.00,40600.00,Petrol,Automatic,First,17.0 ,1591,121.3,5.00,7200.00
2013.00,87000.00,Diesel,Automatic,First,22.0 ,1582,126.2,5.00,5900.00
2014.00,30000.00,Petrol,Manual,Second,16.8 ,1497,116.3,5.00,6000.00
2010.00,27089.00,Petrol,Manual,First,16.0 ,1086,66.7,5.00,1950.00
2016.00,53702.00,Diesel,Manual,First,23.59 ,1364,67.04,5.00,6550.00
2015.00,51000.00,Diesel,Automatic,First,27.03 ,1969,190,5.00,25000.00
2012.00,36542.00,Diesel,Manual,First,20.0 ,1399,68.05,5.00,2650.00
2017.00,15000.00,Diesel,Automatic,First,13.0 ,2987,265,5.00,69500.00
2012.00,65000.00,Diesel,Automatic,First,22.69 ,1995,190,5.00,14000.00
2014.00,32000.00,Petrol,Manual,Second,22.74 ,796,47.3,5.00,2100.00
2017.00,24393.00,Diesel,Manual,First,13.68 ,2393,147.8,7.00,20400.00
2019.00,1000.00,Petrol,Manual,First,18.78 ,999,75,5.00,5680.00
2014.00,28238.00,Petrol,Manual,First,13.24 ,1598,102.5,5.00,5550.00
2013.00,59000.00,Diesel,Manual,First,13.5 ,2477,175.56,7.00,12750.00
2012.00,92000.00,Petrol,Manual,Second,14.8 ,1799,130.2,5.00,3350.00
2013.00,56840.00,Petrol,Manual,First,22.74 ,796,47.3,5.00,1550.00
2013.00,62746.00,Diesel,Manual,Second,20.54 ,1598,103.6,5.00,5900.00
2012.00,96000.00,Diesel,Automatic,First,12.35 ,2179,187.74,5.00,18980.00
2014.00,24000.00,Petrol,Manual,First,13.7 ,1997,153.86,5.00,11510.00
2016.00,54000.00,Diesel,Manual,First,20.77 ,1248,88.76,7.00,7750.00
2016.00,90000.00,Diesel,Manual,First,12.99 ,2494,100.6,7.00,13900.00
2010.00,40000.00,Petrol,Manual,First,15.0 ,1368,90,5.00,1350.00
2015.00,65938.00,Diesel,Automatic,Second,12.07 ,2967,241.4,7.00,38000.00
2017.00,16100.00,Petrol,Automatic,First,17.1 ,1591,121.4,5.00,11600.00
2017.00,3600.00,Diesel,Automatic,First,21.5 ,1498,108.5,5.00,12250.00
2011.00,52000.00,Petrol,Manual,First,17.0 ,1497,118,5.00,3800.00
2014.00,54000.00,Diesel,Manual,First,20.0 ,1399,68.05,5.00,3250.00
2016.00,15399.00,Petrol,Manual,First,18.7 ,1199,88.7,5.00,6400.00
2012.00,75000.00,Petrol,Manual,Second,16.47 ,1198,73.9,5.00,3950.00
2010.00,76752.00,Petrol,Manual,First,17.4 ,1497,117.3,5.00,3570.00
2005.00,56000.00,Petrol,Manual,Second,17.7 ,1497,78,5.00,1250.00
2015.00,70000.00,CNG,Manual,First,26.2,998,58.2,5.00,3650.00
2013.00,46125.00,Petrol,Automatic,Second,12.0 ,2354,187.4,5.00,12500.00
2014.00,35000.00,Diesel,Automatic,Second,18.12 ,1995,190,5.00,23000.00
2003.00,80000.00,Diesel,Manual,Third,12.8 ,1489,35.5,5.00,1350.00
2012.00,62729.00,Diesel,Manual,First,12.05 ,2179,120,8.00,6320.00
2012.00,34000.00,Diesel,Manual,First,20.54 ,1598,103.6,5.00,3400.00
1999.00,70000.00,Petrol,Manual,Second,17.3 ,993,60,5.00,770.00
2009.00,32000.00,Petrol,Manual,First,16.1 ,796,37,4.00,900.00
2017.00,21000.00,Petrol,Automatic,First,14.28 ,1798,138.03,5.00,18000.00
2013.00,49000.00,Petrol,Automatic,First,14.59 ,1997,245,5.00,19000.00
2007.00,40000.00,Petrol,Manual,Third,13.8 ,1299,70,5.00,1100.00
2012.00,78000.00,Petrol,Manual,Second,18.6 ,1199,79.4,5.00,2000.00
2012.00,52000.00,Diesel,Manual,First,21.43 ,1364,86.79,5.00,6500.00
2014.00,65213.00,Diesel,Manual,First,16.0 ,2179,140,7.00,9450.00
2016.00,170000.00,Diesel,Manual,First,24.4 ,1120,71,5.00,4000.00
2017.00,36884.00,Diesel,Automatic,First,13.0 ,2143,204,5.00,32250.00
2009.00,62500.00,Petrol,Manual,First,20.36 ,1197,78.9,5.00,2100.00
2015.00,68000.00,Petrol,Automatic,Second,14.28 ,1798,138.03,5.00,9750.00
2014.00,40748.00,Petrol,Manual,First,14.53 ,1798,138,5.00,6300.00
2013.00,60000.00,Diesel,Automatic,First,17.32 ,1968,184,5.00,21000.00
2014.00,12400.00,Diesel,Manual,First,21.9 ,1396,88.8,5.00,4650.00
2013.00,87000.00,Diesel,Automatic,Second,19.27 ,2143,167.62,5.00,17000.00
2013.00,20248.00,Diesel,Manual,First,21.1 ,1248,73.9,5.00,4350.00
2017.00,52383.00,Diesel,Manual,First,19.67 ,1582,126.2,5.00,14820.00
2018.00,1000.00,Diesel,Automatic,First,13.6 ,1999,177,5.00,40000.00
2016.00,85000.00,Diesel,Manual,First,14.95 ,2489,93.7,7.00,6150.00
2014.00,47000.00,Diesel,Manual,First,12.99 ,2494,100.6,7.00,11250.00
2018.00,17585.00,Petrol,Automatic,First,19.16 ,2494,157.7,5.00,32000.00
2018.00,32496.00,Diesel,Automatic,First,13.22 ,2967,241.4,5.00,45620.00
2017.00,34613.00,Diesel,Manual,First,28.4 ,1248,74,5.00,6240.00
2015.00,153000.00,Diesel,Manual,First,20.77 ,1248,88.76,7.00,4800.00
2014.00,54000.00,Petrol,Manual,Second,16.1 ,1197,85,5.00,4500.00
2015.00,16900.00,Petrol,Manual,First,20.36 ,1197,78.9,5.00,3870.00
2013.00,62334.00,Petrol,Manual,First,20.36 ,1197,78.9,5.00,2750.00
2018.00,23714.00,Petrol,Manual,First,21.4 ,1197,83.1,5.00,6570.00
2010.00,52325.00,Petrol,Manual,First,16.36 ,1495,93.7,5.00,2000.00
2012.00,50000.00,Petrol,Manual,First,19.4 ,1198,86.8,5.00,3650.00
2016.00,55746.00,Diesel,Manual,First,22.9 ,1248,74,5.00,6950.00
2014.00,54000.00,Petrol,Manual,First,20.14 ,1197,81.86,5.00,5500.00
2013.00,43000.00,Diesel,Manual,First,16.0 ,2179,140,7.00,7000.00
2014.00,40000.00,Diesel,Automatic,First,13.0 ,2143,201.1,5.00,24000.00
2010.00,125000.00,Diesel,Automatic,Second,0.0 ,2179,115,5.00,11000.00
2016.00,51944.00,Diesel,Automatic,First,19.27 ,2143,170,5.00,32500.00
2015.00,46950.00,Diesel,Manual,First,21.27 ,1396,88.76,5.00,6450.00
2015.00,23000.00,Diesel,Automatic,First,19.3 ,1968,141,5.00,15750.00
2014.00,54546.00,Petrol,Manual,First,17.0 ,1497,118,5.00,5500.00
2015.00,51535.00,Diesel,Automatic,First,12.55 ,2982,168.5,7.00,19030.00
2013.00,45000.00,Diesel,Automatic,First,17.32 ,1968,184,5.00,15250.00
2012.00,46004.00,Petrol,Manual,First,20.92 ,998,67.1,5.00,2400.00
2011.00,124000.00,Diesel,Manual,First,23.03 ,1396,69,5.00,2300.00
2014.00,77395.00,Diesel,Automatic,First,17.11 ,1968,174.33,5.00,14350.00
2018.00,10600.00,CNG,Manual,First,33.44,796,40.3,4.00,3500.00
2018.00,22974.00,Petrol,Automatic,First,18.0 ,1497,117.3,5.00,11970.00
2009.00,89000.00,Petrol,Manual,Second,0.0 ,999,null,5.00,1600.00
2015.00,65012.00,Diesel,Manual,First,14.24 ,2755,174.5,7.00,18900.00
2017.00,17125.00,Petrol,Manual,First,18.9 ,1197,82,5.00,5400.00
2015.00,90413.00,Petrol,Manual,First,15.1 ,1196,73,7.00,2950.00
2013.00,37000.00,Petrol,Manual,First,16.47 ,1198,73.9,5.00,5100.00
2006.00,65000.00,Petrol,Manual,First,18.9 ,1061,67,5.00,1500.00
2011.00,66000.00,Petrol,Manual,First,17.0 ,1497,118,5.00,4900.00
2010.00,86000.00,Petrol,Manual,First,14.8 ,1799,130.2,5.00,2900.00
2005.00,98437.00,Petrol,Manual,First,13.0 ,1493,100,5.00,1150.00
2010.00,18000.00,Petrol,Manual,First,18.5 ,1197,80,5.00,2300.00
2018.00,35070.00,Diesel,Manual,First,24.0 ,1120,70,5.00,5990.00
2011.00,42000.00,Petrol,Automatic,Third,14.4 ,1598,103.6,5.00,3400.00
2009.00,40000.00,Petrol,Manual,First,20.36 ,1197,78.9,5.00,1700.00
2009.00,43000.00,Petrol,Manual,First,17.0 ,1197,80,5.00,1990.00
2012.00,65000.00,Petrol,Manual,First,18.6 ,1199,79.4,5.00,2500.00
2013.00,74000.00,Diesel,Manual,First,22.07 ,1199,73.9,5.00,4850.00
2010.00,51192.00,Petrol,Manual,First,15.6 ,1196,70,5.00,2650.00
2014.00,14262.00,Petrol,Automatic,First,9.9 ,1984,207.8,2.00,27350.00
2015.00,66339.00,Diesel,Manual,Second,25.1 ,1498,98.6,5.00,6900.00
2013.00,90200.00,Diesel,Manual,First,20.0 ,1399,68.05,5.00,3500.00
2015.00,57854.00,Diesel,Manual,First,12.99 ,2494,100.6,7.00,12500.00
2017.00,32000.00,Petrol,Automatic,First,19.12 ,1373,91.1,5.00,9200.00
2015.00,29631.00,Petrol,Automatic,First,18.9 ,1197,82,5.00,4900.00
2009.00,55005.00,Petrol,Manual,First,12.8 ,,,,3200.00
2014.00,54173.00,Petrol,Manual,First,18.88 ,999,123.24,5.00,5550.00
2014.00,50000.00,Petrol,Automatic,First,14.7 ,1798,177.6,5.00,13500.00
2010.00,145000.00,Diesel,Manual,First,20.4 ,1248,91.7,5.00,2600.00
2015.00,78000.00,Petrol,Manual,First,16.1 ,1298,88.2,5.00,4500.00
2013.00,65000.00,Diesel,Automatic,Second,11.8 ,2993,180,7.00,34000.00
2012.00,120000.00,Diesel,Manual,First,12.8 ,2494,102,7.00,12000.00
2015.00,14000.00,Diesel,Manual,First,28.4 ,1248,74,5.00,5250.00
2014.00,57456.00,Diesel,Automatic,First,17.68 ,1968,174.33,5.00,21560.00
2012.00,44450.00,Diesel,Automatic,First,22.48 ,1995,190,5.00,24680.00
2013.00,63777.00,Petrol,Manual,First,18.5 ,1197,82.9,5.00,3670.00
2016.00,31000.00,Diesel,Automatic,First,17.05 ,1995,190,5.00,29500.00
2012.00,60000.00,Petrol,Manual,First,17.6 ,1496,88.73,5.00,3100.00
2015.00,78008.00,Diesel,Manual,First,17.0 ,1405,70,5.00,2900.00
2014.00,33000.00,Diesel,Automatic,Second,0.0 ,2987,165,5.00,43000.00
2009.00,27078.00,Petrol,Automatic,First,10.98 ,1984,114.4,4.00,15950.00
2011.00,57275.00,Diesel,Manual,First,19.7 ,1598,103.6,5.00,4500.00
2014.00,45000.00,Diesel,Manual,First,24.0 ,1120,70,5.00,3490.00
2014.00,57319.00,Diesel,Manual,First,25.2 ,1248,74,5.00,4250.00
2008.00,121097.00,Diesel,Manual,Second,24.0 ,1396,88.76,5.00,1900.00
2011.00,89000.00,Diesel,Automatic,First,16.73 ,1995,218,5.00,16570.00
2012.00,72000.00,Petrol,Manual,First,17.0 ,1497,118,5.00,5750.00
2013.00,36000.00,Diesel,Automatic,Second,16.55 ,1968,147.51,5.00,14000.00
2013.00,86000.00,Diesel,Manual,Second,19.5 ,1248,75,5.00,2500.00
2002.00,85000.00,Petrol,Manual,First,13.0 ,1343,90,5.00,1200.00
2005.00,120000.00,Petrol,Manual,Second,15.5 ,1242,null,5.00,850.00
2013.00,37613.00,Diesel,Automatic,First,22.69 ,1995,190,5.00,13950.00
2007.00,100000.00,Petrol,Manual,First,16.6 ,1388,68,5.00,1600.00
2016.00,5240.00,Petrol,Automatic,First,21.9 ,624,37.48,4.00,3600.00
2018.00,20000.00,CNG,Manual,First,15.1,1196,73,5.00,4500.00
2019.00,16862.00,Petrol,Manual,First,20.89 ,1197,81.80,5.00,6060.00
2013.00,59254.00,Petrol,Manual,Second,17.5 ,1298,85.8,5.00,5290.00
2014.00,60000.00,Diesel,Manual,First,22.7 ,1498,89.84,5.00,5750.00
2015.00,50295.00,Petrol,Manual,First,16.1 ,,,,5800.00
2014.00,47674.00,Petrol,Manual,First,19.1 ,1197,85.8,5.00,5720.00
2014.00,61517.00,Petrol,Automatic,First,16.95 ,1197,78.9,5.00,4390.00
2016.00,62946.00,Diesel,Manual,First,15.1 ,2179,140,7.00,11050.00
2015.00,66823.00,Diesel,Manual,Second,22.54 ,1396,88.73,5.00,4830.00
2013.00,79494.00,CNG,Manual,First,33.54,998,67.04,5.00,2960.00
2012.00,107000.00,Diesel,Manual,Second,21.27 ,1396,88.76,5.00,4500.00
2011.00,55000.00,Diesel,Automatic,Second,16.46 ,2993,258,5.00,19500.00
2017.00,24000.00,Petrol,Automatic,First,14.3 ,1598,103.52,5.00,8750.00
2016.00,20002.00,Diesel,Automatic,First,14.75 ,2967,245,7.00,67000.00
2016.00,54317.00,Petrol,Manual,First,17.4 ,1497,117.3,5.00,8400.00
2016.00,10200.00,Petrol,Manual,First,19.1 ,1197,82,5.00,4990.00
2016.00,24337.00,Diesel,Manual,First,26.0 ,1498,98.6,5.00,8180.00
2012.00,79000.00,Petrol,Manual,First,18.4 ,1198,86.8,5.00,2900.00
2015.00,40500.00,Diesel,Manual,First,28.09 ,1248,88.5,5.00,7100.00
2016.00,23000.00,Diesel,Manual,First,26.59 ,1248,74,5.00,7050.00
2015.00,63050.00,Petrol,Automatic,First,11.1 ,2354,158.8,5.00,17500.00
2008.00,78000.00,Petrol,Automatic,Second,14.53 ,1794,138.1,5.00,3410.00
2005.00,70000.00,Petrol,Manual,First,0.0 ,1590,null,5.00,1300.00
2012.00,66245.00,Petrol,Manual,First,17.0 ,1497,118,5.00,5680.00
2007.00,74112.00,Diesel,Manual,First,12.05 ,2179,120,9.00,4100.00
2011.00,87670.00,Petrol,Manual,First,13.4 ,1798,157.8,5.00,4000.00
2015.00,10000.00,Diesel,Automatic,First,18.88 ,1995,184,5.00,30000.00
2007.00,62493.00,Petrol,Manual,First,15.0 ,1586,104.68,5.00,1800.00
2015.00,44620.00,Petrol,Manual,First,20.73 ,1373,91.1,5.00,6930.00
2012.00,66538.00,Diesel,Automatic,First,10.2 ,4367,308,7.00,70000.00
2013.00,60000.00,Diesel,Manual,First,12.99 ,2494,100,7.00,7900.00
2011.00,20842.00,Petrol,Manual,First,0.0 ,1086,62,5.00,2780.00
2014.00,110000.00,Diesel,Automatic,First,13.01 ,2199,194.3,7.00,14400.00
2011.00,45000.00,Petrol,Automatic,Second,11.74 ,1796,186,5.00,13500.00
2014.00,40000.00,CNG,Manual,Second,26.6,998,58.16,5.00,3150.00
2012.00,49008.00,Petrol,Manual,First,19.7 ,796,46.3,5.00,2880.00
2016.00,31000.00,Petrol,Manual,First,24.7 ,796,47.3,5.00,2150.00
2013.00,8000.00,Petrol,Manual,First,16.95 ,1498,97.7,5.00,3750.00
2019.00,171.00,Petrol,Manual,First,24.7 ,796,47.3,5.00,3600.00
2018.00,2100.00,Petrol,Manual,First,24.07 ,998,67.1,5.00,3600.00
2018.00,20667.00,Petrol,Automatic,First,18.9 ,1197,81.86,5.00,7550.00
2015.00,50000.00,Diesel,Manual,First,24.2 ,1498,98.6,7.00,4700.00
2010.00,100030.00,Diesel,Manual,Second,18.8 ,1248,90,5.00,1600.00
2011.00,75372.00,Diesel,Manual,First,16.52 ,1991,123.7,5.00,3340.00
2016.00,60475.00,Petrol,Automatic,First,18.0 ,1497,117.3,5.00,9100.00
2019.00,18453.00,Petrol,Manual,First,18.9 ,1197,81.86,5.00,6170.00
2008.00,96578.00,Diesel,Manual,First,22.0 ,1582,126.2,5.00,2500.00
2016.00,31001.00,Petrol,Manual,First,18.44 ,1198,75,5.00,3000.00
2012.00,65900.00,Diesel,Manual,First,22.32 ,1582,126.32,5.00,5750.00
2017.00,26246.00,Petrol,Manual,First,15.29 ,1591,121.3,5.00,10750.00
2013.00,62700.00,Petrol,Manual,Second,20.51 ,998,67.04,5.00,2850.00
2008.00,90000.00,Petrol,Automatic,First,10.2 ,2354,180,5.00,6500.00
2016.00,36000.00,Petrol,Automatic,First,16.8 ,1497,118,5.00,9450.00
2016.00,46000.00,Diesel,Manual,First,27.39 ,1248,74,5.00,6750.00
2017.00,73003.00,Diesel,Manual,First,26.0 ,1498,98.6,5.00,7750.00
2014.00,46566.00,Diesel,Manual,First,22.54 ,1396,88.76,5.00,4400.00
2015.00,41493.00,Diesel,Automatic,First,13.0 ,2987,265,5.00,42000.00
2014.00,103788.00,Diesel,Manual,First,19.01 ,1461,108.5,5.00,5670.00
2016.00,45000.00,Diesel,Automatic,First,19.6 ,1461,108.45,5.00,11500.00
2009.00,120000.00,Petrol,Manual,First,18.9 ,998,67.1,5.00,1690.00
2009.00,97359.00,Diesel,Manual,Second,17.1 ,1493,110,5.00,1800.00
2016.00,62000.00,Petrol,Manual,First,18.5 ,1197,85.80,5.00,3200.00
2004.00,115000.00,Petrol,Manual,Second,0.0 ,,,,1500.00
2019.00,18373.00,Diesel,Automatic,First,22.48 ,1995,187.74,5.00,45860.00
2016.00,60453.00,Petrol,Manual,First,16.47 ,1198,74,5.00,5100.00
2013.00,37000.00,Diesel,Manual,First,17.8 ,1248,null,5.00,4850.00
2010.00,69009.00,Petrol,Manual,Second,15.6 ,1196,70,5.00,2400.00
2013.00,30000.00,Diesel,Automatic,First,18.88 ,1995,184,5.00,22000.00
2012.00,70707.00,Diesel,Manual,First,22.32 ,1582,126.32,5.00,4280.00
2015.00,64677.00,Diesel,Manual,First,20.45 ,1461,83.8,5.00,5670.00
2018.00,3000.00,Petrol,Automatic,First,18.9 ,1197,81.86,5.00,6200.00
2013.00,49000.00,Diesel,Automatic,Second,17.05 ,1995,184,5.00,14490.00
2010.00,71000.00,Diesel,Manual,First,21.1 ,1248,73.9,5.00,3000.00
2010.00,52000.00,Petrol,Manual,Second,19.81 ,1086,68.05,5.00,2250.00
2016.00,35659.00,Diesel,Automatic,First,15.97 ,2993,258,7.00,43780.00
2019.00,5377.00,Petrol,Manual,First,16.8 ,1497,116.3,5.00,11450.00
2014.00,65000.00,Diesel,Automatic,First,11.18 ,2696,184,7.00,10500.00
2015.00,92708.00,Diesel,Manual,First,22.7 ,1498,89.84,5.00,7480.00
2010.00,48105.00,Petrol,Manual,First,19.7 ,796,46.3,5.00,3100.00
2011.00,46759.00,Petrol,Manual,First,16.47 ,1198,74,5.00,2550.00
2013.00,62000.00,Diesel,Manual,First,22.07 ,1199,73.9,5.00,3500.00
2012.00,35175.00,Diesel,Manual,First,22.07 ,1199,73.9,5.00,2590.00
2013.00,70000.00,Diesel,Manual,First,20.77 ,1248,88.8,7.00,5450.00
2017.00,30000.00,Diesel,Manual,First,22.77 ,1498,98.59,5.00,6000.00
2016.00,66618.00,Diesel,Automatic,First,11.36 ,2755,171.5,7.00,15490.00
2010.00,69300.00,Petrol,Automatic,Second,10.8 ,2497,150,5.00,12500.00
2017.00,148000.00,Diesel,Manual,First,23.4 ,1248,74,5.00,4750.00
2017.00,22000.00,Petrol,Manual,First,18.88 ,999,123.24,5.00,7850.00
2013.00,75000.00,Diesel,Manual,First,16.8 ,1493,110,5.00,6000.00
2016.00,43706.00,Petrol,Manual,First,17.57 ,1193,88.7,5.00,4000.00
2011.00,42000.00,Diesel,Automatic,First,14.4 ,2967,241.4,5.00,28750.00
2012.00,65000.00,Diesel,Manual,First,22.3 ,1248,74,5.00,2500.00
2015.00,76128.00,Diesel,Manual,First,26.59 ,1248,74,5.00,5500.00
2010.00,39852.00,Petrol,Manual,First,16.0 ,1368,90,5.00,1590.00
2017.00,18673.00,Petrol,Manual,First,18.6 ,1197,81.83,5.00,6220.00
2016.00,11583.00,Petrol,Manual,First,21.1 ,814,55.2,5.00,2750.00
2007.00,82000.00,Petrol,Manual,Second,0.0 ,1086,null,5.00,1350.00
2017.00,50000.00,Diesel,Automatic,First,17.9 ,2143,136,5.00,25000.00
2014.00,77000.00,Petrol,Manual,First,23.1 ,998,67.04,5.00,2800.00
2014.00,54890.00,Petrol,Manual,Second,17.8 ,1199,76.8,5.00,2450.00
2016.00,21000.00,Petrol,Automatic,First,19.0 ,1199,88.7,5.00,6350.00
2009.00,58557.00,Diesel,Automatic,Third,16.07 ,1995,181,5.00,8000.00
2014.00,70000.00,Diesel,Manual,First,19.01 ,1461,108.45,5.00,8250.00
2017.00,16000.00,Petrol,Automatic,First,17.01 ,1499,110.4,5.00,5950.00
2018.00,8899.00,Diesel,Manual,First,13.68 ,2393,147.8,7.00,19920.00
2016.00,83629.00,Diesel,Manual,First,25.44 ,936,56.3,5.00,3150.00
2014.00,35059.00,Petrol,Automatic,First,17.21 ,1798,189,4.00,5750.00
2018.00,30552.00,Diesel,Automatic,First,10.91 ,3198,197.2,7.00,32440.00
2016.00,44875.00,Diesel,Automatic,Second,22.32 ,1582,126.32,5.00,8010.00
2017.00,25095.00,Petrol,Manual,First,18.16 ,1196,86.8,5.00,6480.00
2007.00,59000.00,Petrol,Manual,First,16.1 ,796,37,4.00,750.00
2014.00,36000.00,Diesel,Manual,First,26.0 ,1498,98.6,5.00,5000.00
2012.00,37000.00,Diesel,Manual,First,16.0 ,2179,140,7.00,7750.00
2010.00,90000.00,Diesel,Manual,First,20.0 ,1399,68,5.00,2600.00
2018.00,17000.00,Petrol,Manual,First,17.0 ,1497,121.36,5.00,9200.00
2015.00,42575.00,Petrol,Manual,First,18.6 ,1197,81.83,5.00,5050.00
2012.00,131000.00,Diesel,Manual,First,12.99 ,2494,100,7.00,9600.00
2013.00,74000.00,Diesel,Manual,First,20.46 ,1461,83.8,5.00,5500.00
2013.00,47234.00,Diesel,Manual,First,12.99 ,2494,100.6,8.00,9350.00
2009.00,231673.00,Petrol,Manual,First,17.0 ,1497,118,5.00,2600.00
2016.00,10000.00,Petrol,Manual,First,24.07 ,998,67.1,5.00,3500.00
2016.00,49389.00,Petrol,Manual,First,19.49 ,1198,67.04,5.00,4260.00
2016.00,12000.00,Petrol,Automatic,Second,23.1 ,998,67.04,5.00,4250.00
2010.00,65000.00,Petrol,Manual,Second,11.7 ,1796,178,5.00,11750.00
2013.00,177000.00,Diesel,Manual,First,23.5 ,1498,88.7,5.00,3500.00
2015.00,89000.00,Petrol,Manual,First,17.01 ,1591,121.3,5.00,7500.00
2009.00,72000.00,Petrol,Automatic,Third,15.0 ,1396,100,5.00,3250.00
2012.00,49000.00,Petrol,Manual,First,17.5 ,1298,85.8,5.00,4900.00
2014.00,51355.00,Diesel,Automatic,First,14.84 ,2143,170,5.00,27000.00
2017.00,13460.00,Petrol,Manual,First,18.6 ,1197,81.86,5.00,8910.00
2014.00,35642.00,Petrol,Automatic,First,17.01 ,1591,121.4,5.00,6690.00
2014.00,52895.00,Diesel,Manual,First,17.3 ,1998,163.7,5.00,6020.00
2010.00,93000.00,Petrol,Manual,First,14.28 ,1798,138.03,5.00,4500.00
2011.00,70000.00,Petrol,Manual,First,19.0 ,998,66.1,5.00,2000.00
2012.00,32048.00,Diesel,Manual,First,23.08 ,1461,63.1,5.00,2400.00
2013.00,4700.00,Petrol,Manual,First,25.4 ,624,37.48,4.00,1200.00
2014.00,71800.00,Diesel,Manual,First,23.4 ,1248,74,5.00,2900.00
2008.00,69078.00,Petrol,Manual,First,0.0 ,,,,40880.00
2016.00,45000.00,Diesel,Automatic,First,17.32 ,1968,184,5.00,27000.00
2016.00,15388.00,Diesel,Manual,First,25.8 ,1498,98.6,5.00,7500.00
2004.00,98798.00,Petrol,Manual,First,14.7 ,1599,104,5.00,1500.00
2016.00,43000.00,Diesel,Automatic,First,14.16 ,1968,174.3,5.00,39500.00
2012.00,85112.00,Diesel,Manual,First,23.2 ,1248,73.94,5.00,3390.00
2018.00,37804.00,Diesel,Manual,First,15.4 ,2179,120,7.00,12400.00
2014.00,45000.00,Diesel,Manual,First,28.09 ,1248,88.5,5.00,6850.00
2011.00,116000.00,Diesel,Manual,Second,21.43 ,1364,138,5.00,5750.00
2015.00,100073.00,Diesel,Manual,Second,25.0 ,1396,69,5.00,2000.00
2006.00,165000.00,Petrol,Manual,First,16.1 ,796,37,4.00,900.00
2015.00,22000.00,Petrol,Manual,First,16.47 ,1198,74,5.00,3800.00
2017.00,9500.00,Petrol,Automatic,First,14.62 ,1999,149.92,5.00,16350.00
2012.00,152000.00,Diesel,Automatic,First,11.5 ,2982,169,7.00,16500.00
2019.00,17705.00,Petrol,Manual,First,21.4 ,1197,83.1,5.00,8700.00
2016.00,12000.00,Petrol,Manual,First,21.4 ,1197,83.1,5.00,6100.00
2013.00,51000.00,Diesel,Automatic,First,23.8 ,1998,112,5.00,21940.00
2009.00,42000.00,Diesel,Automatic,Second,13.0 ,2987,210,5.00,22000.00
2015.00,51000.00,Petrol,Manual,First,20.92 ,998,67.1,5.00,2650.00
2017.00,42527.00,Petrol,Manual,First,20.4 ,1197,81.80,5.00,5270.00
2014.00,45000.00,Diesel,Manual,First,22.1 ,1248,74,5.00,2480.00
2011.00,70000.00,Diesel,Manual,First,12.8 ,2494,102,8.00,6000.00
2009.00,92000.00,Diesel,Manual,First,11.5 ,2982,171,7.00,8900.00
2012.00,57156.00,Diesel,Automatic,Second,18.88 ,1995,184,5.00,18000.00
2016.00,53211.00,Petrol,Manual,First,16.8 ,1395,138.02,5.00,11640.00
2019.00,80000.00,Diesel,Manual,First,11.5 ,2982,171,7.00,8990.00
2009.00,74000.00,Diesel,Automatic,First,15.5 ,1896,105,5.00,5250.00
2011.00,37000.00,Diesel,Manual,First,23.0 ,1396,90,5.00,2950.00
2013.00,64000.00,Diesel,Manual,Second,21.02 ,1248,88.76,5.00,2650.00
2013.00,57197.00,Petrol,Manual,First,15.04 ,1598,103.6,5.00,4000.00
2016.00,55000.00,Diesel,Automatic,First,17.6 ,1582,126.2,5.00,12500.00
2014.00,33000.00,Petrol,Manual,First,21.1 ,1197,85.80,5.00,3250.00
2008.00,70000.00,Petrol,Manual,First,13.1 ,1997,141.1,5.00,4000.00
2012.00,75000.00,Diesel,Manual,Second,15.1 ,2179,140,7.00,6250.00
2016.00,58095.00,Diesel,Manual,First,21.66 ,1498,108.62,5.00,5800.00
2015.00,7445.00,Petrol,Manual,First,17.57 ,1193,88.7,5.00,5000.00
2016.00,17652.00,Diesel,Automatic,First,12.9 ,2993,270.88,5.00,58730.00
2018.00,28321.00,Petrol,Automatic,First,14.28 ,1798,138.03,5.00,17490.00
2011.00,69000.00,Petrol,Manual,Second,19.0 ,998,66.1,5.00,1950.00
2007.00,80000.00,Petrol,Automatic,First,11.1 ,2354,142,5.00,3000.00
2014.00,42365.00,Petrol,Manual,First,17.0 ,1197,80,5.00,5500.00
2013.00,123000.00,Diesel,Automatic,First,12.55 ,2982,168.5,7.00,16500.00
2011.00,40000.00,Petrol,Automatic,Second,11.74 ,1796,186,5.00,14500.00
2016.00,30112.00,Diesel,Manual,First,27.39 ,1248,74,5.00,7790.00
2017.00,43775.00,Diesel,Manual,First,20.77 ,1248,88.76,7.00,8270.00
2019.00,26013.00,Diesel,Automatic,First,12.65 ,2993,255,5.00,97070.00
2012.00,56000.00,Petrol,Manual,First,12.9 ,1598,102.5,5.00,2150.00
2008.00,95000.00,Petrol,Automatic,Second,12.9 ,1799,130,5.00,3000.00
2014.00,41089.00,Diesel,Automatic,First,16.09 ,1995,184,5.00,28790.00
2011.00,41988.00,Diesel,Automatic,First,20.0 ,1968,138.1,5.00,5450.00
2013.00,72486.00,Diesel,Manual,First,23.4 ,1248,74,5.00,3950.00
2013.00,92000.00,Diesel,Automatic,First,23.3 ,1984,150,5.00,16000.00
2013.00,40000.00,Petrol,Manual,First,17.5 ,1298,85.8,5.00,4250.00
2014.00,56000.00,Diesel,Automatic,First,12.7 ,2179,187.7,5.00,34500.00
2008.00,125000.00,Petrol,Automatic,Third,11.7 ,2354,177.6,5.00,2600.00
2017.00,29219.00,Diesel,Manual,First,12.99 ,2494,100.6,8.00,13480.00
2018.00,39927.00,Diesel,Manual,First,12.55 ,2982,168.5,7.00,32100.00
2018.00,38593.00,Petrol,Manual,First,18.7 ,1199,88.7,5.00,6170.00
2015.00,32000.00,Petrol,Manual,First,17.0 ,1497,118,5.00,5500.00
2017.00,28226.00,Diesel,Automatic,First,28.4 ,1248,73.75,5.00,9150.00
2014.00,95000.00,Diesel,Manual,First,21.64 ,1461,84.8,5.00,4500.00
2014.00,194000.00,Diesel,Manual,First,12.99 ,2494,100.6,8.00,10500.00
2016.00,14821.00,Petrol,Manual,First,19.4 ,1198,86.8,5.00,5370.00
2012.00,52000.00,Petrol,Manual,First,15.04 ,1598,103.6,5.00,5450.00
2016.00,33000.00,Diesel,Manual,First,16.0 ,2179,140,7.00,9250.00
2016.00,29200.00,Diesel,Manual,First,23.0 ,1498,98.96,5.00,7700.00
2012.00,99754.00,Diesel,Manual,First,17.72 ,1968,108.49,5.00,7990.00
2012.00,49000.00,Petrol,Manual,First,20.36 ,1197,78.9,5.00,3000.00
2005.00,299322.00,Diesel,Manual,First,12.8 ,2494,102,8.00,4000.00
2018.00,38310.00,Diesel,Manual,First,20.65 ,1248,88.7,5.00,6690.00
2014.00,56000.00,Diesel,Manual,First,22.9 ,1248,74,5.00,4250.00
2017.00,31300.00,Diesel,Automatic,First,21.72 ,1498,108.4,5.00,10500.00
2019.00,11241.00,Diesel,Manual,First,13.68 ,2393,147.8,8.00,22550.00
2014.00,48000.00,Petrol,Manual,Second,17.01 ,1591,121.3,5.00,5200.00
2019.00,23882.00,Petrol,Manual,First,17.4 ,1497,117.3,5.00,11870.00
2014.00,65000.00,Diesel,Manual,First,26.0 ,1498,98.6,5.00,6990.00
2011.00,50000.00,Diesel,Manual,First,20.54 ,1598,103.6,5.00,5000.00
2014.00,25000.00,Diesel,Automatic,First,12.19 ,2967,236,5.00,44000.00
2015.00,21000.00,Petrol,Manual,First,22.74 ,796,47.3,5.00,2790.00
2012.00,148000.00,Diesel,Manual,Second,21.12 ,1248,88.8,5.00,2900.00
2016.00,68000.00,Petrol,Manual,First,15.29 ,1591,121.3,5.00,9850.00
2014.00,52000.00,Diesel,Automatic,First,12.0 ,2987,224,7.00,49000.00
2016.00,19000.00,Diesel,Manual,First,16.55 ,2498,105,6.00,9250.00
2011.00,74000.00,Diesel,Manual,Second,22.32 ,1582,126.3,5.00,3750.00
2017.00,30279.00,Diesel,Manual,First,26.1 ,1498,99,5.00,7290.00
2016.00,20000.00,Diesel,Automatic,First,20.7 ,1496,113.98,4.00,23500.00
2013.00,34834.00,Petrol,Manual,First,14.0 ,796,35,5.00,2600.00
2015.00,90000.00,Diesel,Manual,Second,21.03 ,1461,65,5.00,3100.00
2016.00,38730.00,Diesel,Automatic,First,14.21 ,2143,203,5.00,29980.00
2016.00,57390.00,Diesel,Manual,First,19.01 ,1461,108.45,5.00,6730.00
2016.00,100000.00,Diesel,Manual,First,23.4 ,1248,74,5.00,3500.00
2011.00,50000.00,Petrol,Manual,First,16.47 ,1198,73.9,5.00,2350.00
2017.00,64961.00,Diesel,Manual,First,16.0 ,2179,140,7.00,16130.00
2014.00,72465.00,Petrol,Manual,First,16.47 ,1198,74,5.00,5900.00
2012.00,68776.00,Petrol,Manual,First,21.1 ,1197,85.80,5.00,3900.00
2005.00,150000.00,Petrol,Manual,First,14.7 ,1598,null,5.00,1500.00
2012.00,68000.00,Diesel,Manual,First,12.8 ,2494,102,7.00,6950.00
2015.00,33000.00,Diesel,Manual,First,26.0 ,1498,98.6,5.00,7000.00
2017.00,22389.00,Petrol,Manual,First,17.0 ,1198,73.75,5.00,7230.00
2012.00,90000.00,Diesel,Manual,First,21.5 ,1248,88.8,5.00,3810.00
2012.00,42000.00,Petrol,Manual,Third,18.6 ,1197,85.8,5.00,4500.00
2017.00,38767.00,Diesel,Manual,First,19.67 ,1582,126.2,5.00,12600.00
2015.00,21000.00,Diesel,Automatic,First,12.07 ,2967,241.4,7.00,48000.00
2010.00,59136.00,Petrol,Manual,First,19.7 ,796,46.3,5.00,2960.00
2014.00,36000.00,Diesel,Manual,First,25.8 ,1498,98.6,5.00,3250.00
2011.00,95000.00,Diesel,Automatic,Second,18.33 ,1968,167.7,5.00,8500.00
2013.00,51000.00,Diesel,Automatic,First,19.5 ,1582,126.24,5.00,8750.00
2011.00,36411.00,Petrol,Manual,First,18.9 ,998,67.1,5.00,3080.00
2017.00,40000.00,Diesel,Automatic,First,12.81 ,1999,148.31,7.00,41500.00
2016.00,27300.00,Petrol,Manual,First,17.8 ,1497,117.3,5.00,7000.00
2011.00,29813.00,Petrol,Automatic,Second,14.74 ,1991,181.03,5.00,11500.00
2011.00,71000.00,Petrol,Manual,First,20.51 ,998,67.04,5.00,2600.00
2014.00,32000.00,Diesel,Manual,First,22.32 ,1582,126.3,5.00,4300.00
2017.00,19234.00,CNG,Manual,First,17.5,1373,80.46,7.00,8350.00
2017.00,50510.00,Diesel,Automatic,First,17.06 ,1968,141,5.00,24900.00
2011.00,102000.00,Diesel,Automatic,First,15.06 ,1995,177,5.00,13750.00
2014.00,42277.00,Diesel,Manual,First,24.0 ,1186,73.97,5.00,3850.00
2014.00,46000.00,Diesel,Automatic,First,13.0 ,2143,201.1,5.00,23250.00
2012.00,35000.00,Diesel,Manual,First,13.6 ,2523,null,7.00,7000.00
2015.00,50000.00,Petrol,Manual,First,18.9 ,1197,82,5.00,5750.00
2008.00,62000.00,Petrol,Manual,Second,20.36 ,1197,78.9,5.00,1650.00
2012.00,78000.00,Diesel,Manual,First,19.33 ,1968,138.1,5.00,6500.00
2011.00,79000.00,Diesel,Manual,First,17.67 ,1968,138.08,5.00,7500.00
2019.00,6773.00,Diesel,Automatic,First,14.75 ,2967,245,7.00,72940.00
2010.00,135000.00,Diesel,Manual,Second,11.5 ,2982,171,7.00,11000.00
2013.00,36716.00,Petrol,Manual,First,18.9 ,1061,67,5.00,3020.00
2013.00,65060.00,Petrol,Manual,First,21.1 ,814,55.2,5.00,3320.00
2013.00,33000.00,Petrol,Manual,First,19.4 ,1198,86.8,5.00,3240.00
2015.00,11110.00,Petrol,Manual,First,22.74 ,796,47.3,5.00,2350.00
2013.00,63000.00,Diesel,Manual,First,15.96 ,2523,62.1,7.00,5500.00
2015.00,27030.00,Petrol,Manual,First,17.8 ,1497,117.3,5.00,6750.00
2015.00,19600.00,Petrol,Manual,First,15.0 ,1598,103.52,5.00,6150.00
2016.00,27755.00,Petrol,Manual,First,22.0 ,1197,81.80,5.00,5450.00
2013.00,20000.00,Petrol,Manual,Second,21.1 ,814,55.2,5.00,2300.00
2015.00,24782.00,Petrol,Manual,First,20.85 ,1197,83.14,5.00,6210.00
2014.00,47303.00,Petrol,Automatic,First,19.34 ,1198,76,5.00,5210.00
2008.00,71000.00,Petrol,Automatic,First,8.3 ,4134,250,7.00,11990.00
2010.00,135000.00,Diesel,Manual,First,17.8 ,1248,75,5.00,3100.00
2017.00,1000.00,Diesel,Manual,First,13.49 ,2179,138.03,5.00,7500.00
2016.00,29000.00,Diesel,Manual,First,20.14 ,1498,88.8,5.00,4000.00
2016.00,36367.00,Petrol,Manual,First,17.8 ,1497,117.3,5.00,7730.00
2015.00,38000.00,Petrol,Manual,First,17.4 ,1497,117.3,5.00,7800.00
2011.00,83969.00,Petrol,Manual,First,16.1 ,796,37,4.00,1300.00
2014.00,82621.00,Diesel,Manual,First,20.14 ,1498,88.8,5.00,4420.00
2009.00,89000.00,Diesel,Automatic,First,12.5 ,1991,147.9,7.00,4000.00
2016.00,54000.00,Diesel,Manual,First,16.0 ,2179,140,7.00,13000.00
2015.00,61691.00,Diesel,Manual,First,25.8 ,1498,98.6,5.00,5380.00
2011.00,32200.00,Petrol,Manual,Second,17.0 ,1197,80,5.00,3250.00
2016.00,68630.00,Petrol,Automatic,First,20.51 ,998,67,5.00,3870.00
2014.00,61000.00,Diesel,Automatic,Second,16.96 ,1968,138.03,5.00,8250.00
2018.00,32644.00,Petrol,Manual,First,20.73 ,1373,91.1,5.00,9280.00
2012.00,85000.00,Diesel,Automatic,First,11.79 ,2179,120,7.00,6250.00
2008.00,75000.00,Petrol,Manual,Second,15.26 ,1150,74.9,5.00,1150.00
2016.00,40347.00,Petrol,Manual,First,20.73 ,1373,91.2,5.00,7800.00
2012.00,60788.00,Diesel,Manual,First,23.0 ,1396,90,5.00,4500.00
2018.00,18664.00,Petrol,Manual,First,18.7 ,1199,88.7,5.00,7560.00
2017.00,57847.00,Diesel,Manual,First,16.0 ,2179,140,7.00,16080.00
2012.00,52237.00,Petrol,Manual,First,17.0 ,1197,80,5.00,4500.00
2012.00,128000.00,Diesel,Manual,First,22.32 ,1582,126.32,5.00,5000.00
2011.00,54000.00,Petrol,Manual,First,19.81 ,1086,68.05,5.00,2200.00
2014.00,49800.00,Petrol,Automatic,First,23.1 ,998,67.04,5.00,4000.00
2012.00,98000.00,Diesel,Manual,First,20.86 ,1199,73.9,5.00,2510.00
2015.00,60095.00,Diesel,Manual,First,25.2 ,1248,74,5.00,4750.00
2008.00,68000.00,Petrol,Manual,Second,16.0 ,1086,66.7,5.00,2000.00
2010.00,81402.00,Petrol,Manual,Second,20.36 ,1197,78.9,5.00,2100.00
2013.00,38000.00,Petrol,Automatic,First,16.5 ,1499,110,5.00,6250.00
2011.00,92239.00,Diesel,Automatic,Second,11.5 ,2987,210,5.00,10600.00
2017.00,49224.00,Diesel,Manual,First,25.2 ,1248,74,5.00,6000.00
2004.00,12000.00,Petrol,Manual,Second,16.1 ,796,37,4.00,450.00
2010.00,54898.00,Petrol,Manual,Third,16.1 ,1298,88.2,5.00,2500.00
2018.00,2500.00,Petrol,Manual,First,15.29 ,1591,121.3,5.00,12750.00
2017.00,32838.00,Diesel,Automatic,First,17.05 ,1995,190,5.00,30290.00
2006.00,27076.00,Petrol,Manual,First,13.8 ,1299,70,5.00,1600.00
2017.00,75445.00,Diesel,Manual,First,22.7 ,1498,89.84,5.00,7540.00
2015.00,46601.00,Petrol,Manual,First,20.73 ,1373,91.1,5.00,6840.00
2012.00,72000.00,Diesel,Automatic,First,18.33 ,1968,167.7,5.00,6000.00
2017.00,27000.00,Diesel,Manual,First,27.3 ,1498,98.6,5.00,8000.00
2016.00,68193.00,Diesel,Automatic,First,17.11 ,1968,174.33,5.00,24740.00
2017.00,34429.00,Diesel,Manual,First,24.0 ,1120,70,5.00,5500.00
2013.00,46000.00,Diesel,Automatic,First,12.0 ,2987,224,7.00,36000.00
2013.00,80544.00,Diesel,Manual,First,12.99 ,2494,100.6,7.00,11790.00
2011.00,42000.00,Petrol,Manual,Second,16.95 ,1498,97.7,5.00,3000.00
2011.00,94821.00,Diesel,Automatic,Second,20.0 ,1968,138.1,5.00,6750.00
2006.00,100000.00,Petrol,Manual,First,14.49 ,1399,92.7,5.00,1400.00
2014.00,57000.00,Diesel,Manual,First,24.2 ,1498,98.6,7.00,5750.00
2010.00,79894.00,Diesel,Manual,First,21.1 ,1248,73.9,5.00,3400.00
2011.00,44748.00,Petrol,Manual,Second,16.47 ,1198,73.9,5.00,4890.00
2013.00,31000.00,Petrol,Manual,First,13.24 ,1598,102.5,5.00,4950.00
2013.00,60587.00,Petrol,Automatic,Second,16.98 ,998,66.1,5.00,3490.00
2011.00,32000.00,Diesel,Manual,First,23.59 ,1364,null,5.00,3850.00
2014.00,43772.00,Petrol,Manual,First,17.0 ,1497,118,5.00,6350.00
2017.00,23576.00,Petrol,Automatic,First,18.9 ,1197,82,5.00,7080.00
2017.00,4000.00,Diesel,Automatic,First,13.6 ,1999,177,5.00,38000.00
2012.00,62000.00,Diesel,Manual,First,12.05 ,2179,120,8.00,6250.00
2011.00,36000.00,Petrol,Automatic,First,11.74 ,1796,186,5.00,10150.00
2014.00,80000.00,Petrol,Automatic,First,13.7 ,1798,157.75,5.00,10750.00
2012.00,137008.00,Diesel,Automatic,First,18.1 ,1991,147.9,4.00,4650.00
2010.00,61001.00,Diesel,Manual,First,12.05 ,2179,120,8.00,4750.00
2015.00,52191.00,Petrol,Manual,First,17.1 ,1591,121.3,5.00,7780.00
2016.00,77076.00,Diesel,Manual,First,23.0 ,1396,90,5.00,6750.00
2008.00,56000.00,Petrol,Automatic,First,16.4 ,1497,78,5.00,2990.00
2013.00,21000.00,Petrol,Manual,First,20.36 ,1197,78.9,5.00,2350.00
2013.00,89429.00,Diesel,Manual,First,25.8 ,1498,98.6,5.00,3650.00
2012.00,45631.00,Petrol,Manual,Second,22.5 ,998,67.04,5.00,2740.00
2013.00,53959.00,Petrol,Manual,First,19.4 ,1198,86.8,5.00,3500.00
2014.00,55804.00,Petrol,Manual,First,17.0 ,1197,80,5.00,4760.00
2016.00,25899.00,Petrol,Manual,First,15.04 ,1598,103.2,5.00,6200.00
2008.00,82000.00,Diesel,Manual,Second,18.7 ,1896,66,5.00,2350.00
2014.00,52000.00,Diesel,Automatic,First,13.0 ,2143,204,5.00,24500.00
2013.00,20000.00,Petrol,Manual,First,13.24 ,1598,102.57,5.00,6000.00
2017.00,31829.00,Petrol,Manual,First,21.1 ,814,55.2,5.00,3650.00
2016.00,18094.00,Petrol,Manual,Second,18.6 ,1197,85.8,5.00,6260.00
2011.00,80000.00,Diesel,Manual,Second,19.5 ,1461,null,5.00,2100.00
2015.00,11964.00,Diesel,Automatic,First,13.22 ,2967,241.4,5.00,32950.00
2018.00,22684.00,Petrol,Manual,First,18.6 ,1197,81.83,5.00,7800.00
2014.00,43521.00,Petrol,Manual,First,19.4 ,1198,86.8,5.00,4250.00
2014.00,49386.00,Petrol,Manual,First,17.5 ,1298,85.8,5.00,4860.00
2017.00,12248.00,Petrol,Manual,First,18.9 ,1197,81.86,5.00,4900.00
2014.00,67771.00,Diesel,Manual,First,11.68 ,2498,112,8.00,7060.00
2015.00,60007.00,Petrol,Automatic,First,17.21 ,1798,189,4.00,4500.00
2011.00,48624.00,Petrol,Manual,First,24.07 ,998,67.1,5.00,3220.00
2014.00,30000.00,Diesel,Manual,First,22.07 ,1199,73.9,5.00,3250.00
2016.00,81605.00,Petrol,Manual,First,18.9 ,1197,82,5.00,4530.00
2017.00,32642.00,Diesel,Automatic,First,14.84 ,2143,170,5.00,34780.00
2014.00,34200.00,Petrol,Automatic,First,15.74 ,1591,121.3,5.00,6500.00
2010.00,72204.00,Petrol,Manual,First,15.7 ,1172,67,5.00,2250.00
2011.00,156347.00,Diesel,Manual,Second,12.99 ,2494,100,8.00,8000.00
2017.00,47357.00,Diesel,Automatic,First,18.49 ,1493,100,7.00,8370.00
2015.00,61738.00,Diesel,Manual,First,20.14 ,1498,88.8,5.00,5390.00
2018.00,32586.00,Diesel,Automatic,First,22.48 ,1995,190,5.00,37300.00
2018.00,40129.00,Diesel,Automatic,First,11.57 ,2987,254.79,5.00,70800.00
2012.00,51000.00,Diesel,Automatic,First,11.74 ,2987,254.8,5.00,22250.00
2018.00,10393.00,Petrol,Manual,First,18.9 ,1197,81.86,5.00,6030.00
2011.00,46000.00,Petrol,Automatic,First,13.7 ,1798,157.75,5.00,4900.00
2013.00,21000.00,Petrol,Automatic,First,16.95 ,1197,78.9,5.00,3960.00
2011.00,113562.00,Diesel,Manual,First,23.0 ,1396,90,5.00,4600.00
2011.00,100010.00,Diesel,Manual,Second,12.05 ,2179,120,8.00,5500.00
2013.00,63107.00,Petrol,Manual,First,19.4 ,1198,86.8,5.00,3250.00
2017.00,58500.00,Petrol,Manual,First,18.6 ,1197,81.83,5.00,6250.00
2007.00,90000.00,Diesel,Manual,Fourth & Above,10.9 ,2499,143,7.00,3000.00
2011.00,108242.00,Diesel,Manual,First,16.8 ,1493,110,5.00,4250.00
2011.00,146300.00,Diesel,Manual,First,11.5 ,2982,171,7.00,12250.00
2011.00,62943.00,Diesel,Automatic,Second,17.05 ,1995,184,5.00,10950.00
2013.00,65000.00,Diesel,Automatic,First,12.55 ,2982,168.5,7.00,16500.00
2018.00,1700.00,Petrol,Automatic,First,19.0 ,1199,88.76,5.00,7800.00
2013.00,34697.00,Petrol,Manual,First,19.81 ,1086,68.05,5.00,3700.00
2012.00,58000.00,Petrol,Manual,First,17.0 ,1197,80,5.00,4000.00
2015.00,32500.00,Diesel,Automatic,First,19.59 ,1995,187.74,5.00,26750.00
2016.00,58661.00,Diesel,Automatic,First,15.17 ,1968,181,5.00,28030.00
2017.00,37124.00,Petrol,Manual,First,20.4 ,1197,81.80,5.00,5440.00
2017.00,44000.00,Petrol,Automatic,First,21.4 ,1197,83.1,5.00,6200.00
2005.00,45200.00,Petrol,Manual,First,13.2 ,1495,94,5.00,900.00
2016.00,11000.00,Petrol,Manual,First,18.5 ,1197,85.80,5.00,3950.00
2011.00,65000.00,Petrol,Manual,Second,26.0 ,624,35,4.00,440.00
2012.00,55005.00,Diesel,Manual,First,20.0 ,1399,68,5.00,2750.00
2011.00,81650.00,Diesel,Automatic,First,18.33 ,1968,167.7,5.00,7500.00
2010.00,160000.00,Diesel,Manual,Second,19.0 ,1248,93,5.00,2500.00
2015.00,169000.00,Diesel,Manual,First,14.95 ,2489,93.7,7.00,5000.00
2013.00,67263.00,Petrol,Manual,First,18.9 ,998,67.1,5.00,3600.00
2012.00,44223.00,Petrol,Manual,First,17.6 ,1496,88.7,5.00,3990.00
2015.00,36840.00,Petrol,Manual,First,18.9 ,1197,82,5.00,5640.00
2014.00,160000.00,Diesel,Manual,First,12.99 ,2494,100,8.00,12000.00
2008.00,133000.00,Diesel,Manual,First,16.8 ,1405,62,5.00,700.00
2015.00,69123.00,Diesel,Automatic,First,18.88 ,1995,184,5.00,19000.00
2017.00,38000.00,Diesel,Automatic,First,10.91 ,3198,197,7.00,30480.00
2017.00,5500.00,Petrol,Manual,First,21.56 ,1462,103.25,5.00,8200.00
2015.00,1001.00,Diesel,Manual,First,25.83 ,1498,99,5.00,7550.00
2007.00,59000.00,Petrol,Manual,Third,15.26 ,1150,74.9,5.00,990.00
2011.00,78256.00,Petrol,Automatic,First,16.8 ,1497,118,5.00,4150.00
2016.00,90000.00,Petrol,Manual,First,16.95 ,1498,97.6,5.00,6200.00
2016.00,18000.00,Petrol,Manual,First,19.1 ,1197,85.8,5.00,4400.00
2012.00,60000.00,Diesel,Manual,First,20.0 ,1399,68,5.00,2100.00
2011.00,130000.00,Diesel,Manual,First,20.3 ,1248,75,5.00,2200.00
2018.00,32851.00,Petrol,Manual,First,18.6 ,1197,81.86,5.00,8340.00
2014.00,32000.00,Diesel,Manual,First,23.4 ,1248,74,5.00,4350.00
2014.00,62700.00,Diesel,Manual,First,22.7 ,1498,89.84,5.00,6800.00
2010.00,71000.00,Diesel,Manual,First,19.3 ,1248,73.9,5.00,3300.00
2016.00,19947.00,Petrol,Manual,First,18.9 ,1197,82,5.00,5040.00
2012.00,91000.00,Diesel,Automatic,First,11.4 ,2953,153.86,7.00,9200.00
2014.00,74000.00,Diesel,Manual,First,22.07 ,1199,73.9,5.00,5700.00
2018.00,55594.00,Diesel,Manual,First,18.49 ,1493,100,7.00,8480.00
2013.00,58000.00,Diesel,Automatic,First,11.2 ,2993,306,4.00,48000.00
2012.00,110224.00,Diesel,Manual,First,19.01 ,1461,108.45,5.00,6100.00
2010.00,21002.00,Petrol,Manual,First,22.5 ,998,67.04,5.00,2750.00
2017.00,121000.00,Diesel,Manual,First,24.52 ,1248,88.5,7.00,8000.00
2010.00,73513.00,Petrol,Manual,First,19.7 ,796,46.3,5.00,1850.00
2015.00,34000.00,Petrol,Automatic,First,20.51 ,998,67,5.00,3850.00
2017.00,28371.00,Petrol,Manual,First,15.1 ,1196,73,7.00,4740.00
2013.00,74755.00,Diesel,Manual,First,19.6 ,1461,108.45,5.00,5630.00
2011.00,25805.00,Petrol,Manual,First,18.2 ,1061,64,5.00,2620.00
2015.00,82603.00,Petrol,Manual,First,13.06 ,1598,102.53,5.00,4900.00
2006.00,110000.00,Petrol,Manual,First,13.5 ,1799,130,5.00,2650.00
2012.00,88000.00,Diesel,Manual,First,16.0 ,2179,140,7.00,5990.00
2011.00,110000.00,Diesel,Manual,Second,21.0 ,1461,64.1,5.00,2400.00
2017.00,15000.00,Petrol,Manual,First,21.7 ,999,67,5.00,4250.00
2013.00,70000.00,Diesel,Automatic,First,15.15 ,2967,240,5.00,40000.00
2008.00,150000.00,Diesel,Manual,Second,28.4 ,1248,74,5.00,2700.00
2016.00,19000.00,Petrol,Manual,First,20.63 ,1198,67,5.00,2990.00
2011.00,37442.00,Petrol,Manual,First,18.5 ,1197,80,5.00,3400.00
2016.00,63111.00,Diesel,Automatic,Second,18.12 ,1995,190,5.00,30800.00
2012.00,88000.00,Diesel,Manual,First,20.77 ,1248,88.8,7.00,5850.00
2014.00,42355.00,Petrol,Manual,First,18.9 ,1197,82,5.00,4000.00
2011.00,75871.00,Petrol,Automatic,First,9.43 ,2996,254,5.00,14120.00
2011.00,65000.00,Diesel,Manual,First,17.9 ,1998,163.7,5.00,4550.00
2015.00,69000.00,Diesel,Automatic,First,0.0 ,2987,165,5.00,38000.00
2011.00,79232.00,Diesel,Manual,First,21.1 ,1248,73.9,5.00,2900.00
2007.00,220000.00,Petrol,Automatic,Second,11.74 ,1796,186,5.00,6000.00
2016.00,28470.00,Petrol,Manual,First,18.6 ,1197,81.83,5.00,6950.00
2014.00,9759.00,Petrol,Manual,First,20.3 ,998,68.05,5.00,2750.00
2014.00,75216.00,Diesel,Manual,First,22.9 ,1248,74,5.00,5100.00
2017.00,8000.00,Petrol,Manual,First,18.6 ,1197,81.83,5.00,6750.00
2014.00,59451.00,Petrol,Manual,First,18.5 ,1197,85.80,5.00,3690.00
2013.00,53996.00,Diesel,Manual,First,22.9 ,1248,74,5.00,5450.00
2018.00,15135.00,Petrol,Manual,First,17.5 ,1199,88.7,5.00,9290.00
2015.00,53000.00,Petrol,Automatic,Second,16.9 ,1197,81.86,5.00,4000.00
2013.00,40000.00,Petrol,Manual,First,18.0 ,1198,86.7,5.00,2900.00
2013.00,21107.00,Petrol,Manual,First,17.1 ,1591,121.3,5.00,5250.00
2014.00,56000.00,Petrol,Manual,First,16.8 ,1497,116.3,5.00,5750.00
2017.00,19623.00,Petrol,Manual,First,15.29 ,1591,121.3,5.00,13120.00
2014.00,70963.00,Diesel,Manual,First,15.1 ,2179,140,7.00,7830.00
2013.00,25755.00,CNG,Manual,First,26.6,998,58.16,5.00,3150.00
2013.00,51450.00,Diesel,Manual,First,12.8 ,2494,102,7.00,10400.00
2012.00,75000.00,Diesel,Manual,First,22.9 ,1248,74,5.00,4350.00
2017.00,37832.00,Petrol,Automatic,First,22.5 ,998,67,5.00,5230.00
2016.00,43041.00,Petrol,Manual,First,18.9 ,1197,81.86,5.00,6010.00
2014.00,97236.00,Diesel,Manual,First,25.8 ,1498,98.6,5.00,4400.00
2010.00,83000.00,Diesel,Automatic,First,16.07 ,1995,181,5.00,12750.00
2011.00,65000.00,Petrol,Manual,First,15.6 ,1196,70,5.00,2400.00
2018.00,46007.00,Petrol,Manual,First,17.0 ,1198,73.75,5.00,5710.00
2015.00,65925.00,Diesel,Manual,Second,22.7 ,1498,89.84,5.00,5490.00
2004.00,73500.00,Petrol,Manual,Second,13.0 ,1343,90,5.00,1300.00
2014.00,55000.00,Diesel,Manual,First,16.0 ,2179,140,7.00,8500.00
2012.00,115000.00,Diesel,Manual,First,13.0 ,2982,168.5,7.00,12990.00
2017.00,31184.00,Petrol,Manual,First,18.9 ,1197,81.86,5.00,5000.00
2017.00,41747.00,Diesel,Automatic,First,28.4 ,1248,73.75,5.00,9000.00
2016.00,38143.00,Diesel,Manual,First,22.9 ,1248,74,5.00,5220.00
2012.00,19030.00,Petrol,Manual,First,16.47 ,1198,73.9,5.00,3800.00
2019.00,20877.00,Petrol,Manual,First,18.16 ,1197,78.9,5.00,7270.00
2016.00,23555.00,Petrol,Manual,First,22.0 ,1197,81.80,5.00,5100.00
2013.00,29000.00,Diesel,Automatic,First,14.21 ,2143,203,5.00,29000.00
2013.00,61000.00,Petrol,Manual,First,18.9 ,998,67.1,5.00,2900.00
2012.00,4187.00,Petrol,Manual,First,26.0 ,624,35,4.00,1380.00
2011.00,46000.00,Petrol,Manual,First,13.4 ,1798,157.8,5.00,5500.00
2016.00,28000.00,Petrol,Automatic,First,17.21 ,1197,103.5,5.00,7250.00
2014.00,83558.00,Diesel,Manual,First,22.32 ,1582,126.32,5.00,6980.00
2017.00,40000.00,Diesel,Manual,First,22.95 ,1248,74,5.00,5250.00
2013.00,36000.00,Petrol,Manual,First,21.1 ,814,55.2,5.00,1950.00
2014.00,21000.00,Diesel,Automatic,First,17.11 ,1968,174.33,5.00,24500.00
2013.00,62162.00,Diesel,Manual,First,12.99 ,2494,100,7.00,8310.00
2012.00,83000.00,Diesel,Automatic,First,11.74 ,2987,254.8,5.00,36000.00
2015.00,58000.00,Diesel,Manual,First,24.4 ,1120,71,5.00,5500.00
2011.00,62332.00,Petrol,Automatic,First,11.7 ,2354,177.6,5.00,5890.00
2016.00,50867.00,Diesel,Manual,First,20.34 ,1498,103.2,5.00,7950.00
2010.00,73000.00,Petrol,Manual,First,17.0 ,1197,80,5.00,2750.00
2012.00,98008.00,Diesel,Manual,First,22.7 ,1582,126.24,5.00,6250.00
2015.00,36000.00,Diesel,Manual,First,20.0 ,1399,68.05,5.00,4950.00
2019.00,27339.00,Petrol,Manual,First,18.6 ,1197,81.83,5.00,6270.00
2017.00,25000.00,Diesel,Manual,First,23.9 ,1582,126.2,5.00,8650.00
2014.00,37000.00,Petrol,Manual,First,18.9 ,1197,82,5.00,3500.00
2015.00,56000.00,Diesel,Automatic,First,14.16 ,1968,174.3,5.00,35000.00
2015.00,27000.00,Petrol,Manual,First,17.5 ,1298,85.8,5.00,4450.00
2012.00,37000.00,Petrol,Manual,First,18.5 ,1197,80,5.00,2650.00
2017.00,10500.00,Diesel,Manual,First,25.32 ,1198,77,5.00,4700.00
2014.00,49000.00,Diesel,Automatic,First,18.23 ,1582,126.2,5.00,8900.00
2017.00,7000.00,Diesel,Manual,First,17.1 ,1956,170,5.00,17450.00
2017.00,71256.00,Diesel,Manual,First,24.3 ,1248,88.5,5.00,9580.00
2012.00,83184.00,Petrol,Manual,First,14.28 ,1798,138.03,5.00,6220.00
2013.00,87284.00,Diesel,Manual,First,15.1 ,2179,140,7.00,7800.00
2016.00,7000.00,Diesel,Automatic,First,20.68 ,1995,190,5.00,27750.00
2015.00,29000.00,Diesel,Manual,Second,22.54 ,1396,88.73,5.00,7000.00
2017.00,33552.00,Diesel,Automatic,First,11.57 ,2987,254.79,5.00,64870.00
2013.00,64000.00,Diesel,Manual,Second,17.3 ,1998,163.7,5.00,6500.00
2011.00,82000.00,Petrol,Manual,Second,18.5 ,1197,80,5.00,2700.00
2012.00,70000.00,Petrol,Manual,Second,19.4 ,1198,86.8,5.00,2500.00
2013.00,166194.00,Diesel,Manual,First,19.3 ,1461,84.8,7.00,3900.00
2015.00,58000.00,Petrol,Manual,First,16.47 ,1198,73.9,5.00,3950.00
2010.00,77000.00,Petrol,Manual,Second,20.36 ,1197,78.9,5.00,2100.00
2009.00,73204.00,Diesel,Automatic,Third,18.1 ,1991,147.9,4.00,3500.00
2007.00,70000.00,Petrol,Manual,Second,19.81 ,1086,68.05,5.00,2000.00
2014.00,79870.00,Diesel,Manual,First,20.77 ,1248,88.76,7.00,5350.00
2013.00,90000.00,Diesel,Manual,First,25.8 ,1498,98.6,5.00,3800.00
2016.00,17000.00,Petrol,Automatic,First,15.5 ,1595,122,5.00,17250.00
2018.00,46493.00,Petrol,Manual,First,18.9 ,1197,81.86,5.00,5530.00
2009.00,68000.00,Petrol,Manual,Third,20.36 ,1197,78.9,5.00,1950.00
2017.00,2000.00,Diesel,Manual,First,28.4 ,1248,74,5.00,8200.00
1999.00,140000.00,Petrol,Manual,First,13.0 ,1343,90,5.00,900.00
2013.00,255000.00,Diesel,Manual,Third,12.99 ,2494,100.6,7.00,6500.00
2014.00,45535.00,Diesel,Automatic,First,23.8 ,1998,112,5.00,19410.00
2016.00,39228.00,Petrol,Manual,First,15.7 ,1368,112.4,5.00,6580.00
2011.00,57000.00,Petrol,Manual,Second,14.49 ,1399,92.7,5.00,2100.00
2008.00,85445.00,Petrol,Manual,Second,19.81 ,1086,68.05,5.00,2000.00
2015.00,54000.00,Diesel,Manual,First,24.4 ,1120,71,5.00,3700.00
2014.00,53000.00,Petrol,Automatic,First,23.1 ,998,67.04,5.00,3800.00
2014.00,60000.00,Petrol,Manual,First,20.36 ,1197,78.9,5.00,3250.00
2015.00,65668.00,Diesel,Manual,First,19.87 ,1461,83.8,5.00,5530.00
2011.00,100000.00,Diesel,Automatic,Second,22.69 ,1995,190,5.00,10900.00
2018.00,1800.00,Petrol,Manual,First,18.9 ,1197,82,5.00,5100.00
2007.00,96000.00,Petrol,Manual,Second,0.0 ,999,null,5.00,2200.00
2009.00,44200.00,Petrol,Manual,Second,18.0 ,995,62,5.00,1600.00
2018.00,14000.00,Petrol,Manual,First,17.4 ,1497,117.3,5.00,11250.00
2013.00,720000.00,Diesel,Manual,First,20.54 ,1598,103.6,5.00,5900.00
2012.00,73000.00,Diesel,Automatic,First,11.5 ,2982,169,7.00,14400.00
2011.00,68000.00,Petrol,Manual,First,17.0 ,1497,118,5.00,3600.00
2017.00,19543.00,Diesel,Automatic,First,18.12 ,1995,190,5.00,40500.00
2014.00,38000.00,Diesel,Automatic,Second,14.16 ,1968,174.3,5.00,38950.00
2014.00,32805.00,Diesel,Manual,First,23.2 ,1248,73.94,5.00,3600.00
2016.00,44782.00,Diesel,Automatic,First,21.21 ,1498,103.2,5.00,7120.00
2016.00,55700.00,Diesel,Manual,First,26.0 ,1498,98.6,5.00,7520.00
2012.00,60000.00,Diesel,Automatic,Second,15.2 ,1968,140.8,5.00,10350.00
2014.00,56000.00,Petrol,Manual,First,15.0 ,1598,103.52,5.00,7000.00
2011.00,60000.00,Diesel,Manual,First,11.5 ,2982,171,7.00,10850.00
2010.00,78563.00,Diesel,Manual,First,16.52 ,1991,123.7,5.00,2350.00
2014.00,34669.00,Petrol,Manual,First,15.1 ,1196,73,7.00,2900.00
2017.00,17000.00,Petrol,Manual,First,20.73 ,1373,91.1,5.00,7650.00
2016.00,66000.00,Diesel,Manual,First,28.09 ,1248,88.5,5.00,6400.00
2014.00,102418.00,Diesel,Manual,First,12.99 ,2494,100.6,7.00,10100.00
2014.00,48800.00,Petrol,Manual,First,19.1 ,1197,85.8,5.00,4250.00
2019.00,10601.00,Diesel,Automatic,First,11.36 ,2755,171.5,7.00,19650.00
2017.00,8200.00,Diesel,Manual,First,25.0 ,1396,69,5.00,4400.00
2012.00,100000.00,Petrol,Manual,First,18.5 ,1197,82.85,5.00,3250.00
2012.00,78000.00,Diesel,Manual,First,17.8 ,1399,68,5.00,2800.00
2015.00,50000.00,Diesel,Manual,First,18.2 ,1248,73.74,8.00,4300.00
2006.00,89327.00,Diesel,Manual,Third,17.8 ,1399,68,5.00,1550.00
2007.00,98000.00,Petrol,Manual,Second,10.8 ,2354,152,5.00,4700.00
2017.00,24700.00,Petrol,Manual,First,18.7 ,1199,88.7,5.00,7070.00
2018.00,6000.00,Diesel,Automatic,First,11.0 ,2987,258,7.00,79000.00
2018.00,9434.00,Petrol,Manual,First,18.9 ,1197,81.86,5.00,5750.00
2012.00,29000.00,Petrol,Manual,First,18.5 ,1197,85.80,5.00,3250.00
2017.00,22440.00,Diesel,Automatic,First,22.0 ,1498,108.495,5.00,8890.00
2015.00,73070.00,Petrol,Manual,First,17.4 ,1497,117.3,5.00,5900.00
2016.00,21771.00,Petrol,Manual,First,18.7 ,1199,88.7,5.00,4950.00
2014.00,62000.00,Diesel,Manual,First,17.8 ,1248,75,5.00,3750.00
2017.00,37024.00,Diesel,Automatic,First,17.01 ,1582,126.2,5.00,10970.00
2014.00,60336.00,Diesel,Automatic,Second,14.4 ,2967,241.4,5.00,24940.00
2014.00,26008.00,Petrol,Manual,First,21.1 ,814,55.2,5.00,1970.00
2010.00,90000.00,Diesel,Manual,Second,20.0 ,1399,68,5.00,1400.00
2018.00,35569.00,Petrol,Manual,First,17.0 ,1198,73.75,5.00,7270.00
2013.00,40000.00,Diesel,Manual,First,21.64 ,1461,84.8,5.00,4000.00
2015.00,45000.00,Petrol,Manual,First,18.7 ,1199,88.7,5.00,4750.00
2015.00,42000.00,Petrol,Manual,First,17.0 ,1197,80,5.00,5100.00
2012.00,46913.00,Diesel,Automatic,First,14.94 ,2967,241.4,5.00,16110.00
2014.00,62000.00,Diesel,Automatic,First,11.18 ,2696,184,7.00,10550.00
2017.00,15000.00,Diesel,Automatic,First,12.9 ,2755,174.5,7.00,30000.00
2002.00,69000.00,Diesel,Manual,First,18.7 ,1896,66,5.00,1600.00
2012.00,41367.00,Diesel,Automatic,First,15.8 ,2148,170,5.00,18490.00
2018.00,15982.00,Petrol,Manual,First,20.73 ,1373,91.1,5.00,9960.00
2013.00,99595.00,Diesel,Manual,Second,22.9 ,1248,74,5.00,4750.00
2002.00,63000.00,Diesel,Manual,Third,13.1 ,2446,75,10.00,3650.00
2012.00,49000.00,Diesel,Automatic,Second,16.73 ,2495,218,5.00,15500.00
2013.00,48272.00,Diesel,Manual,First,10.5 ,2835,116.9,6.00,11820.00
2008.00,63000.00,Petrol,Manual,First,13.4 ,1794,125,5.00,2050.00
2016.00,77000.00,CNG,Manual,First,26.6,998,58.16,5.00,3300.00
2013.00,11734.00,Petrol,Manual,First,16.8 ,796,34.2,8.00,2250.00
2014.00,62012.00,Diesel,Automatic,First,17.68 ,1968,174.33,5.00,20120.00
2017.00,46000.00,CNG,Manual,First,25.0,1197,81.86,5.00,4950.00
2016.00,45449.00,Diesel,Manual,First,27.3 ,1498,98.6,5.00,7480.00
2004.00,85000.00,Petrol,Automatic,Second,10.5 ,1796,157.7,5.00,5500.00
2005.00,88000.00,Petrol,Manual,Second,13.0 ,1493,100,,1700.00
2013.00,45330.00,Diesel,Automatic,First,16.55 ,1968,147.51,5.00,13190.00
2012.00,88000.00,Petrol,Manual,First,19.1 ,1197,85.8,5.00,3850.00
2016.00,45376.00,Diesel,Manual,First,28.4 ,1248,73.75,5.00,5750.00
2014.00,81000.00,Diesel,Manual,First,15.1 ,2179,140,7.00,9000.00
2012.00,83381.00,Petrol,Manual,First,18.6 ,1199,79.4,5.00,2210.00
2017.00,78526.00,Diesel,Manual,First,23.0 ,1498,98.96,5.00,8090.00
2017.00,27313.00,Diesel,Automatic,First,14.69 ,2993,258,5.00,48630.00
2015.00,42747.00,Diesel,Automatic,Second,14.16 ,1968,174.3,5.00,39470.00
2015.00,42265.00,Diesel,Automatic,Second,20.68 ,1995,190,5.00,22240.00
2009.00,21000.00,Petrol,Automatic,First,19.2 ,1197,80,5.00,2600.00
2016.00,55100.00,Diesel,Automatic,First,17.01 ,1582,126.2,5.00,12000.00
2014.00,70000.00,Diesel,Automatic,First,17.11 ,1968,174.33,5.00,18000.00
2007.00,55000.00,Petrol,Automatic,Third,10.13 ,3498,364.9,5.00,9990.00
2012.00,58235.00,Petrol,Manual,First,20.36 ,1197,78.9,5.00,2450.00
2017.00,26000.00,Diesel,Manual,First,23.0 ,1498,98.96,5.00,8990.00
2011.00,35000.00,Diesel,Manual,First,20.54 ,1598,103.6,5.00,3150.00
2017.00,24000.00,Diesel,Manual,First,28.4 ,1248,73.75,5.00,8200.00
2016.00,98000.00,Diesel,Manual,First,15.4 ,1997,120,7.00,11500.00
2016.00,44487.00,Diesel,Manual,First,22.54 ,1396,88.73,5.00,7300.00
2008.00,65000.00,Petrol,Manual,First,19.7 ,796,46.3,5.00,1590.00
2015.00,34951.00,Petrol,Manual,Second,20.36 ,1197,78.9,5.00,3150.00
2015.00,52373.00,Diesel,Manual,Second,15.4 ,2179,120,7.00,8500.00
2010.00,66285.00,Diesel,Manual,First,19.5 ,1199,75,5.00,3000.00
2012.00,66000.00,Diesel,Automatic,First,15.3 ,2993,258,5.00,21000.00
2016.00,43000.00,Diesel,Manual,First,27.3 ,1498,98.6,5.00,7750.00
2013.00,45200.00,Diesel,Automatic,First,10.0 ,2148,170,5.00,23000.00
2016.00,41000.00,Diesel,Automatic,First,16.0 ,2179,140,7.00,13750.00
2017.00,39430.00,Petrol,Automatic,First,18.0 ,1497,117.3,5.00,8290.00
2014.00,83274.00,Diesel,Manual,First,22.9 ,1248,74,5.00,5790.00
2017.00,32324.00,Diesel,Automatic,First,14.84 ,2143,170,5.00,30500.00
2011.00,49999.00,Petrol,Manual,First,17.0 ,1497,118,5.00,3800.00
2014.00,66000.00,Diesel,Manual,First,15.3 ,2956,83.8,7.00,4450.00
2012.00,54000.00,Petrol,Manual,First,18.5 ,1197,82.85,5.00,3300.00
2009.00,80000.00,Diesel,Manual,Second,20.4 ,1248,91.2,5.00,1750.00
2011.00,72000.00,Petrol,Automatic,Second,12.9 ,1799,130,5.00,5500.00
2017.00,44865.00,Diesel,Manual,First,19.67 ,1582,126.2,5.00,13350.00
2017.00,22000.00,Diesel,Automatic,Second,20.38 ,1968,143,5.00,22500.00
2013.00,57478.00,Petrol,Manual,Second,17.0 ,1591,121.3,5.00,5250.00
2011.00,75000.00,Diesel,Manual,First,21.9 ,1396,90,5.00,3750.00
2015.00,50624.00,Diesel,Manual,First,24.2 ,1498,98.6,7.00,6320.00
2018.00,75000.00,Diesel,Automatic,First,22.32 ,1582,126.32,5.00,7750.00
2006.00,87000.00,Petrol,Manual,Second,15.3 ,1596,101,5.00,1370.00
2010.00,62000.00,Petrol,Manual,First,20.36 ,1197,78.9,5.00,2100.00
2016.00,41372.00,Diesel,Manual,First,24.3 ,1248,88.5,5.00,9300.00
2015.00,70000.00,Diesel,Manual,First,12.99 ,2494,100.6,7.00,12000.00
2017.00,35000.00,Diesel,Automatic,First,17.9 ,2143,136,5.00,23500.00
2006.00,71993.00,Petrol,Manual,First,19.7 ,796,46.3,5.00,1800.00
2013.00,62000.00,Diesel,Automatic,Second,14.84 ,2143,170,5.00,12500.00
2015.00,51000.00,Diesel,Manual,First,22.9 ,1248,74,5.00,4740.00
2016.00,26038.00,Petrol,Manual,First,18.9 ,1197,82,5.00,5430.00
2018.00,37713.00,Diesel,Automatic,Second,12.55 ,2982,168.5,7.00,31620.00
2011.00,78088.00,Petrol,Manual,First,12.4 ,1998,132,8.00,6300.00
2017.00,30453.00,Diesel,Manual,First,22.77 ,1498,98.59,5.00,8450.00
2016.00,54000.00,Petrol,Manual,First,18.16 ,1196,86.8,5.00,5000.00
2011.00,190000.00,Diesel,Manual,First,11.5 ,2982,171,7.00,13000.00
2012.00,65097.00,Petrol,Manual,First,19.1 ,1197,85.8,5.00,4700.00
2018.00,28060.00,Petrol,Automatic,First,12.05 ,2979,320,5.00,93670.00
2012.00,282000.00,Petrol,Manual,First,13.14 ,1798,160,5.00,3300.00
2009.00,111000.00,Petrol,Manual,Second,18.9 ,1061,67,5.00,1510.00
2013.00,63295.00,Diesel,Manual,First,19.01 ,1461,108.45,5.00,6090.00
2015.00,35770.00,Petrol,Manual,First,20.73 ,1373,91.1,5.00,5950.00
2012.00,125928.00,Diesel,Manual,First,22.7 ,1582,126.24,5.00,9000.00
2015.00,45000.00,Diesel,Automatic,First,21.66 ,1498,103.52,5.00,4250.00
2013.00,21000.00,Diesel,Automatic,First,14.84 ,2143,170,5.00,23500.00
2011.00,54774.00,Petrol,Automatic,First,11.7 ,2354,177.6,5.00,6350.00
2014.00,41123.00,Petrol,Manual,First,23.1 ,998,67.04,5.00,3400.00
2017.00,17465.00,Petrol,Automatic,First,12.05 ,2979,320,5.00,93000.00
2014.00,48000.00,Diesel,Automatic,First,22.69 ,1995,190,5.00,21600.00
2011.00,173000.00,Diesel,Manual,First,20.54 ,1598,103.6,5.00,4000.00
2018.00,12000.00,Diesel,Manual,First,23.4 ,1248,74,5.00,5500.00
2012.00,34000.00,Diesel,Automatic,First,12.39 ,2179,147.51,5.00,19250.00
2012.00,71360.00,Diesel,Manual,First,21.9 ,1396,90,5.00,3950.00
2012.00,74000.00,Diesel,Manual,Second,28.4 ,1248,73.75,5.00,4250.00
2018.00,28937.00,Diesel,Manual,First,17.1 ,1956,170,5.00,17020.00
2012.00,82085.00,Diesel,Manual,First,20.77 ,1248,88.76,7.00,6500.00
2011.00,68465.00,Petrol,Manual,First,15.6 ,1196,70,5.00,2950.00
2013.00,63854.00,Diesel,Manual,First,21.43 ,1364,86.79,5.00,7120.00
2018.00,3000.00,Diesel,Automatic,First,24.3 ,1248,88.5,5.00,11250.00
2009.00,65055.00,Petrol,Manual,First,17.0 ,1497,118,5.00,2750.00
2015.00,120000.00,Diesel,Manual,First,15.4 ,2179,120,7.00,12000.00
2014.00,64241.00,Petrol,Manual,First,20.14 ,1197,81.86,5.00,3670.00
2001.00,121000.00,Diesel,Manual,First,15.0 ,2148,null,5.00,5000.00
2008.00,2200.00,Petrol,Manual,First,15.7 ,1390,75,5.00,2300.00
2008.00,88123.00,Diesel,Manual,First,18.7 ,1896,66,5.00,2200.00
2014.00,79000.00,Diesel,Automatic,First,12.0 ,2987,224,7.00,41000.00
2016.00,28143.00,Diesel,Automatic,First,20.68 ,1995,190,5.00,28500.00
2015.00,23001.00,Petrol,Manual,First,15.04 ,1598,103.2,5.00,5490.00
2013.00,82002.00,Diesel,Automatic,Second,16.55 ,1968,147.51,5.00,17500.00
2009.00,75000.00,Diesel,Manual,First,13.8 ,1399,68,5.00,1990.00
2016.00,37451.00,Diesel,Manual,First,22.32 ,1582,126.3,5.00,6640.00
2017.00,67000.00,Diesel,Manual,First,13.68 ,2393,147.8,7.00,16500.00
2016.00,25000.00,Petrol,Manual,First,18.9 ,1197,82,5.00,5000.00
2017.00,12000.00,Petrol,Manual,First,17.0 ,1198,73.75,5.00,5400.00
2017.00,25000.00,Petrol,Manual,First,25.17 ,799,53.3,5.00,2990.00
2011.00,95936.00,Petrol,Manual,First,17.0 ,1497,118,5.00,4100.00
2018.00,5354.00,Petrol,Automatic,First,18.9 ,1197,81.86,5.00,6760.00
2016.00,42000.00,Petrol,Manual,Second,18.78 ,999,75,5.00,5500.00
2014.00,44282.00,Diesel,Manual,First,25.2 ,1248,74,5.00,5990.00
2012.00,70000.00,Diesel,Manual,First,21.64 ,1461,84.8,5.00,2590.00
2013.00,31400.00,Diesel,Automatic,First,16.36 ,2179,187.7,5.00,26750.00
2016.00,50000.00,Diesel,Manual,First,28.09 ,1248,88.5,5.00,8500.00
2011.00,53000.00,Diesel,Automatic,First,12.8 ,1968,167.6,5.00,23000.00
2014.00,21727.00,Petrol,Manual,First,15.6 ,1196,70.02,5.00,3350.00
2012.00,43000.00,Diesel,Automatic,Second,11.72 ,2199,194.3,7.00,10750.00
2013.00,75000.00,Diesel,Manual,First,12.05 ,2179,120,8.00,6290.00
2014.00,73557.00,Diesel,Manual,First,19.6 ,1461,108.45,5.00,7750.00
2012.00,44555.00,Diesel,Automatic,First,15.2 ,1968,140.8,5.00,13500.00
2013.00,54885.00,Petrol,Manual,First,15.1 ,1196,73,7.00,3750.00
2011.00,76000.00,Diesel,Manual,Second,14.0 ,2498,112,7.00,3750.00
2006.00,101000.00,Petrol,Manual,Second,18.9 ,998,67.1,5.00,1500.00
2005.00,66000.00,Petrol,Manual,First,14.0 ,1061,64,5.00,1450.00
2013.00,84360.00,Petrol,Manual,First,15.5 ,1586,103.3,5.00,4120.00
2016.00,25121.00,Diesel,Manual,First,13.68 ,2393,147.8,7.00,17110.00
2015.00,100000.00,Diesel,Manual,Second,12.99 ,2494,100.6,7.00,10250.00
2011.00,66035.00,Diesel,Manual,First,22.07 ,1199,73.9,5.00,2490.00
2015.00,190000.00,Petrol,Manual,Second,16.78 ,1496,88.73,5.00,3850.00
2014.00,85670.00,Diesel,Manual,First,22.7 ,1498,89.84,5.00,6250.00
2015.00,35000.00,Diesel,Manual,First,24.0 ,1120,70,5.00,4880.00
2016.00,8000.00,Petrol,Automatic,First,18.0 ,1497,117.3,5.00,9450.00
2007.00,162000.00,Diesel,Manual,Second,12.8 ,2494,102,8.00,4800.00
2012.00,60000.00,Petrol,Manual,First,21.1 ,814,55.2,5.00,1990.00
2010.00,70600.00,Petrol,Manual,First,20.36 ,1197,78.9,5.00,2800.00
2011.00,25000.00,Petrol,Automatic,Second,12.3 ,1796,185,5.00,22000.00
2012.00,75000.00,Diesel,Manual,First,15.96 ,2523,62.1,7.00,4300.00
2014.00,85071.00,Diesel,Automatic,First,20.0 ,1968,138.1,5.00,9750.00
2015.00,40000.00,Petrol,Manual,First,20.4 ,1197,81.80,5.00,5900.00
2013.00,67000.00,Diesel,Automatic,First,16.55 ,1968,147.51,5.00,14500.00
2009.00,55000.00,Diesel,Manual,Second,17.8 ,1399,68,5.00,2400.00
2008.00,62000.00,Petrol,Manual,Second,15.0 ,1586,104.68,5.00,2110.00
2017.00,22526.00,Petrol,Automatic,First,18.9 ,1197,82,5.00,7600.00
2012.00,57788.00,Petrol,Automatic,First,17.16 ,1197,85.80,5.00,3600.00
2013.00,72000.00,Diesel,Manual,First,10.5 ,2179,120,8.00,6000.00
2014.00,83128.00,Diesel,Manual,First,15.4 ,2179,120,7.00,7450.00
2011.00,75000.00,Petrol,Manual,First,19.7 ,796,46.3,5.00,2100.00
2013.00,58000.00,Diesel,Manual,Second,19.01 ,1461,108.45,5.00,5200.00
2009.00,26000.00,Diesel,Manual,First,0.0 ,2498,null,6.00,6990.00
2017.00,1000.00,Petrol,Manual,First,20.89 ,1197,81.80,5.00,6360.00
2015.00,59751.00,Diesel,Manual,First,12.99 ,2494,100.6,7.00,11620.00
2015.00,29966.00,Diesel,Automatic,Second,16.77 ,2993,261.49,5.00,43600.00
2009.00,65000.00,Diesel,Manual,Second,13.6 ,1991,142,5.00,4900.00
2015.00,75863.00,Diesel,Manual,First,19.01 ,1461,108.45,5.00,6700.00
2013.00,54000.00,CNG,Manual,First,33.54,998,67.04,5.00,3050.00
2014.00,24000.00,Diesel,Automatic,First,17.11 ,1968,174.33,5.00,25000.00
2018.00,33218.00,Diesel,Manual,First,17.1 ,1956,170,5.00,19050.00
2015.00,33425.00,Petrol,Manual,First,17.43 ,1396,105.5,5.00,4500.00
2013.00,47000.00,Petrol,Manual,First,18.0 ,1198,86.7,5.00,4150.00
2015.00,41000.00,Diesel,Manual,First,19.67 ,1582,126.2,5.00,11900.00
2011.00,62000.00,Petrol,Manual,First,19.81 ,1086,68.05,5.00,2100.00
2016.00,47035.00,Diesel,Manual,First,18.49 ,1493,100,7.00,6950.00
2008.00,56230.00,Petrol,Manual,Second,17.5 ,1298,85.8,5.00,2400.00
2007.00,55000.00,Petrol,Manual,First,13.2 ,1495,94,5.00,2650.00
2014.00,70669.00,Diesel,Manual,First,15.1 ,2179,140,7.00,9000.00
2012.00,69000.00,Petrol,Manual,First,20.92 ,998,67.1,5.00,2100.00
2011.00,65000.00,Petrol,Manual,Second,18.6 ,1199,79.4,5.00,2500.00
2009.00,30000.00,Diesel,Automatic,First,12.4 ,2698,179.5,5.00,8950.00
2017.00,2000.00,Diesel,Automatic,First,20.7 ,1496,113.98,5.00,34000.00
2011.00,24255.00,Petrol,Manual,First,16.1 ,,,,3150.00
2015.00,40000.00,Petrol,Manual,First,17.57 ,1193,88.7,5.00,4000.00
2014.00,40000.00,Diesel,Manual,First,26.0 ,1498,98.6,5.00,4450.00
2010.00,26000.00,Petrol,Manual,First,18.6 ,1199,79.4,5.00,1500.00
2011.00,105000.00,Diesel,Automatic,Second,16.55 ,1968,140,5.00,14500.00
2015.00,2800.00,Diesel,Manual,First,26.1 ,1498,99,5.00,8410.00
2014.00,71000.00,Diesel,Automatic,Second,19.08 ,1582,126.32,5.00,5450.00
2015.00,32896.00,Petrol,Automatic,First,18.0 ,1497,117.3,5.00,8900.00
2012.00,45000.00,Petrol,Manual,First,20.36 ,1197,78.9,5.00,3650.00
2015.00,65000.00,Diesel,Automatic,Second,18.56 ,1995,190,5.00,29000.00
2013.00,45200.00,Diesel,Automatic,First,16.55 ,1968,147.51,5.00,13500.00
2008.00,82167.00,Petrol,Automatic,First,10.1 ,2354,152,5.00,5400.00
2016.00,37429.00,Petrol,Manual,First,18.9 ,1197,81.86,5.00,5890.00
2016.00,46000.00,Diesel,Manual,First,28.09 ,1248,88.5,5.00,8450.00
2011.00,67031.00,Petrol,Manual,First,17.4 ,1497,117.3,5.00,4000.00
2013.00,30000.00,Diesel,Automatic,First,9.52 ,2993,313,4.00,45000.00
2016.00,47691.00,Petrol,Automatic,First,23.1 ,998,67.04,5.00,3940.00
2011.00,32531.00,Diesel,Automatic,Second,13.73 ,1995,148,5.00,8000.00
2013.00,71336.00,Diesel,Manual,First,20.0 ,1399,68,5.00,4100.00
2006.00,196000.00,Diesel,Manual,First,12.8 ,2494,102,7.00,6250.00
2015.00,28193.00,Diesel,Manual,First,28.4 ,1248,73.75,5.00,5250.00
2019.00,2526.00,Petrol,Automatic,First,19.0 ,2996,362.07,2.00,83960.00
2004.00,52146.00,Petrol,Manual,First,0.0 ,,,,1930.00
2013.00,85000.00,Diesel,Automatic,First,16.1 ,1950,194,5.00,21000.00
2015.00,20780.00,Petrol,Manual,First,18.9 ,1197,81.86,5.00,4300.00
2014.00,43081.00,Petrol,Manual,First,17.3 ,1497,117.3,7.00,5250.00
2010.00,35000.00,Petrol,Automatic,Second,11.9 ,4806,550,5.00,32000.00
2013.00,36000.00,Diesel,Manual,First,17.21 ,1493,100,7.00,3900.00
2007.00,67000.00,Petrol,Manual,Third,13.4 ,1794,125,5.00,2200.00
2016.00,34079.00,Diesel,Manual,First,25.32 ,1198,77,6.00,3700.00
2010.00,77849.00,Petrol,Automatic,Second,10.9 ,2497,215,5.00,11270.00
2013.00,86000.00,Petrol,Manual,First,22.74 ,796,47.3,5.00,2410.00
2015.00,110000.00,Diesel,Automatic,First,15.73 ,1968,174.33,5.00,19000.00
2015.00,116000.00,Diesel,Manual,Second,23.59 ,1364,67.05,5.00,5800.00
2016.00,41840.00,Diesel,Manual,First,15.1 ,2179,140,7.00,13520.00
2015.00,19317.00,Diesel,Manual,First,13.0 ,2982,168.7,7.00,24500.00
2014.00,41000.00,CNG,Manual,First,24.6,1193,55.23,5.00,3250.00
2017.00,25601.00,Diesel,Automatic,First,17.9 ,2143,201.15,5.00,56730.00
2015.00,83950.00,Diesel,Manual,First,19.67 ,1582,126.2,5.00,9950.00
2012.00,60000.00,Petrol,Automatic,First,16.8 ,1497,118,5.00,5500.00
2015.00,50000.00,Diesel,Automatic,First,17.11 ,1968,174.33,5.00,25000.00
2009.00,37000.00,Petrol,Manual,First,17.3 ,993,60,5.00,1000.00
2011.00,76976.00,Petrol,Manual,Second,19.7 ,796,46.3,5.00,2150.00
2018.00,21684.00,Petrol,Automatic,First,21.4 ,1197,83.1,5.00,7890.00
2015.00,62000.00,Diesel,Manual,First,16.0 ,2179,140,7.00,10250.00
2007.00,1261.00,Petrol,Manual,First,19.0 ,1194,94.68,5.00,6000.00
2017.00,59450.00,Petrol,Manual,First,18.6 ,1197,81.86,5.00,7530.00
2018.00,24465.00,Diesel,Automatic,First,19.27 ,2143,167.62,5.00,39450.00
2014.00,55000.00,Petrol,Manual,First,17.8 ,1497,117.3,5.00,5840.00
2017.00,2000.00,Petrol,Manual,First,18.88 ,1499,110.4,5.00,8650.00
2017.00,25040.00,Petrol,Manual,First,21.4 ,1197,83.1,5.00,7740.00
2008.00,84000.00,Petrol,Manual,First,20.36 ,1197,78.9,5.00,2500.00
2007.00,170428.00,Diesel,Manual,Second,12.8 ,2494,102,8.00,5700.00
2016.00,12573.00,Petrol,Manual,First,21.4 ,1197,83.1,5.00,5800.00
2012.00,88000.00,Diesel,Automatic,First,12.07 ,2967,241.4,7.00,36500.00
2012.00,86000.00,Diesel,Automatic,Second,13.01 ,2199,194.3,7.00,9500.00
2012.00,51019.00,Petrol,Manual,First,0.0 ,999,null,5.00,3480.00
2013.00,45000.00,Petrol,Manual,First,17.0 ,1497,118,5.00,4550.00
2012.00,51000.00,Diesel,Manual,First,21.9 ,1396,90,5.00,3900.00
2007.00,92000.00,Diesel,Manual,First,13.6 ,2523,63,7.00,2700.00
2017.00,29000.00,Diesel,Automatic,First,12.9 ,2755,174.5,7.00,31000.00
2009.00,70521.00,Petrol,Automatic,Second,10.9 ,2497,215,5.00,10300.00
2010.00,51000.00,Diesel,Automatic,First,16.07 ,1995,181,5.00,7750.00
2012.00,52618.00,Petrol,Manual,First,18.9 ,998,67.1,5.00,3200.00
2013.00,68000.00,Diesel,Manual,First,25.47 ,1248,88.50,7.00,4850.00
2016.00,29022.00,Diesel,Automatic,Second,15.68 ,1999,177,5.00,34080.00
2017.00,80000.00,Diesel,Manual,First,24.52 ,1248,88.5,7.00,8100.00
2016.00,78000.00,Diesel,Manual,Second,25.0 ,1396,69.01,5.00,2350.00
2012.00,100000.00,Petrol,Manual,First,20.92 ,998,67.1,5.00,1800.00
2015.00,31412.00,Petrol,Manual,First,21.1 ,814,55.2,5.00,3420.00
2010.00,78000.00,Diesel,Automatic,Second,11.4 ,2953,153.86,7.00,5340.00
2018.00,14000.00,Diesel,Automatic,First,12.62 ,2198,158,7.00,31990.00
2011.00,80000.00,Diesel,Manual,First,20.54 ,1598,103.6,5.00,4750.00
2014.00,46738.00,Petrol,Automatic,First,19.12 ,1373,91.1,5.00,6100.00
2013.00,54884.00,Petrol,Manual,Second,21.1 ,814,55.2,5.00,3690.00
2012.00,74500.00,Diesel,Automatic,Second,14.16 ,1968,174.3,5.00,15000.00
2016.00,67472.00,Diesel,Manual,First,16.0 ,2179,140,7.00,14500.00
2013.00,84000.00,Diesel,Manual,First,28.4 ,1248,74,5.00,5650.00
2011.00,77400.00,Diesel,Manual,First,21.1 ,1248,73.9,5.00,2500.00
2017.00,14470.00,Diesel,Automatic,First,19.71 ,2143,201.15,5.00,38500.00
2014.00,52108.00,Diesel,Manual,First,19.01 ,1461,108.45,5.00,5490.00
2013.00,40000.00,Petrol,Manual,First,19.1 ,1197,85.8,5.00,3550.00
2014.00,105044.00,Diesel,Manual,First,12.99 ,2494,100.6,7.00,10750.00
2016.00,24347.00,Petrol,Manual,First,15.8 ,1591,121.3,5.00,11000.00
2014.00,58000.00,Diesel,Manual,First,21.79 ,1248,88.73,5.00,4500.00
2014.00,49663.00,Diesel,Manual,First,15.1 ,2179,140,7.00,8420.00
2017.00,17000.00,Petrol,Automatic,First,18.0 ,1497,117.3,5.00,11600.00
2016.00,13418.00,Diesel,Automatic,First,16.36 ,2179,187.7,5.00,33630.00
2008.00,117080.00,Diesel,Manual,Third,17.8 ,1399,68,5.00,2250.00
2010.00,74000.00,Petrol,Automatic,First,10.8 ,2497,150,5.00,12950.00
2010.00,86514.00,Diesel,Manual,First,17.8 ,1248,null,5.00,4250.00
2014.00,66882.00,Diesel,Automatic,First,17.68 ,1968,174.33,5.00,25020.00
2014.00,41460.00,Petrol,Manual,First,18.5 ,1198,86.8,5.00,3950.00
2011.00,57000.00,Petrol,Automatic,First,16.8 ,1497,118,5.00,4400.00
2015.00,34010.00,Petrol,Manual,Third,16.47 ,1198,73.9,5.00,4950.00
2010.00,96813.00,Diesel,Manual,Second,12.05 ,2179,120,8.00,5500.00
2011.00,84000.00,Petrol,Manual,First,16.8 ,1497,116.3,5.00,3250.00
2013.00,50004.00,Petrol,Manual,First,15.0 ,1598,103.5,5.00,4020.00
2016.00,67995.00,Diesel,Manual,First,16.0 ,2179,140,7.00,11730.00
2012.00,55000.00,Diesel,Manual,First,15.0 ,1896,105,5.00,9500.00
2017.00,14900.00,Petrol,Automatic,First,21.4 ,1197,83.1,5.00,8600.00
2013.00,70961.00,Diesel,Manual,First,25.8 ,1498,98.6,5.00,4000.00
2015.00,40194.00,Petrol,Manual,First,15.04 ,1598,103.2,5.00,5550.00
2015.00,96000.00,Petrol,Manual,First,22.74 ,796,47.3,5.00,2500.00
2017.00,35000.00,Diesel,Automatic,First,18.0 ,2993,255,7.00,41600.00
2015.00,50000.00,Petrol,Automatic,First,18.0 ,1497,117.3,5.00,7410.00
2014.00,50000.00,Diesel,Manual,First,19.01 ,1461,108.5,5.00,6500.00
2008.00,26299.00,Petrol,Manual,First,19.7 ,796,46.3,5.00,1200.00
2015.00,150386.00,Diesel,Manual,First,14.24 ,2755,174.5,7.00,23000.00
2012.00,60000.00,Diesel,Manual,First,21.9 ,1396,90,5.00,2740.00
2013.00,65000.00,Diesel,Manual,First,20.0 ,1399,68,5.00,3900.00
2017.00,80000.00,Diesel,Manual,First,24.3 ,1248,88.5,5.00,8000.00
2012.00,92000.00,Diesel,Manual,Third,22.32 ,1582,126.32,5.00,4000.00
2016.00,13000.00,Petrol,Automatic,First,12.95 ,1999,152.88,5.00,17750.00
2013.00,73278.00,Diesel,Manual,First,21.1 ,1248,73.9,5.00,5050.00
2011.00,38000.00,Petrol,Automatic,First,10.8 ,1984,132,5.00,12000.00
2016.00,46936.00,Diesel,Automatic,First,13.0 ,2143,204,5.00,29600.00
2015.00,55000.00,Diesel,Manual,First,19.87 ,1461,83.8,5.00,6500.00
2014.00,19000.00,Petrol,Automatic,First,15.5 ,1198,86.7,5.00,4750.00
2016.00,42259.00,Diesel,Automatic,First,9.0 ,1984,181,5.00,24360.00
2011.00,14000.00,Petrol,Manual,Second,17.5 ,1197,85.8,5.00,3200.00
2016.00,16956.00,Petrol,Manual,First,22.5 ,998,67.04,5.00,3600.00
2017.00,15473.00,Petrol,Manual,First,16.8 ,796,34.2,5.00,3580.00
2011.00,75000.00,Diesel,Manual,First,21.5 ,1248,88.8,5.00,2500.00
2013.00,96000.00,Diesel,Manual,Second,23.5 ,1498,90,5.00,3500.00
2015.00,25000.00,Petrol,Automatic,First,19.16 ,2494,158.2,5.00,25000.00
2010.00,38000.00,Petrol,Manual,Second,22.5 ,998,67.04,5.00,1750.00
2005.00,54000.00,Diesel,Automatic,First,11.0 ,2987,198.5,5.00,10000.00
2018.00,4131.00,Petrol,Automatic,First,21.4 ,1197,83.1,5.00,7750.00
2016.00,31700.00,Petrol,Manual,First,18.7 ,1199,88.7,5.00,6450.00
2017.00,66988.00,Diesel,Automatic,First,15.4 ,2179,120,7.00,10000.00
2014.00,54230.00,Petrol,Manual,First,16.47 ,1198,74,5.00,4500.00
2015.00,35000.00,Petrol,Manual,First,17.0 ,1197,80,5.00,3400.00
2010.00,62714.00,Petrol,Automatic,First,12.1 ,2362,164.7,5.00,4500.00
2015.00,45295.00,Petrol,Manual,First,18.9 ,998,67.1,5.00,4300.00
2018.00,7000.00,Diesel,Automatic,First,18.12 ,1995,190,5.00,46000.00
2016.00,57000.00,Petrol,Automatic,First,24.07 ,998,67.1,5.00,3400.00
2013.00,40100.00,Diesel,Automatic,First,14.84 ,2143,170,5.00,14500.00
2013.00,56000.00,Petrol,Manual,First,24.7 ,796,47.3,5.00,2100.00
2012.00,15000.00,Petrol,Manual,First,18.6 ,1197,85.8,5.00,3650.00
2014.00,14000.00,Petrol,Manual,First,18.2 ,1199,82.5,5.00,3000.00
2009.00,68000.00,Diesel,Manual,Second,23.0 ,1396,90,5.00,3950.00
2012.00,83000.00,Diesel,Automatic,First,11.9 ,2496,163.2,5.00,6750.00
2013.00,81504.00,Diesel,Manual,First,21.43 ,1364,87.2,5.00,6530.00
2015.00,73500.00,Diesel,Manual,First,13.0 ,2982,168.5,7.00,22000.00
2013.00,52900.00,Petrol,Automatic,First,14.3 ,1598,103.52,5.00,4750.00
2017.00,20000.00,Petrol,Automatic,First,16.5 ,1198,86.8,5.00,5990.00
2011.00,46000.00,Petrol,Manual,First,16.47 ,1198,73.9,5.00,3050.00
2010.00,65000.00,Petrol,Manual,First,16.47 ,1198,73.9,5.00,2400.00
2007.00,42000.00,Petrol,Manual,Third,18.2 ,998,67.1,5.00,1300.00
2016.00,36681.00,Diesel,Manual,First,23.59 ,1364,67.06,5.00,6710.00
2014.00,67000.00,Diesel,Manual,Second,15.1 ,2179,140,7.00,7200.00
2016.00,18000.00,Petrol,Automatic,First,18.9 ,1197,82,5.00,5400.00
2015.00,56409.00,Diesel,Manual,First,22.7 ,1498,89.84,5.00,6630.00
2016.00,65263.00,CNG,Manual,First,17.5,1373,80.46,7.00,7500.00
2018.00,20300.00,Petrol,Automatic,First,18.0 ,1497,117.3,5.00,14210.00
2010.00,45008.00,Petrol,Manual,First,17.0 ,1497,118,5.00,3000.00
2017.00,21799.00,Petrol,Manual,First,23.1 ,998,67.04,5.00,5110.00
2011.00,57328.00,Petrol,Manual,First,15.04 ,1598,103.6,5.00,3390.00
2017.00,35358.00,Diesel,Automatic,First,11.36 ,2755,171.5,7.00,22990.00
2009.00,46946.00,Petrol,Manual,Second,18.5 ,1197,80,5.00,2350.00
2012.00,39772.00,Diesel,Manual,First,23.2 ,1248,73.94,5.00,2850.00
2014.00,58000.00,Diesel,Automatic,First,17.68 ,1968,174.33,5.00,18500.00
2014.00,52000.00,Petrol,Manual,First,13.24 ,1598,102.57,5.00,5990.00
2008.00,152000.00,Petrol,Manual,Second,13.5 ,1799,130,5.00,3000.00
2016.00,42700.00,Petrol,Manual,First,23.84 ,1199,84,5.00,3600.00
2014.00,60000.00,Diesel,Automatic,First,16.55 ,1968,147.51,5.00,24000.00
2015.00,33195.00,Petrol,Manual,First,19.1 ,1197,85.8,5.00,6260.00
2010.00,110000.00,Diesel,Manual,First,14.24 ,2755,174.5,7.00,13700.00
2016.00,52000.00,Diesel,Automatic,First,15.26 ,2143,203.2,5.00,35000.00
2015.00,64399.00,Diesel,Manual,First,21.9 ,1396,90,5.00,5020.00
2015.00,55000.00,Petrol,Manual,First,21.5 ,1197,81.80,5.00,3100.00
2012.00,50000.00,Diesel,Manual,First,20.54 ,1598,103.6,5.00,5500.00
2014.00,33485.00,Petrol,Manual,First,19.1 ,1197,85.8,5.00,3590.00
2015.00,32000.00,Diesel,Manual,First,20.4 ,1248,91.7,5.00,4650.00
2009.00,71400.00,Petrol,Manual,Third,17.0 ,1497,118,5.00,3800.00
2016.00,41713.00,Diesel,Manual,First,19.67 ,1582,126.2,5.00,12500.00
2017.00,46000.00,Diesel,Manual,First,25.6 ,1498,98.6,5.00,12900.00
2015.00,52950.00,Petrol,Manual,First,14.0 ,796,35,5.00,2350.00
2015.00,29500.00,Petrol,Manual,First,20.4 ,1197,81.80,5.00,4150.00
2012.00,63888.00,Diesel,Automatic,First,14.0 ,2987,224,5.00,22580.00
2016.00,60000.00,Petrol,Manual,First,24.7 ,796,47.3,5.00,2650.00
2010.00,59196.00,Petrol,Manual,Second,15.6 ,1196,70,5.00,2250.00
2016.00,121362.00,Diesel,Manual,First,13.68 ,2393,147.8,7.00,16000.00
2013.00,78000.00,Diesel,Automatic,First,18.48 ,1995,177,5.00,19500.00
2015.00,59000.00,Diesel,Automatic,First,13.01 ,2199,194.3,7.00,21000.00
2012.00,95000.00,Diesel,Automatic,Second,22.48 ,1995,190,5.00,17500.00
2010.00,84000.00,Diesel,Manual,Second,17.8 ,1399,68,5.00,2410.00
2012.00,58253.00,Diesel,Manual,Second,23.59 ,1364,null,5.00,4450.00
2014.00,64557.00,Diesel,Automatic,Second,12.7 ,2179,187.7,5.00,29930.00
2012.00,24500.00,Petrol,Manual,Second,18.3 ,,,,2950.00
2009.00,68078.00,Petrol,Manual,First,19.7 ,796,46.3,5.00,1020.00
2009.00,149706.00,Diesel,Manual,First,11.5 ,2982,171,7.00,11000.00
2004.00,215750.00,Diesel,Manual,Second,0.0 ,2446,null,10.00,3500.00
2013.00,25984.00,Petrol,Manual,First,15.8 ,1499,110,5.00,5350.00
2017.00,15544.00,Petrol,Manual,First,21.4 ,1197,83.1,5.00,5650.00
2015.00,34000.00,Diesel,Automatic,First,23.8 ,1998,112,5.00,22000.00
2013.00,24000.00,Petrol,Automatic,First,17.01 ,1591,121.4,5.00,5950.00
2011.00,95000.00,Diesel,Manual,Third,20.0 ,1399,68,5.00,2350.00
2014.00,52000.00,Diesel,Manual,Second,25.8 ,1498,98.6,5.00,4100.00
2012.00,135000.00,Diesel,Manual,First,19.01 ,1461,108.45,5.00,5400.00
2017.00,39000.00,Diesel,Manual,First,23.0 ,1498,98.96,5.00,8450.00
2013.00,45306.00,Diesel,Automatic,Second,11.2 ,2993,241,4.00,42500.00
2010.00,140000.00,Diesel,Manual,First,14.24 ,2755,174.5,7.00,10750.00
2010.00,55000.00,LPG,Manual,Second,13.45,1086,62.1,5.00,1650.00
2015.00,67415.00,Diesel,Automatic,First,11.18 ,2696,184,7.00,11030.00
2016.00,25562.00,Petrol,Manual,First,23.1 ,998,67.04,5.00,3500.00
2016.00,30292.00,Petrol,Manual,First,18.6 ,1197,81.83,5.00,6300.00
2014.00,84056.00,Petrol,Manual,First,18.88 ,999,123.24,5.00,6750.00
2017.00,62691.00,Diesel,Manual,First,26.21 ,1248,88.5,5.00,7500.00
2013.00,87000.00,Diesel,Automatic,First,17.11 ,1968,174.33,5.00,15500.00
2015.00,52513.00,Petrol,Manual,First,18.0 ,1198,86.7,5.00,4650.00
2016.00,43983.00,Petrol,Automatic,First,15.63 ,1499,110.4,5.00,7580.00
2013.00,90121.00,Petrol,Manual,First,20.92 ,998,67.1,5.00,2200.00
2011.00,50000.00,Diesel,Automatic,Third,16.77 ,2967,241.38,5.00,21000.00
2011.00,42500.00,Diesel,Automatic,First,18.33 ,1968,167.7,5.00,5250.00
2016.00,62192.00,Diesel,Manual,First,28.4 ,1248,74,5.00,5220.00
2011.00,128000.00,Diesel,Manual,Third,19.2 ,1461,65,5.00,2000.00
2018.00,38394.00,Petrol,Manual,First,21.56 ,1462,103.25,5.00,9180.00
2013.00,37287.00,Petrol,Manual,First,26.0 ,624,35,4.00,1740.00
2011.00,60000.00,Petrol,Automatic,First,16.8 ,1497,118,5.00,4450.00
2017.00,39419.00,Petrol,Manual,First,18.16 ,1196,86.8,5.00,4950.00
2014.00,55000.00,Diesel,Manual,First,22.54 ,1396,88.73,5.00,5640.00
2016.00,7000.00,Petrol,Manual,First,18.88 ,1499,110.4,5.00,6900.00
2011.00,85000.00,Diesel,Automatic,First,16.55 ,1968,147.51,5.00,13950.00
2013.00,51000.00,Diesel,Automatic,Second,20.58 ,1995,143,5.00,17000.00
2012.00,90000.00,Diesel,Manual,Second,13.93 ,2179,138.03,7.00,4600.00
2010.00,105000.00,Diesel,Manual,Second,12.05 ,2179,120,8.00,5210.00
2017.00,36458.00,Petrol,Manual,First,15.29 ,1591,121.3,5.00,12340.00
2006.00,109000.00,Petrol,Manual,First,16.9 ,1497,100,5.00,1500.00
2015.00,49000.00,Diesel,Automatic,First,17.05 ,1995,184,5.00,22990.00
2011.00,8000.00,Petrol,Automatic,First,9.0 ,3436,null,2.00,43000.00
2010.00,45000.00,Diesel,Automatic,First,14.7 ,2993,241.4,6.00,40000.00
2008.00,68000.00,Petrol,Manual,Third,19.7 ,796,46.3,5.00,1200.00
2011.00,54000.00,Petrol,Automatic,First,19.2 ,1197,80,5.00,2900.00
2016.00,28000.00,Petrol,Automatic,First,14.62 ,1999,149.92,5.00,13900.00
2016.00,38500.00,Diesel,Manual,Second,28.09 ,1248,88.5,5.00,7850.00
2016.00,17738.00,Diesel,Automatic,First,15.3 ,2993,258,5.00,54450.00
2012.00,67132.00,Diesel,Manual,First,13.58 ,2499,78,9.00,4750.00
2011.00,47000.00,Diesel,Manual,First,20.64 ,1498,108.5,5.00,3250.00
2015.00,28005.00,Petrol,Manual,First,17.8 ,1497,117.3,5.00,7100.00
2017.00,13000.00,Petrol,Manual,First,20.4 ,1197,81.80,5.00,4650.00
2012.00,67000.00,Diesel,Manual,First,19.33 ,1968,138.1,5.00,5000.00
2015.00,50000.00,Petrol,Manual,First,18.6 ,1197,81.83,5.00,4950.00
2014.00,55000.00,Diesel,Manual,First,15.1 ,2179,140,7.00,9800.00
2019.00,9312.00,Diesel,Automatic,First,18.0 ,2987,258,5.00,78800.00
2015.00,30458.00,Petrol,Manual,First,23.1 ,998,67.04,5.00,2990.00
2014.00,46000.00,Petrol,Manual,First,15.04 ,1598,103.2,5.00,4450.00
2011.00,50000.00,Petrol,Manual,Second,23.9 ,624,37.48,4.00,750.00
2016.00,36676.00,CNG,Manual,First,25.0,1197,81.86,5.00,5000.00
2014.00,72563.00,Diesel,Manual,Second,22.77 ,1498,98.59,5.00,5000.00
2015.00,67000.00,Petrol,Manual,First,16.1 ,,,,4700.00
2015.00,58239.00,Petrol,Automatic,First,14.62 ,1999,149.92,5.00,9690.00
2015.00,57934.00,Diesel,Manual,First,18.2 ,1248,73.74,8.00,5500.00
2017.00,6500000.00,Diesel,Automatic,First,15.97 ,2993,258,5.00,65000.00
2015.00,63000.00,Diesel,Manual,First,20.14 ,1498,88.8,5.00,5110.00
2012.00,27014.00,Petrol,Manual,First,16.25 ,1198,75,5.00,2190.00
2012.00,90906.00,Diesel,Manual,First,20.54 ,1598,103.6,5.00,4250.00
2013.00,61202.00,Diesel,Automatic,First,11.18 ,2696,184,7.00,14500.00
2014.00,51000.00,Diesel,Manual,First,19.87 ,1461,83.14,5.00,5650.00
2016.00,88008.00,Diesel,Automatic,Second,12.9 ,2755,174.5,7.00,22500.00
2007.00,55000.00,Petrol,Manual,Second,16.1 ,,,,1750.00
2004.00,160000.00,Petrol,Automatic,Second,11.3 ,1794,125,5.00,1500.00
2012.00,42591.00,Petrol,Manual,First,20.36 ,1197,78.9,5.00,3200.00
2012.00,67000.00,Diesel,Manual,First,23.0 ,1396,90,5.00,4500.00
2014.00,48000.00,Diesel,Manual,Second,25.8 ,1498,98.6,5.00,4500.00
2014.00,97000.00,Diesel,Automatic,First,22.32 ,1582,126.32,5.00,8000.00
2018.00,10000.00,Diesel,Automatic,First,17.9 ,2143,136,5.00,28900.00
2015.00,56900.00,Diesel,Manual,First,20.14 ,1498,88.8,5.00,4100.00
2006.00,74483.00,Petrol,Automatic,First,0.0 ,999,null,5.00,2300.00
2017.00,36152.00,Petrol,Automatic,First,21.4 ,1197,83.1,5.00,7220.00
2014.00,85512.00,Diesel,Manual,First,22.9 ,1248,74,5.00,5800.00
2013.00,234000.00,Diesel,Manual,Second,14.0 ,2489,95,8.00,3500.00
2013.00,36000.00,Diesel,Manual,Second,22.7 ,1498,89.84,5.00,6350.00
2015.00,36096.00,Diesel,Manual,First,15.1 ,2179,140,7.00,8850.00
2010.00,111111.00,Petrol,Manual,Second,18.6 ,1199,79.4,5.00,2000.00
2012.00,73000.00,Petrol,Manual,First,17.01 ,1591,121.3,5.00,5500.00
2014.00,44300.00,Petrol,Manual,Second,18.9 ,1197,82,5.00,2300.00
2014.00,74500.00,Diesel,Manual,First,19.01 ,1461,108.45,5.00,7950.00
2016.00,21495.00,Petrol,Manual,First,19.1 ,1197,81.86,5.00,6160.00
2012.00,59000.00,Petrol,Manual,First,20.36 ,1197,78.9,5.00,2850.00
2016.00,23000.00,Petrol,Automatic,First,13.7 ,1991,183,5.00,25000.00
2008.00,50135.00,Diesel,Manual,First,15.8 ,2148,170,5.00,10360.00
2016.00,25000.00,Petrol,Automatic,First,15.04 ,1991,183,5.00,26000.00
2013.00,47000.00,Diesel,Manual,First,22.32 ,1582,126.32,5.00,4350.00
2016.00,150000.00,Diesel,Manual,First,14.95 ,2489,93.7,9.00,4500.00
2015.00,53503.00,Diesel,Manual,First,26.59 ,1248,74,5.00,5000.00
2014.00,47003.00,Petrol,Manual,First,20.36 ,1197,78.9,5.00,3670.00
2014.00,80000.00,Diesel,Manual,First,14.0 ,2179,138.1,7.00,6000.00
2018.00,20492.00,Petrol,Manual,First,18.9 ,1197,82,5.00,6340.00
2012.00,17000.00,Petrol,Automatic,Second,16.82 ,1998,189.08,4.00,22000.00
2006.00,79000.00,Petrol,Manual,Second,13.4 ,1794,125,5.00,1670.00
2014.00,27000.00,Petrol,Manual,First,14.28 ,1798,138.03,5.00,7950.00
2018.00,28786.00,Petrol,Manual,First,10.4 ,2393,163.5,5.00,9740.00
2011.00,143354.00,Diesel,Manual,Second,16.0 ,1997,140,7.00,6000.00
2008.00,56000.00,Petrol,Manual,Second,19.5 ,1061,null,,1500.00
2013.00,21000.00,Petrol,Automatic,First,17.44 ,1998,189.08,4.00,21500.00
2014.00,29202.00,CNG,Manual,First,33.54,998,67.04,5.00,3900.00
2009.00,73000.00,Diesel,Manual,Second,21.1 ,1248,73.9,5.00,2350.00
2012.00,74000.00,Diesel,Manual,Second,22.07 ,1199,73.9,5.00,2650.00
2011.00,65423.00,Petrol,Manual,First,20.36 ,1197,78.9,5.00,3160.00
2009.00,65000.00,Petrol,Manual,Second,19.0 ,998,66.1,5.00,2050.00
2013.00,83875.00,CNG,Manual,Second,26.6,998,58.16,5.00,2950.00
2014.00,55277.00,Petrol,Manual,First,20.51 ,998,67.04,5.00,3900.00
2017.00,50808.00,Diesel,Manual,Second,24.2 ,1498,98.6,7.00,6680.00
2017.00,52000.00,Petrol,Manual,Second,21.1 ,814,55.2,5.00,3500.00
2017.00,32000.00,Petrol,Automatic,First,14.84 ,1598,103.52,5.00,8110.00
2017.00,25000.00,Diesel,Manual,First,28.09 ,1248,88.5,5.00,8300.00
2016.00,23218.00,Diesel,Automatic,First,15.26 ,2143,203.2,5.00,45610.00
2010.00,84000.00,Diesel,Automatic,First,20.0 ,1968,138.1,5.00,4450.00
2017.00,40000.00,Diesel,Manual,First,24.3 ,1248,88.5,5.00,7850.00
2011.00,17000.00,LPG,Manual,First,13.45,1086,62.1,5.00,3100.00
2014.00,25135.00,Diesel,Manual,First,24.0 ,1120,70,5.00,3750.00
2017.00,65000.00,Diesel,Manual,First,25.47 ,1248,88.50,7.00,7650.00
2013.00,40000.00,Petrol,Manual,First,17.0 ,1197,80,5.00,4900.00
2018.00,24500.00,Diesel,Automatic,First,16.0 ,2179,140,7.00,16520.00
2016.00,56674.00,Petrol,Automatic,First,13.7 ,1798,157.75,5.00,14050.00
2016.00,51950.00,Petrol,Manual,First,20.73 ,1373,91.1,5.00,6750.00
2016.00,51000.00,Diesel,Manual,First,19.67 ,1582,126.2,5.00,9200.00
2012.00,150000.00,Diesel,Manual,Third,23.59 ,1364,null,5.00,3000.00
2008.00,114750.00,Petrol,Manual,Second,17.0 ,1497,118,5.00,2750.00
2016.00,107890.00,Diesel,Manual,First,13.5 ,2198,157.7,7.00,20500.00
2012.00,64000.00,Diesel,Manual,First,21.9 ,1396,90,5.00,4250.00
2016.00,21460.00,Petrol,Manual,First,17.0 ,1497,121.36,5.00,6000.00
2015.00,29634.00,Petrol,Manual,Second,17.0 ,1197,80,5.00,6000.00
2008.00,52000.00,Petrol,Manual,First,16.1 ,1298,88.2,5.00,2410.00
2015.00,33000.00,Petrol,Automatic,First,19.0 ,1199,88.7,5.00,7250.00
2014.00,89230.00,Diesel,Manual,First,11.1 ,2400,200,7.00,23650.00
2016.00,27000.00,Petrol,Manual,First,21.4 ,1197,83.1,5.00,6500.00
2017.00,72524.00,Diesel,Automatic,Second,17.9 ,2143,136,5.00,18060.00
2016.00,73000.00,Petrol,Manual,First,25.17 ,799,53.3,5.00,3200.00
2017.00,21740.00,Petrol,Manual,First,18.16 ,1196,86.8,5.00,6420.00
2015.00,59000.00,Diesel,Manual,First,13.0 ,2982,168.5,7.00,23000.00
2013.00,83432.00,Petrol,Manual,First,17.0 ,1497,118,5.00,5900.00
2014.00,87200.00,Diesel,Manual,First,15.4 ,2523,75,7.00,7750.00
2012.00,88000.00,Diesel,Automatic,First,13.2 ,1995,170,5.00,15000.00
2017.00,48324.00,Diesel,Manual,First,24.3 ,1248,88.5,5.00,9000.00
2011.00,51000.00,Petrol,Automatic,First,11.74 ,1796,186,5.00,11500.00
2012.00,24000.00,Petrol,Manual,Second,17.01 ,1591,121.3,5.00,6200.00
2017.00,20773.00,Diesel,Manual,First,24.0 ,1186,73.97,5.00,5920.00
2016.00,22000.00,Diesel,Manual,First,20.14 ,1498,88,5.00,6290.00
2014.00,66355.00,Petrol,Manual,First,18.0 ,1198,86.7,5.00,4120.00
2007.00,115800.00,Petrol,Automatic,Third,10.1 ,2354,152,5.00,3800.00
2014.00,41125.00,Petrol,Manual,First,17.92 ,1086,62.1,5.00,2700.00
2017.00,43812.00,Diesel,Automatic,First,15.0 ,2143,107.3,5.00,20280.00
2014.00,69876.00,Petrol,Manual,First,18.0 ,1198,86.7,5.00,3900.00
2014.00,102000.00,Diesel,Automatic,Second,12.55 ,2982,168.5,7.00,16500.00
2011.00,68000.00,Petrol,Manual,First,17.01 ,1591,121.3,5.00,3700.00
2016.00,12000.00,Diesel,Automatic,First,10.5 ,2993,271.23,4.00,79000.00
2013.00,25000.00,Diesel,Automatic,First,22.69 ,1995,190,5.00,17990.00
2013.00,51873.00,Diesel,Manual,First,21.9 ,1396,88.76,5.00,3900.00
2012.00,72500.00,Diesel,Manual,First,18.5 ,1399,68,5.00,3120.00
2007.00,83000.00,Petrol,Manual,First,14.0 ,1061,64,5.00,1650.00
2015.00,39871.00,Petrol,Manual,First,19.1 ,1197,81.86,5.00,3500.00
2015.00,82000.00,Diesel,Manual,Second,14.02 ,2179,118.3,7.00,4850.00
2018.00,23152.00,Diesel,Automatic,First,19.27 ,2143,167.62,5.00,39220.00
2007.00,71600.00,Petrol,Manual,Second,20.36 ,1197,78.9,5.00,2000.00
2010.00,122000.00,Diesel,Manual,Second,11.5 ,2982,171,7.00,10450.00
2016.00,29277.00,Petrol,Automatic,First,19.16 ,2494,158.2,5.00,27000.00
2011.00,60000.00,Diesel,Manual,First,20.0 ,1399,68,5.00,2250.00
2014.00,42000.00,Petrol,Manual,First,19.1 ,1197,81.86,5.00,3450.00
2016.00,61823.00,Petrol,Manual,First,18.6 ,1197,81.83,5.00,6140.00
2012.00,53000.00,LPG,Manual,Second,19.2,1086,68.05,5.00,2850.00
2015.00,75000.00,CNG,Manual,First,24.6,1193,55.23,5.00,3250.00
2011.00,110000.00,Diesel,Manual,First,28.4 ,1248,73.75,5.00,4000.00
2010.00,38446.00,Petrol,Manual,First,17.0 ,1497,118,5.00,2590.00
2017.00,33000.00,Diesel,Manual,First,27.39 ,1248,74,5.00,6960.00
2011.00,42118.00,Petrol,Manual,First,18.3 ,1197,null,5.00,2190.00
2016.00,70000.00,Petrol,Manual,First,21.1 ,814,55.2,5.00,3000.00
2012.00,68038.00,Diesel,Manual,First,20.14 ,1498,88,5.00,3600.00
2014.00,55012.00,Diesel,Manual,Second,25.44 ,936,57.6,5.00,3700.00
2013.00,55000.00,Diesel,Automatic,First,22.48 ,1995,190,5.00,21750.00
2017.00,25000.00,Diesel,Automatic,First,17.9 ,2143,170,5.00,45000.00
2011.00,46808.00,Petrol,Manual,Second,24.07 ,998,67.1,5.00,3190.00
2015.00,65743.00,Petrol,Manual,First,20.14 ,1197,81.86,5.00,6200.00
2013.00,64466.00,Petrol,Manual,First,19.81 ,1086,68.05,5.00,3960.00
2009.00,75648.00,Diesel,Manual,First,13.5 ,1405,null,5.00,820.00
2016.00,80000.00,Diesel,Manual,First,23.4 ,1248,74,5.00,4500.00
2017.00,69000.00,Diesel,Manual,First,25.4 ,1186,73.97,5.00,3550.00
2014.00,79200.00,Diesel,Manual,First,22.71 ,1461,84.8,5.00,5500.00
2016.00,29477.00,Petrol,Manual,First,15.8 ,1591,121.3,5.00,10250.00
2017.00,40000.00,Diesel,Automatic,First,12.9 ,2755,174.5,7.00,30000.00
2014.00,25000.00,Petrol,Manual,Second,18.5 ,1197,85.80,5.00,3500.00
2014.00,67668.00,Diesel,Manual,First,23.08 ,1461,63.12,5.00,3100.00
2010.00,78000.00,Petrol,Manual,First,17.5 ,1198,75,5.00,3250.00
2017.00,30000.00,Diesel,Manual,First,23.0 ,1498,98.96,5.00,8990.00
2015.00,70623.00,Petrol,Manual,First,15.04 ,1598,103.6,5.00,3990.00
2015.00,54000.00,Diesel,Manual,Second,19.01 ,1461,108.5,5.00,6000.00
2015.00,48000.00,Diesel,Automatic,First,15.73 ,1968,174.33,5.00,18250.00
2012.00,62000.00,Diesel,Manual,First,12.99 ,2494,100,7.00,7750.00
2017.00,47000.00,Petrol,Manual,Second,17.57 ,1193,88.7,5.00,4500.00
2014.00,171000.00,Diesel,Manual,First,11.5 ,2982,171,7.00,16750.00
2012.00,108000.00,Diesel,Automatic,First,16.09 ,1995,184,5.00,17500.00
2016.00,41000.00,Diesel,Manual,First,22.7 ,1598,118,5.00,7700.00
2012.00,66000.00,Petrol,Manual,Second,17.0 ,1497,118,5.00,4450.00
2015.00,144000.00,Diesel,Manual,First,26.59 ,1248,74,5.00,5250.00
2017.00,23806.00,Diesel,Automatic,First,22.69 ,1995,190,5.00,33660.00
2013.00,89000.00,Petrol,Automatic,Second,19.34 ,1198,76,5.00,2800.00
2018.00,38852.00,Petrol,Automatic,First,21.4 ,1197,83.1,5.00,8470.00
2018.00,68737.00,Diesel,Manual,First,26.21 ,1248,88.5,5.00,9320.00
2017.00,23106.00,Diesel,Automatic,First,17.9 ,2143,136,5.00,27430.00
2015.00,31250.00,Diesel,Manual,First,24.5 ,1498,98.6,7.00,6500.00
2014.00,77795.00,Diesel,Manual,First,12.99 ,2494,100.6,8.00,9500.00
2015.00,47759.00,Diesel,Automatic,First,14.74 ,2993,270.9,5.00,31800.00
2013.00,67620.00,Petrol,Manual,Second,17.6 ,1496,88.8,5.00,4200.00
2013.00,44378.00,Diesel,Manual,First,25.44 ,936,57.6,5.00,3850.00
2012.00,64709.00,Petrol,Manual,Second,12.8 ,2354,177.6,5.00,6000.00
2007.00,76161.00,Petrol,Manual,First,19.7 ,796,46.3,5.00,1650.00
2013.00,58410.00,Diesel,Automatic,First,19.3 ,1968,141,5.00,14500.00
2011.00,72000.00,Diesel,Manual,First,12.8 ,2494,102,7.00,7100.00
2016.00,11000.00,Diesel,Automatic,First,17.11 ,1968,174.33,5.00,28000.00
2017.00,45362.00,Diesel,Manual,First,24.3 ,1248,88.5,5.00,9380.00
2016.00,59767.00,Petrol,Manual,First,18.9 ,1197,82,5.00,4780.00
2003.00,70000.00,Petrol,Manual,Second,13.4 ,1794,125,5.00,1700.00
2019.00,14233.00,Diesel,Automatic,First,17.6 ,2179,153.86,7.00,17850.00
2010.00,72000.00,Petrol,Manual,Second,17.0 ,1197,80,5.00,2750.00
2014.00,11000.00,Petrol,Manual,First,17.01 ,1591,121.3,5.00,5950.00
2011.00,39000.00,Petrol,Manual,First,14.0 ,796,35,5.00,1500.00
2019.00,19855.00,Petrol,Manual,First,24.7 ,796,47.3,5.00,3800.00
2017.00,20149.00,Diesel,Automatic,First,19.27 ,2143,167.62,5.00,38500.00
2011.00,70000.00,Petrol,Manual,First,19.81 ,1086,68.05,5.00,2150.00
2010.00,62004.00,Petrol,Automatic,Second,14.67 ,1798,177.46,5.00,3750.00
2016.00,25500.00,Diesel,Automatic,First,21.5 ,1498,108.5,5.00,8950.00
2013.00,68800.00,Diesel,Manual,First,17.8 ,1248,null,5.00,5000.00
2010.00,61700.00,Petrol,Manual,First,14.8 ,1799,130.2,5.00,2950.00
2010.00,59660.00,Petrol,Automatic,First,12.05 ,1995,154,5.00,10490.00
2007.00,69775.00,Petrol,Manual,Second,17.92 ,1086,62.1,5.00,1850.00
2016.00,51787.00,Diesel,Manual,First,17.8 ,1248,null,5.00,6450.00
2009.00,88000.00,Petrol,Automatic,First,11.1 ,2354,142,5.00,5250.00
2014.00,47052.00,Diesel,Manual,First,20.77 ,1248,88.76,7.00,5990.00
2015.00,69749.00,Diesel,Manual,First,18.6 ,1388,67,5.00,3820.00
2012.00,79000.00,Diesel,Automatic,First,12.07 ,2967,241.4,7.00,39000.00
2016.00,39644.00,Diesel,Automatic,First,17.11 ,1968,174.33,5.00,25750.00
2012.00,137800.00,Diesel,Manual,First,22.3 ,1248,74,5.00,2200.00
2008.00,120000.00,Diesel,Manual,Second,18.1 ,1493,110,5.00,2000.00
2018.00,11000.00,Diesel,Automatic,First,16.1 ,1950,194,5.00,56500.00
2014.00,18600.00,Diesel,Automatic,Second,22.69 ,1995,190,5.00,21000.00
2014.00,116905.00,Diesel,Manual,First,24.0 ,1120,70,5.00,4000.00
2011.00,32824.00,Petrol,Automatic,First,16.95 ,1197,78.9,5.00,3830.00
2016.00,19148.00,Petrol,Manual,First,16.1 ,1197,85,5.00,5890.00
2010.00,35008.00,Petrol,Manual,First,17.92 ,1086,62.1,5.00,1360.00
2013.00,21000.00,Diesel,Automatic,Second,17.54 ,2993,313,4.00,44000.00
2014.00,53000.00,CNG,Manual,First,22.1,1586,85.7,5.00,3260.00
2016.00,36000.00,Petrol,Manual,First,17.43 ,1396,105.5,5.00,8000.00
2012.00,56121.00,Diesel,Manual,First,23.4 ,1248,74,5.00,4250.00
2018.00,30000.00,Diesel,Manual,First,28.4 ,1248,74,5.00,6000.00
2016.00,31021.00,Diesel,Automatic,First,19.5 ,1968,141,5.00,16610.00
2013.00,52600.00,Diesel,Manual,First,19.6 ,1461,108.45,5.00,7260.00
2005.00,60000.00,Diesel,Manual,First,10.5 ,2179,120,8.00,4000.00
2016.00,44001.00,Diesel,Automatic,First,18.12 ,1995,190,5.00,34510.00
2003.00,101000.00,Petrol,Manual,Third,17.3 ,1061,64,5.00,950.00
2007.00,84169.00,Petrol,Manual,First,14.0 ,1061,64,5.00,2200.00
2017.00,14001.00,Petrol,Manual,First,18.6 ,1197,81.83,5.00,5750.00
2005.00,100000.00,CNG,Manual,Third,17.0,1086,null,5.00,1200.00
2016.00,59000.00,Diesel,Automatic,First,18.0 ,2993,255,7.00,36750.00
2009.00,29000.00,Petrol,Automatic,Second,11.7 ,1796,178,5.00,10000.00
2014.00,64158.00,Diesel,Automatic,First,18.48 ,,,,17890.00
2012.00,38800.00,Diesel,Manual,First,21.64 ,1461,84.8,5.00,4050.00
2011.00,98000.00,Diesel,Automatic,First,12.07 ,2967,241.4,7.00,22000.00
2017.00,20969.00,Diesel,Automatic,First,17.9 ,2143,136,5.00,27870.00
2018.00,2900.00,Diesel,Manual,First,24.3 ,1248,88.5,5.00,8750.00
2016.00,69000.00,Diesel,Manual,First,19.3 ,1248,73.9,5.00,4790.00
2018.00,5833.00,Diesel,Manual,First,21.13 ,1498,108.4,5.00,11920.00
2016.00,28733.00,Diesel,Automatic,Second,12.07 ,2967,241.4,7.00,53110.00
2006.00,145000.00,Petrol,Manual,First,18.9 ,998,67.1,5.00,1150.00
2014.00,71000.00,Diesel,Manual,First,25.1 ,1498,98.6,5.00,7450.00
2017.00,12000.00,Petrol,Manual,First,21.1 ,814,55.2,5.00,3500.00
2018.00,21603.00,Diesel,Automatic,First,13.0 ,2987,265,5.00,70150.00
2011.00,65000.00,Petrol,Manual,Second,0.0 ,,,,3150.00
2013.00,58000.00,Diesel,Automatic,First,13.2 ,1995,170,5.00,19500.00
2012.00,39000.00,Petrol,Automatic,Second,12.05 ,1995,154,5.00,15000.00
2017.00,37712.00,Diesel,Manual,First,17.45 ,1493,100,7.00,7570.00
2012.00,68000.00,Petrol,Manual,First,18.5 ,1197,85.80,5.00,4400.00
2016.00,25000.00,Diesel,Automatic,First,15.87 ,2993,308.43,5.00,60000.00
2010.00,30000.00,Petrol,Manual,First,18.6 ,1199,79.4,5.00,1600.00
2014.00,68218.00,Petrol,Manual,First,19.1 ,1197,85.8,5.00,4900.00
2014.00,52000.00,Diesel,Manual,First,20.77 ,1248,88.8,7.00,5950.00
2015.00,63591.00,Diesel,Manual,First,20.45 ,1461,83.8,5.00,5350.00
2014.00,57937.00,Petrol,Automatic,First,15.5 ,1198,86.7,5.00,5400.00
2015.00,21979.00,Diesel,Automatic,First,17.11 ,1968,174.33,5.00,23450.00
2002.00,99000.00,Diesel,Manual,Second,18.7 ,1896,66,5.00,1900.00
2016.00,62000.00,Diesel,Manual,First,25.8 ,1498,98.6,5.00,6100.00
2006.00,127001.00,Diesel,Manual,First,12.8 ,2494,102,8.00,4950.00
2013.00,84600.00,Petrol,Manual,Second,21.1 ,814,55.2,5.00,2500.00
2018.00,30953.00,Petrol,Manual,First,22.7 ,799,53.64,5.00,3480.00
2012.00,78000.00,Diesel,Manual,First,22.9 ,1248,74,5.00,4400.00
2008.00,85000.00,Diesel,Manual,First,9.5 ,2835,118.6,6.00,7990.00
2008.00,79000.00,Diesel,Automatic,First,13.1 ,2400,215,5.00,10990.00
2014.00,79000.00,Diesel,Automatic,First,12.55 ,2982,168.5,7.00,18500.00
2018.00,48188.00,Diesel,Manual,First,16.3 ,1956,170,5.00,21690.00
2014.00,67557.00,Diesel,Manual,First,23.4 ,1248,74,5.00,5170.00
2011.00,103814.00,Diesel,Manual,Second,22.32 ,1582,126.32,5.00,4500.00
2014.00,45128.00,Diesel,Manual,First,12.05 ,2179,120,8.00,6750.00
2013.00,56075.00,Petrol,Manual,First,19.81 ,1086,68.05,5.00,3120.00
2011.00,166000.00,Diesel,Manual,First,12.99 ,2494,100.6,8.00,8250.00
2017.00,65367.00,Diesel,Automatic,First,11.36 ,2755,171.5,7.00,20140.00
2013.00,114708.00,Diesel,Manual,First,12.99 ,2494,100,8.00,12600.00
2015.00,35082.00,Diesel,Manual,First,23.4 ,1248,74,5.00,6610.00
2016.00,38593.00,Diesel,Automatic,First,17.01 ,1582,126.2,5.00,13230.00
2008.00,70700.00,Diesel,Manual,First,12.99 ,2494,100,8.00,4750.00
2011.00,83000.00,Diesel,Manual,Second,20.54 ,1598,103.6,5.00,2900.00
2015.00,120000.00,Diesel,Manual,First,14.8 ,2499,80,10.00,5500.00
2014.00,91586.00,Diesel,Automatic,Second,11.18 ,2696,184,7.00,9470.00
2008.00,38235.00,Petrol,Manual,First,20.36 ,1197,78.9,5.00,1950.00
2011.00,37000.00,Petrol,Manual,First,20.36 ,1197,78.9,5.00,2200.00
2006.00,50888.00,Petrol,Manual,First,17.0 ,1086,null,5.00,1150.00
2013.00,44000.00,Petrol,Manual,Second,18.0 ,1198,86.7,5.00,4350.00
2016.00,54000.00,Petrol,Automatic,First,23.1 ,998,67.04,5.00,4500.00
2013.00,90000.00,Petrol,Manual,First,18.9 ,1197,82,5.00,3550.00
2015.00,35000.00,Diesel,Manual,First,19.3 ,1248,73.9,5.00,4750.00
2012.00,47324.00,Petrol,Manual,Second,20.36 ,1197,78.9,5.00,4520.00
2012.00,65148.00,Diesel,Automatic,First,15.06 ,1995,177,5.00,12750.00
2014.00,57773.00,Diesel,Automatic,Second,17.11 ,1968,174.33,5.00,20040.00
2014.00,87000.00,Diesel,Manual,First,20.45 ,1461,83.8,5.00,6500.00
2007.00,179032.00,Diesel,Manual,First,11.56 ,3200,199.3,7.00,7500.00
2016.00,8000.00,Petrol,Automatic,First,22.5 ,998,67,5.00,4150.00
2007.00,77000.00,Petrol,Manual,First,13.5 ,1799,130,5.00,2500.00
2016.00,20600.00,Petrol,Manual,First,18.6 ,1197,81.83,5.00,5400.00
2016.00,13198.00,Petrol,Manual,First,24.07 ,998,67.1,5.00,3150.00
2015.00,21000.00,Diesel,Automatic,Second,12.07 ,2967,241.4,7.00,52500.00
2016.00,38000.00,Petrol,Manual,First,18.6 ,1197,81.83,5.00,5950.00
2019.00,15379.00,Petrol,Automatic,First,23.84 ,1199,83.83,5.00,6970.00
2011.00,60000.00,Petrol,Manual,First,20.36 ,1197,78.9,5.00,3200.00
2007.00,70000.00,Petrol,Manual,First,0.0 ,1086,null,5.00,1120.00
2013.00,75371.00,Diesel,Manual,First,20.46 ,1461,83.8,5.00,6690.00
2014.00,60000.00,Diesel,Manual,Second,13.49 ,2179,138.03,5.00,5900.00
2009.00,30675.00,Petrol,Manual,First,18.5 ,1197,80,5.00,2250.00
2013.00,22000.00,Diesel,Manual,First,23.4 ,1248,74,5.00,4500.00
2015.00,55000.00,Petrol,Manual,First,22.0 ,814,55,5.00,2610.00
2010.00,74213.00,Diesel,Automatic,First,14.84 ,2143,170,5.00,11500.00
2016.00,15000.00,Petrol,Automatic,First,16.82 ,1998,189.08,4.00,35000.00
2010.00,57000.00,Petrol,Manual,First,26.0 ,624,35,4.00,500.00
2015.00,62144.00,Diesel,Manual,Second,26.21 ,1248,88.5,5.00,5750.00
2017.00,50000.00,Diesel,Manual,First,22.0 ,1582,126.2,5.00,11500.00
2015.00,38000.00,Petrol,Manual,First,21.1 ,814,55.2,5.00,2750.00
2016.00,30000.00,Diesel,Automatic,Second,18.12 ,1995,190,5.00,31500.00
2016.00,38735.00,Petrol,Manual,First,19.4 ,1198,86.8,5.00,4920.00
2012.00,23598.00,Diesel,Manual,First,23.2 ,1248,73.94,5.00,3520.00
2014.00,70000.00,Diesel,Automatic,First,18.88 ,1995,184,5.00,17550.00
2016.00,39000.00,Diesel,Manual,First,26.59 ,1248,74,5.00,5800.00
2013.00,84175.00,Diesel,Manual,First,23.4 ,1248,74,5.00,6950.00
2013.00,45000.00,Petrol,Manual,First,16.95 ,1498,97.6,5.00,2400.00
2013.00,59302.00,Diesel,Automatic,First,14.39 ,1998,163.7,5.00,5250.00
2012.00,55002.00,Petrol,Manual,First,17.5 ,1298,85.8,5.00,4250.00
2008.00,128813.00,Diesel,Manual,First,19.09 ,1396,69,5.00,1500.00
2016.00,46522.00,Diesel,Manual,First,24.0 ,1120,70,5.00,4500.00
2014.00,180000.00,Diesel,Manual,First,22.3 ,1248,74,5.00,2500.00
2006.00,89326.00,Diesel,Manual,Third,17.8 ,1399,68,5.00,1550.00
2016.00,54000.00,Diesel,Manual,First,19.87 ,1461,83.8,5.00,6500.00
2012.00,95000.00,Diesel,Automatic,Second,18.48 ,,,,18000.00
2015.00,66337.00,Diesel,Manual,First,24.0 ,1120,70,5.00,4960.00
2012.00,60000.00,Petrol,Manual,First,19.4 ,1198,86.8,5.00,3250.00
2010.00,38001.00,Petrol,Automatic,First,12.3 ,1781,163.2,5.00,8500.00
2014.00,73000.00,Petrol,Manual,Second,24.7 ,796,47.3,5.00,2750.00
2011.00,61000.00,Petrol,Manual,Second,16.2 ,1599,103.2,5.00,3400.00
2013.00,120000.00,Diesel,Manual,First,20.77 ,1248,88.8,7.00,7000.00
2012.00,71787.00,Petrol,Manual,First,12.9 ,1598,102.5,5.00,3210.00
2016.00,11554.00,Diesel,Manual,First,19.67 ,1582,126.2,5.00,14250.00
2014.00,90000.00,Diesel,Manual,First,20.34 ,1498,103.2,5.00,6500.00
2014.00,48104.00,Petrol,Manual,First,17.4 ,1497,117.3,5.00,5490.00
2005.00,91000.00,Petrol,Manual,Third,16.8 ,1341,83,5.00,800.00
2007.00,58815.00,Petrol,Manual,First,17.0 ,1086,null,5.00,1990.00
2015.00,33931.00,Petrol,Automatic,Second,18.9 ,1197,82,5.00,5910.00
2019.00,13916.00,Petrol,Manual,First,18.9 ,1197,81.86,5.00,6440.00
2012.00,90400.00,CNG,Manual,First,26.2,998,58.2,5.00,2900.00
2015.00,14000.00,Petrol,Manual,First,18.9 ,1197,82,5.00,4600.00
2007.00,121000.00,Diesel,Manual,Second,17.8 ,1248,null,5.00,2350.00
2016.00,17560.00,Petrol,Manual,First,18.6 ,1197,81.83,5.00,7210.00
2016.00,60000.00,Diesel,Manual,First,19.87 ,1461,83.8,5.00,8000.00
2009.00,88096.00,Diesel,Manual,Second,19.3 ,1248,73.9,5.00,3500.00
2008.00,178280.00,Diesel,Manual,First,12.8 ,2494,102,8.00,5900.00
2015.00,19963.00,Petrol,Manual,Second,25.4 ,624,37.5,4.00,1740.00
2019.00,1000.00,Petrol,Manual,First,18.12 ,1196,86.8,5.00,6800.00
2017.00,8000.00,Petrol,Manual,First,18.6 ,1197,81.83,5.00,7500.00
2016.00,9200.00,Petrol,Manual,First,15.4 ,1497,117.3,7.00,8000.00
2015.00,29000.00,Diesel,Manual,First,27.4 ,1498,98.6,5.00,5990.00
2017.00,27000.00,Diesel,Manual,First,19.67 ,1582,126.2,5.00,12900.00
2018.00,22900.00,Petrol,Manual,First,21.4 ,1197,83.1,5.00,7000.00
2014.00,50000.00,Diesel,Automatic,First,14.16 ,1968,174.3,5.00,35000.00
2015.00,60207.00,Diesel,Manual,First,25.8 ,1498,98.6,5.00,5500.00
2010.00,101119.00,Diesel,Automatic,First,11.0 ,2993,235,5.00,18460.00
2010.00,42000.00,Petrol,Manual,First,15.6 ,1196,70,5.00,2400.00
2002.00,93000.00,Petrol,Manual,Third,18.9 ,998,67.1,5.00,1000.00
2012.00,60000.00,Petrol,Manual,Second,19.81 ,1086,68.05,5.00,2650.00
2015.00,66122.00,Diesel,Automatic,First,21.66 ,1498,103.52,5.00,5960.00
2015.00,25100.00,Diesel,Automatic,First,17.85 ,2967,300,4.00,75000.00
2017.00,24733.00,Petrol,Automatic,First,15.04 ,1991,183,5.00,27150.00
2008.00,41000.00,Petrol,Automatic,Second,10.4 ,2773,201,5.00,10500.00
2015.00,30000.00,Petrol,Manual,First,20.73 ,1373,91.1,5.00,6700.00
2013.00,36000.00,Diesel,Manual,First,22.7 ,1498,89.84,5.00,4900.00
2017.00,40279.00,Diesel,Manual,First,16.5 ,1493,70,7.00,8000.00
2018.00,46805.00,Petrol,Manual,First,24.07 ,998,67.1,5.00,3630.00
2015.00,60000.00,Petrol,Manual,First,17.5 ,1197,85.8,5.00,4800.00
2017.00,100000.00,Petrol,Manual,First,17.57 ,1193,88.7,5.00,4250.00
2014.00,32986.00,Petrol,Manual,First,16.1 ,,,,4240.00
2018.00,51530.00,Diesel,Automatic,First,10.91 ,3198,197.2,7.00,30270.00
2013.00,81456.00,Diesel,Manual,First,15.8 ,2148,170,5.00,14250.00
2012.00,37229.00,Petrol,Automatic,First,16.95 ,1197,78.9,5.00,3410.00
2009.00,73200.00,Petrol,Manual,First,17.0 ,1497,118,5.00,2780.00
2015.00,71826.00,Diesel,Automatic,First,19.3 ,1968,141,5.00,15500.00
2017.00,129000.00,Diesel,Manual,First,25.0 ,1396,69,5.00,3000.00
2012.00,82000.00,Petrol,Manual,First,18.9 ,998,67.1,5.00,2300.00
2017.00,40459.00,Diesel,Manual,First,19.67 ,1582,126.2,5.00,13280.00
2009.00,61964.00,Petrol,Manual,First,19.0 ,998,66.1,5.00,2250.00
2011.00,15466.00,Petrol,Manual,First,22.5 ,998,67.04,5.00,3360.00
2014.00,23000.00,Petrol,Manual,First,17.3 ,1497,117.3,7.00,4250.00
2012.00,43766.00,Petrol,Manual,First,20.36 ,1197,78.9,5.00,4300.00
2010.00,54000.00,Petrol,Automatic,First,0.0 ,3597,262.6,5.00,6000.00
2018.00,18521.00,Diesel,Manual,First,22.54 ,1396,88.73,5.00,9180.00
2017.00,26400.00,Petrol,Manual,First,23.1 ,998,67.04,5.00,4990.00
2011.00,31900.00,Petrol,Manual,First,13.4 ,1798,157.8,5.00,3750.00
2010.00,39000.00,Diesel,Manual,First,20.0 ,1399,68,5.00,2500.00
2016.00,45671.00,Diesel,Manual,First,27.3 ,1498,98.6,5.00,7200.00
2016.00,39500.00,Diesel,Automatic,First,15.0 ,2143,204,5.00,29500.00
2015.00,54000.00,Diesel,Automatic,First,17.9 ,2143,136,5.00,17550.00
2012.00,20000.00,Diesel,Automatic,First,18.5 ,1985,163,5.00,12000.00
2009.00,55000.00,Diesel,Automatic,First,11.8 ,2967,246.7,5.00,13500.00
2014.00,48000.00,Diesel,Automatic,First,22.32 ,1582,126.32,5.00,5100.00
2011.00,70000.00,Diesel,Automatic,First,22.69 ,1995,190,5.00,10300.00
2014.00,62000.00,Diesel,Manual,First,22.32 ,1582,126.32,5.00,5700.00
2014.00,41994.00,Petrol,Manual,First,22.5 ,998,67.04,5.00,3410.00
2010.00,108882.00,Diesel,Manual,Second,20.0 ,1399,68,5.00,2400.00
2017.00,24806.00,Petrol,Manual,First,18.15 ,1198,82,6.00,5600.00
2006.00,160000.00,Diesel,Manual,First,17.0 ,1405,70,5.00,1000.00
2017.00,30000.00,Diesel,Automatic,First,18.49 ,1493,100,7.00,8200.00
2015.00,51000.00,Diesel,Automatic,First,15.17 ,1968,181,5.00,27500.00
2015.00,64876.00,Petrol,Manual,First,21.5 ,1197,81.80,5.00,3500.00
2016.00,70536.00,CNG,Manual,First,31.79,998,58.33,5.00,4580.00
2017.00,25299.00,Diesel,Manual,First,24.3 ,1248,88.5,5.00,10340.00
2006.00,89869.00,Diesel,Manual,First,12.7 ,2609,116.6,8.00,3250.00
2007.00,103515.00,Diesel,Manual,Third,12.6 ,1991,112,7.00,5000.00
2008.00,68282.00,Petrol,Manual,First,17.92 ,1086,62.1,5.00,2250.00
2014.00,60033.00,Diesel,Automatic,First,18.18 ,2967,250,4.00,51520.00
2018.00,51921.00,Diesel,Manual,First,24.3 ,1248,88.5,5.00,8620.00
2017.00,18414.00,Diesel,Manual,First,23.4 ,1248,74,5.00,7250.00
2016.00,40866.00,Petrol,Manual,First,19.5 ,1199,86.76,5.00,5470.00
2014.00,55001.00,Diesel,Automatic,First,16.36 ,2179,187.7,5.00,31000.00
2017.00,20469.00,Petrol,Automatic,First,16.82 ,1998,189.08,4.00,35980.00
2017.00,8500.00,Petrol,Manual,First,21.1 ,814,55.2,5.00,3420.00
2008.00,45000.00,Diesel,Automatic,Second,16.77 ,2967,241.38,5.00,11500.00
2016.00,6000.00,Petrol,Manual,First,17.19 ,1197,81.86,5.00,7250.00
2018.00,11000.00,Diesel,Manual,First,28.4 ,1248,74,5.00,8000.00
2015.00,80064.00,Diesel,Manual,First,22.7 ,1498,89.84,5.00,7330.00
2016.00,29930.00,Petrol,Manual,First,18.9 ,998,67.1,5.00,3350.00
2013.00,49105.00,Diesel,Manual,First,20.34 ,1498,103.2,5.00,4400.00
2012.00,55000.00,Petrol,Manual,First,17.6 ,1496,88.7,5.00,2990.00
2015.00,23000.00,Petrol,Manual,First,18.7 ,1199,88.7,5.00,5600.00
2016.00,54727.00,Diesel,Manual,First,20.14 ,1498,88.73,5.00,6630.00
2018.00,31426.00,Diesel,Manual,First,21.66 ,1498,108.62,5.00,7900.00
2015.00,53442.00,Petrol,Manual,First,16.8 ,1497,116.3,5.00,7000.00
2014.00,28000.00,Petrol,Automatic,First,16.5 ,1198,86.8,5.00,4950.00
2017.00,13412.00,Petrol,Automatic,First,14.3 ,1598,103.52,5.00,9190.00
2011.00,70000.00,Diesel,Manual,First,16.8 ,1493,110,5.00,5100.00
2015.00,81310.00,Diesel,Manual,First,21.19 ,1396,88.76,5.00,5900.00
2019.00,13574.00,Petrol,Automatic,First,21.4 ,1197,83.1,5.00,9510.00
2008.00,75000.00,Petrol,Manual,Second,11.1 ,2354,158.8,5.00,3900.00
2014.00,58310.00,Petrol,Manual,Second,19.1 ,1197,85.8,5.00,5390.00
2009.00,90000.00,Diesel,Manual,Second,19.3 ,1248,73.9,5.00,3000.00
2012.00,83000.00,Diesel,Manual,First,23.4 ,1248,74,5.00,4300.00
2017.00,37282.00,Petrol,Manual,First,20.85 ,1197,83.14,5.00,6750.00
2017.00,23000.00,Petrol,Manual,First,18.9 ,1197,82,5.00,4500.00
2010.00,82000.00,Diesel,Manual,First,17.8 ,1399,68,5.00,2750.00
2016.00,31000.00,Diesel,Manual,First,23.9 ,1582,126.2,5.00,9000.00
2001.00,200000.00,Petrol,Manual,First,12.0 ,,,,700.00
2014.00,45001.00,Diesel,Manual,Second,20.0 ,1399,68.05,5.00,2550.00
2014.00,50446.00,Diesel,Manual,First,21.12 ,1248,88.8,5.00,3540.00
2009.00,89000.00,Petrol,Manual,First,13.5 ,1799,130,5.00,4250.00
2007.00,72000.00,Petrol,Manual,Second,19.7 ,796,46.3,5.00,1200.00
2013.00,90000.00,Diesel,Automatic,First,22.48 ,1995,190,5.00,19500.00
2015.00,76000.00,Diesel,Manual,Second,16.0 ,2179,140,7.00,12000.00
2012.00,78401.00,Diesel,Manual,First,23.2 ,1248,73.94,5.00,3900.00
2017.00,38426.00,Diesel,Manual,First,24.3 ,1248,88.5,5.00,9130.00
2011.00,45000.00,Petrol,Manual,First,15.1 ,1196,73,7.00,2250.00
2012.00,83000.00,Petrol,Manual,First,17.5 ,1197,85.8,5.00,3250.00
2017.00,50170.00,Diesel,Automatic,First,17.01 ,1582,126.2,5.00,14790.00
2010.00,37822.00,Petrol,Manual,First,22.5 ,998,67.04,5.00,2350.00
2015.00,33517.00,Diesel,Manual,First,27.62 ,793,47,5.00,3100.00
2014.00,110000.00,Diesel,Automatic,First,13.01 ,2199,194.3,7.00,12900.00
2017.00,60000.00,Petrol,Manual,First,21.1 ,814,55.2,5.00,2500.00
2013.00,92408.00,Petrol,Manual,First,18.5 ,1197,82.85,5.00,3650.00
2014.00,45000.00,Petrol,Manual,First,17.1 ,1591,121.3,5.00,7500.00
2013.00,33793.00,Petrol,Manual,First,18.4 ,1198,86.8,5.00,3740.00
2017.00,26327.00,Petrol,Manual,First,20.4 ,1197,81.80,5.00,5860.00
2018.00,20604.00,Diesel,Automatic,First,19.27 ,2143,167.62,5.00,39620.00
2018.00,61386.00,Diesel,Manual,First,25.2 ,1248,74,5.00,7050.00
2018.00,11500.00,Diesel,Automatic,First,28.4 ,1248,74,5.00,7500.00
2012.00,58000.00,Diesel,Manual,First,25.44 ,936,57.6,5.00,2100.00
2014.00,38000.00,Petrol,Automatic,First,13.7 ,1798,157.75,5.00,11600.00
2012.00,49000.00,Diesel,Automatic,Second,14.84 ,2143,167.62,5.00,19250.00
2017.00,72202.00,Diesel,Manual,First,13.68 ,2393,147.8,8.00,17920.00
2016.00,7000.00,Petrol,Manual,First,20.36 ,1197,78.9,5.00,3600.00
2014.00,20000.00,Diesel,Manual,Second,25.8 ,1498,98.6,5.00,4500.00
2017.00,14061.00,Diesel,Manual,First,21.9 ,1396,88.76,5.00,7400.00
2018.00,30706.00,Diesel,Automatic,First,11.57 ,2987,254.79,5.00,59290.00
2011.00,51387.00,Diesel,Manual,First,12.05 ,2179,120,7.00,5500.00
2006.00,44000.00,Petrol,Manual,Second,15.3 ,1341,83,5.00,1750.00
2016.00,12208.00,Petrol,Manual,First,21.4 ,1197,83.1,5.00,6750.00
2011.00,55000.00,Diesel,Manual,First,16.52 ,1991,123.7,5.00,3950.00
2011.00,61600.00,Petrol,Manual,First,17.1 ,1591,121.3,5.00,4200.00
2016.00,28414.00,Petrol,Manual,First,17.0 ,1497,118,5.00,8400.00
2017.00,27853.00,Petrol,Automatic,First,17.21 ,1197,103.5,5.00,8250.00
2013.00,55116.00,Petrol,Manual,First,19.4 ,1198,86.8,5.00,3310.00
2017.00,26000.00,Diesel,Manual,First,26.59 ,1248,74,5.00,7500.00
2012.00,45496.00,Petrol,Manual,First,17.0 ,1497,118,5.00,4750.00
2013.00,76000.00,Diesel,Automatic,Second,11.18 ,2696,184,7.00,8790.00
2014.00,136000.00,Petrol,Manual,First,13.1 ,1798,157.75,5.00,9500.00
2009.00,100000.00,Petrol,Manual,First,0.0 ,,,,1600.00
2010.00,38127.00,Petrol,Manual,First,19.7 ,796,46.3,5.00,1550.00
2014.00,82450.00,Diesel,Manual,First,23.0 ,1396,90,5.00,5850.00
2014.00,62497.00,Petrol,Manual,First,15.8 ,1499,110,5.00,7520.00
2011.00,86732.00,Diesel,Manual,First,23.08 ,1461,63.1,5.00,3600.00
2016.00,27969.00,Petrol,Manual,First,19.4 ,1198,86.8,5.00,4730.00
2013.00,66372.00,Diesel,Automatic,First,11.18 ,2696,184,7.00,10500.00
2013.00,73525.00,Diesel,Automatic,First,16.46 ,2993,258,5.00,34540.00
2018.00,20689.00,Petrol,Manual,First,18.9 ,1197,81.86,5.00,6070.00
2018.00,25093.00,Petrol,Manual,First,21.4 ,1197,83.1,5.00,7760.00
2016.00,49176.00,Diesel,Manual,First,11.68 ,2498,112,8.00,7460.00
2012.00,87510.00,Diesel,Manual,First,21.8 ,1461,78,5.00,3490.00
2012.00,38214.00,Petrol,Manual,Second,18.5 ,1197,80,5.00,4050.00
2013.00,48986.00,Diesel,Manual,First,10.5 ,2835,107.2,6.00,11880.00
2011.00,88000.00,Petrol,Automatic,First,14.53 ,1794,138.1,5.00,6450.00
2015.00,69002.00,Diesel,Automatic,First,15.97 ,2993,258,5.00,50000.00
2011.00,43706.00,Petrol,Automatic,First,10.9 ,2497,215,5.00,9000.00
2016.00,58671.00,Diesel,Automatic,First,17.01 ,1582,126.2,5.00,14250.00
2017.00,49404.00,Diesel,Manual,First,18.49 ,1493,100,7.00,7360.00
2010.00,72000.00,Diesel,Manual,First,12.05 ,2179,120,8.00,4400.00
2016.00,24000.00,Petrol,Manual,First,25.17 ,799,53.3,5.00,3100.00
2017.00,53285.00,Petrol,Automatic,First,22.5 ,999,67,5.00,4280.00
2017.00,12000.00,Petrol,Manual,First,16.1 ,1197,85,5.00,5500.00
2012.00,45000.00,Diesel,Automatic,First,17.0 ,1896,105,5.00,6990.00
2018.00,26234.00,Petrol,Manual,First,24.7 ,796,47.3,5.00,4290.00
2014.00,55000.00,Petrol,Manual,First,18.6 ,1197,85.8,5.00,4200.00
2012.00,90000.00,Diesel,Manual,First,23.0 ,1396,90,5.00,4110.00
2015.00,48000.00,Diesel,Automatic,First,15.73 ,1968,174.33,5.00,18750.00
2017.00,19863.00,Diesel,Automatic,First,11.57 ,2987,254.79,5.00,64950.00
2010.00,55000.00,Petrol,Manual,Second,19.81 ,1086,68.05,5.00,1590.00
2016.00,4800.00,Petrol,Manual,First,20.51 ,998,67.04,5.00,3600.00
2017.00,38607.00,Petrol,Manual,Second,17.8 ,1497,117.3,5.00,7870.00
2018.00,3958.00,Petrol,Manual,First,18.9 ,1197,81.86,5.00,5550.00
2014.00,74000.00,Diesel,Manual,Second,25.1 ,1498,98.6,5.00,6400.00
2009.00,54540.00,Petrol,Manual,Third,17.5 ,1298,85.8,5.00,2650.00
2015.00,58400.00,Petrol,Manual,First,17.5 ,1298,85.8,5.00,5500.00
2013.00,73648.00,Diesel,Manual,First,15.1 ,2179,140,7.00,7310.00
2016.00,83000.00,Diesel,Manual,First,28.09 ,1248,88.5,5.00,7100.00
2016.00,16159.00,Diesel,Manual,First,22.32 ,1582,126.32,5.00,7830.00
2005.00,150000.00,Diesel,Manual,First,13.1 ,1493,82,5.00,850.00
2014.00,22100.00,Petrol,Manual,First,19.4 ,1198,86.8,5.00,3550.00
2017.00,35043.00,Petrol,Manual,First,17.19 ,1197,81.86,5.00,8190.00
2018.00,24000.00,Diesel,Automatic,First,18.88 ,1995,184,5.00,28000.00
2015.00,480000.00,Diesel,Automatic,First,16.96 ,1968,138.03,5.00,13000.00
2011.00,70000.00,Petrol,Manual,Second,15.26 ,1598,103.5,5.00,3290.00
2015.00,13769.00,Petrol,Manual,Second,16.1 ,1197,85,5.00,4410.00
2013.00,58000.00,Diesel,Manual,First,19.01 ,1461,108.45,5.00,4990.00
2009.00,58000.00,Diesel,Automatic,First,18.56 ,1995,190,5.00,17980.00
2018.00,18705.00,Diesel,Manual,First,20.5 ,1248,91.72,5.00,7710.00
2013.00,32378.00,Petrol,Manual,First,20.51 ,998,67.04,5.00,2800.00
2013.00,45000.00,Diesel,Manual,First,22.1 ,1248,76.9,5.00,3000.00
2015.00,36836.00,Diesel,Manual,First,15.1 ,2179,140,7.00,12490.00
2016.00,54199.00,Diesel,Manual,First,23.0 ,1248,88.8,5.00,5000.00
2017.00,36935.00,Diesel,Automatic,First,18.56 ,1995,190,5.00,32640.00
2015.00,23000.00,Diesel,Manual,First,25.2 ,1248,74,5.00,6500.00
2015.00,14000.00,Diesel,Automatic,First,18.12 ,1995,190,5.00,35000.00
2015.00,100073.00,Diesel,Manual,Second,25.0 ,1396,69.01,5.00,2000.00
2015.00,59182.00,Diesel,Manual,First,15.1 ,2179,140,7.00,9460.00
2016.00,72132.00,Diesel,Automatic,Second,12.07 ,2967,241.4,7.00,39000.00
2009.00,79000.00,Diesel,Automatic,First,18.48 ,1995,177,5.00,15000.00
2013.00,66930.00,Petrol,Manual,First,17.1 ,1591,121.3,5.00,6150.00
2015.00,100000.00,Diesel,Automatic,Second,13.01 ,2199,194.3,7.00,14500.00
2012.00,43000.00,Petrol,Manual,First,0.0 ,,,,3250.00
2018.00,27413.00,Petrol,Automatic,First,20.51 ,998,67,5.00,5180.00
2007.00,90000.00,Petrol,Manual,Second,17.3 ,1061,64,5.00,1240.00
2013.00,40300.00,Petrol,Manual,First,18.5 ,1197,82.85,5.00,2800.00
2011.00,73783.00,Petrol,Automatic,Second,13.7 ,1798,157.75,5.00,5230.00
2005.00,86000.00,Petrol,Manual,Second,15.3 ,1341,83,5.00,450.00
2014.00,65694.00,Petrol,Manual,First,18.9 ,998,67.1,5.00,3250.00
2015.00,23000.00,Petrol,Manual,First,16.8 ,796,34.2,5.00,1500.00
2012.00,51000.00,Petrol,Manual,First,20.36 ,1197,78.9,5.00,2850.00
2018.00,18335.00,Petrol,Manual,First,21.7 ,999,67,5.00,4500.00
2014.00,36000.00,Diesel,Automatic,First,15.0 ,2147,107.3,5.00,16250.00
2017.00,25000.00,Petrol,Automatic,First,17.21 ,1197,103.5,5.00,7750.00
2007.00,81000.00,Diesel,Manual,Third,12.05 ,2179,120,8.00,4350.00
2019.00,21719.00,Diesel,Automatic,First,12.9 ,2755,174.5,7.00,33130.00
2013.00,75421.00,Diesel,Manual,First,25.44 ,936,56.3,5.00,3630.00
2010.00,80000.00,Diesel,Manual,First,12.8 ,2494,102,8.00,4750.00
2018.00,10671.00,Petrol,Manual,First,20.85 ,1197,83.14,5.00,6510.00
2018.00,4126.00,Petrol,Manual,First,21.7 ,999,67,5.00,4800.00
2017.00,98500.00,Diesel,Manual,First,22.95 ,1248,74,5.00,6000.00
2016.00,61578.00,Petrol,Manual,First,18.9 ,1197,82,5.00,6400.00
2014.00,54000.00,Diesel,Manual,First,20.34 ,1498,103.2,5.00,4900.00
2013.00,70998.00,Diesel,Automatic,First,17.68 ,1968,174.33,5.00,20570.00
2015.00,40082.00,Diesel,Manual,First,19.3 ,1248,73.9,5.00,4760.00
2012.00,50619.00,Petrol,Manual,First,18.0 ,995,62,5.00,2000.00
2009.00,103905.00,Diesel,Automatic,First,22.69 ,1995,190,5.00,9920.00
2018.00,15334.00,Petrol,Manual,First,21.1 ,814,55.2,5.00,3690.00
2013.00,69000.00,Diesel,Manual,First,23.4 ,1248,74,5.00,5750.00
2014.00,75160.00,Diesel,Manual,First,20.14 ,1498,88.5,5.00,5700.00
2014.00,44753.00,Petrol,Manual,First,18.0 ,1198,86.7,5.00,4940.00
2012.00,53024.00,Petrol,Automatic,First,14.4 ,1598,103.6,5.00,4290.00
2014.00,23840.00,Petrol,Manual,First,20.51 ,998,67.04,5.00,3000.00
2014.00,81298.00,Diesel,Manual,First,20.14 ,1498,88.8,5.00,6500.00
2015.00,59000.00,Petrol,Manual,Second,16.47 ,1198,73.9,5.00,4900.00
2016.00,51806.00,Diesel,Manual,First,25.8 ,1498,98.6,5.00,5400.00
2014.00,56000.00,Diesel,Automatic,First,18.53 ,1968,187.74,5.00,24000.00
2019.00,29279.00,Diesel,Manual,First,24.7 ,1047,69,5.00,7460.00
2017.00,33550.00,Diesel,Automatic,First,21.5 ,1498,108.5,5.00,9600.00
2014.00,62000.00,Diesel,Automatic,First,18.53 ,1968,187.74,5.00,25000.00
2014.00,66000.00,Diesel,Manual,First,19.01 ,1461,108.5,5.00,6800.00
2016.00,46630.00,Diesel,Automatic,First,21.66 ,1498,103.52,5.00,8590.00
2016.00,72566.00,Diesel,Manual,First,25.83 ,1498,99,5.00,5290.00
2011.00,51482.00,Diesel,Manual,First,15.42 ,1405,70,8.00,2500.00
2011.00,90000.00,Diesel,Automatic,First,14.84 ,2143,167.62,5.00,13900.00
2014.00,69000.00,Diesel,Manual,Second,13.0 ,2982,168.5,7.00,20000.00
2011.00,90000.00,Petrol,Manual,Second,17.0 ,1497,118,5.00,3400.00
2015.00,39000.00,Petrol,Manual,First,18.6 ,1197,81.83,5.00,5500.00
2012.00,110000.00,Diesel,Manual,Second,20.54 ,1598,103.6,5.00,3650.00
2011.00,68022.00,Diesel,Manual,First,13.1 ,2499,141,7.00,5860.00
2018.00,27852.00,Petrol,Automatic,First,14.8 ,1497,121.36,5.00,10440.00
2013.00,58291.00,Diesel,Manual,First,17.8 ,1248,null,5.00,5000.00
2011.00,68439.00,Diesel,Manual,First,23.0 ,1396,90,5.00,3370.00
2011.00,150000.00,Diesel,Manual,First,12.99 ,2494,100.6,8.00,6950.00
2018.00,14000.00,Diesel,Manual,First,21.5 ,1497,108.5,5.00,9900.00
2012.00,71558.00,Diesel,Manual,First,20.0 ,1399,68.05,5.00,3300.00
2013.00,48000.00,Diesel,Automatic,Second,17.85 ,2967,300,4.00,50500.00
2015.00,65800.00,Diesel,Automatic,First,17.01 ,1582,126.2,5.00,12500.00
2014.00,53000.00,Diesel,Automatic,First,16.55 ,1968,140,5.00,20500.00
2017.00,14600.00,Diesel,Manual,First,16.0 ,2179,140,7.00,14500.00
2017.00,34429.00,Diesel,Automatic,First,13.8 ,2999,174.57,7.00,20000.00
2014.00,52000.00,Diesel,Manual,First,23.4 ,1248,74,5.00,5250.00
2015.00,25470.00,Petrol,Manual,First,20.73 ,1373,91.1,5.00,5900.00
2013.00,22000.00,Petrol,Manual,First,21.1 ,814,55.2,5.00,2600.00
2007.00,75000.00,Diesel,Automatic,First,11.0 ,2987,198.5,5.00,11000.00
2011.00,95995.00,Diesel,Automatic,First,18.48 ,1995,177,5.00,15500.00
2017.00,26877.00,Diesel,Manual,First,24.0 ,1186,73.97,5.00,5750.00
2015.00,26000.00,Diesel,Automatic,First,14.47 ,2993,301.73,5.00,75000.00
2007.00,140000.00,Diesel,Manual,Second,17.8 ,1248,75,5.00,2000.00
2008.00,95291.00,Petrol,Manual,First,17.92 ,1086,62.1,5.00,2300.00
2009.00,135000.00,Diesel,Manual,Second,12.8 ,2494,102,8.00,8200.00
2015.00,32000.00,Petrol,Manual,First,18.6 ,1197,81.83,5.00,4800.00
2008.00,68333.00,Diesel,Automatic,Second,11.0 ,2987,198.5,5.00,8500.00
2011.00,72000.00,Diesel,Manual,First,20.0 ,1399,68,5.00,2900.00
2012.00,52100.00,Diesel,Manual,First,21.43 ,1364,86.79,5.00,6500.00
2018.00,10000.00,Petrol,Manual,First,18.9 ,1197,81.86,5.00,5850.00
2019.00,6261.00,Diesel,Manual,First,16.3 ,1956,170,5.00,23910.00
2019.00,3906.00,Petrol,Automatic,First,20.89 ,1197,81.80,5.00,7360.00
2014.00,55960.00,Diesel,Manual,First,11.5 ,2982,171,7.00,17250.00
2013.00,144000.00,Diesel,Manual,First,20.54 ,1598,103.6,5.00,7000.00
2017.00,38000.00,Diesel,Manual,First,13.68 ,2393,147.8,7.00,17650.00
2013.00,51000.00,Diesel,Manual,First,20.0 ,1399,68.1,5.00,2500.00
2015.00,150000.00,Diesel,Manual,First,23.59 ,1364,67.05,5.00,6000.00
2018.00,2500.00,Diesel,Manual,First,18.06 ,2523,63,7.00,8250.00
2018.00,41661.00,Diesel,Automatic,First,12.7 ,2179,187.7,5.00,44830.00
2011.00,64000.00,Diesel,Automatic,First,16.07 ,1995,181,5.00,10500.00
2008.00,80000.00,Petrol,Manual,Second,13.2 ,1495,94,5.00,1900.00
2016.00,30000.00,Petrol,Automatic,Second,23.1 ,998,67.04,5.00,4250.00
2014.00,43000.00,Diesel,Automatic,Second,16.36 ,2179,187.7,5.00,26500.00
2013.00,90000.00,Diesel,Automatic,Second,12.4 ,2698,179.5,5.00,22500.00
2011.00,123880.00,Diesel,Manual,First,23.08 ,1461,63.1,5.00,3300.00
2015.00,42000.00,Petrol,Manual,Second,18.0 ,1198,86.7,5.00,4300.00
2012.00,79824.00,Diesel,Manual,First,19.87 ,1461,83.8,5.00,5250.00
2015.00,75000.00,Diesel,Manual,First,12.99 ,2494,100.6,8.00,11750.00
2014.00,72411.00,Petrol,Manual,First,18.0 ,1198,86.7,5.00,4250.00
2012.00,63000.00,Diesel,Automatic,First,14.94 ,2143,204,5.00,14220.00
2015.00,53713.00,Petrol,Manual,First,17.71 ,1197,78.9,5.00,4200.00
2017.00,18000.00,Diesel,Automatic,First,11.36 ,2755,171.5,8.00,18250.00
2013.00,51000.00,Diesel,Manual,First,15.8 ,2148,170,5.00,18500.00
2008.00,86700.00,Petrol,Manual,Second,16.1 ,1298,88.2,5.00,2400.00
2016.00,29000.00,Diesel,Manual,First,27.39 ,1248,74,5.00,6500.00
2014.00,56000.00,LPG,Manual,First,13.45,1086,62.1,5.00,3200.00
2015.00,33000.00,Petrol,Automatic,First,23.1 ,998,67.04,5.00,3990.00
2014.00,64394.00,Diesel,Manual,First,22.7 ,1498,89.84,5.00,5450.00
2010.00,76000.00,Diesel,Manual,First,18.8 ,1248,90,5.00,2700.00
2016.00,48719.00,Diesel,Manual,First,27.3 ,1498,98.6,5.00,6250.00
2016.00,59711.00,Diesel,Manual,First,15.1 ,2179,140,7.00,13280.00
2012.00,83000.00,Diesel,Manual,First,23.08 ,1461,63.1,5.00,3700.00
2018.00,10714.00,Diesel,Automatic,First,19.27 ,2143,167.62,5.00,39510.00
2010.00,127510.00,Diesel,Manual,Second,19.0 ,1248,90,5.00,1400.00
2014.00,35010.00,Diesel,Manual,First,22.9 ,1248,74,5.00,3500.00
2012.00,75451.00,Petrol,Manual,First,17.5 ,1197,85.8,5.00,3780.00
2015.00,83000.00,Diesel,Manual,First,19.09 ,1405,69.01,5.00,2700.00
2013.00,38755.00,Diesel,Manual,First,25.8 ,1498,98.6,5.00,3200.00
2016.00,30000.00,Petrol,Manual,First,20.4 ,1197,81.80,5.00,5000.00
2012.00,40000.00,Diesel,Manual,First,20.77 ,1248,88.8,7.00,7000.00
2014.00,19500.00,Petrol,Manual,Second,18.9 ,1197,82,5.00,2850.00
2016.00,41000.00,Petrol,Manual,First,19.69 ,1198,67.04,5.00,4250.00
2014.00,30000.00,Petrol,Manual,Second,18.9 ,1197,82,5.00,4900.00
2017.00,37000.00,Diesel,Manual,First,17.1 ,1956,170,5.00,16900.00
2014.00,62000.00,Diesel,Manual,Second,22.07 ,1199,73.9,5.00,4250.00
2015.00,42023.00,Petrol,Automatic,First,15.5 ,1198,86.7,5.00,4340.00
2012.00,51001.00,Diesel,Automatic,First,16.09 ,1995,184,5.00,17000.00
2017.00,55389.00,Diesel,Automatic,First,18.88 ,1995,184,5.00,28450.00
2014.00,46728.00,Petrol,Automatic,First,15.6 ,1497,116.3,5.00,6150.00
2014.00,58995.00,Diesel,Manual,First,12.83 ,2696,162,7.00,9250.00
2015.00,37857.00,Diesel,Manual,First,26.59 ,1248,74,5.00,4850.00
2014.00,71000.00,Diesel,Manual,First,25.2 ,1248,74,5.00,4800.00
2012.00,49024.00,Petrol,Manual,First,18.4 ,1198,86.8,5.00,2300.00
2016.00,10770.00,Petrol,Manual,First,18.9 ,1197,82,5.00,4750.00
2017.00,72000.00,Diesel,Manual,First,22.95 ,1248,74,5.00,5000.00
2015.00,91000.00,Petrol,Manual,First,21.1 ,814,55.2,5.00,2500.00
2017.00,14000.00,Petrol,Manual,First,18.6 ,1197,81.83,5.00,5950.00
2014.00,48000.00,Diesel,Automatic,Second,9.0 ,1984,181,5.00,16000.00
2014.00,75136.00,Diesel,Manual,First,22.7 ,1498,89.84,5.00,6150.00
2014.00,32500.00,Petrol,Manual,Second,21.1 ,1197,85.80,5.00,4050.00
2010.00,94500.00,Diesel,Manual,Second,21.9 ,1396,90,5.00,3100.00
2013.00,34900.00,Petrol,Manual,First,22.0 ,1197,81.80,5.00,5490.00
2010.00,42400.00,Petrol,Automatic,Third,8.0 ,4806,394.3,4.00,42910.00
2015.00,50000.00,Diesel,Manual,First,17.8 ,1248,75,5.00,5700.00
2014.00,35000.00,Petrol,Manual,First,19.4 ,1198,86.8,5.00,2850.00
2012.00,37000.00,Petrol,Manual,Second,18.6 ,1199,79.4,5.00,2350.00
2018.00,32807.00,Petrol,Automatic,First,13.0 ,1591,121.3,5.00,14760.00
2008.00,119000.00,Petrol,Manual,Second,17.7 ,1497,78,5.00,2250.00
2016.00,12000.00,Petrol,Manual,First,18.5 ,1197,85.80,5.00,3650.00
2016.00,46727.00,Diesel,Manual,First,22.77 ,1498,98.59,5.00,7250.00
2010.00,73336.00,Diesel,Automatic,First,13.2 ,1995,170,5.00,10690.00
2014.00,9000.00,Petrol,Manual,Second,17.01 ,1591,121.3,5.00,5500.00
2005.00,240000.00,Diesel,Manual,Fourth & Above,12.8 ,2494,102,8.00,5100.00
2014.00,25422.00,Petrol,Manual,First,22.5 ,998,67.04,5.00,3250.00
2018.00,14000.00,Diesel,Manual,First,25.47 ,1248,88.50,7.00,9250.00
2008.00,66000.00,Petrol,Manual,First,19.7 ,796,46.3,5.00,1700.00
2010.00,55324.00,Petrol,Manual,First,19.0 ,998,66.1,5.00,2870.00
2009.00,90000.00,Diesel,Automatic,First,11.0 ,2993,235,5.00,17750.00
2017.00,43000.00,Petrol,Manual,First,18.15 ,1198,82,5.00,4500.00
2008.00,58483.00,Petrol,Automatic,Second,19.2 ,1197,80,5.00,2950.00
2007.00,93000.00,Petrol,Automatic,Second,12.9 ,1799,130,5.00,2600.00
2010.00,50000.00,Petrol,Manual,First,20.36 ,1197,78.9,5.00,3000.00
2014.00,78616.00,Diesel,Automatic,Second,14.84 ,2143,170,5.00,15500.00
2011.00,37000.00,Petrol,Manual,First,17.6 ,1496,88.73,5.00,2800.00
2010.00,54801.00,Petrol,Manual,First,17.0 ,1497,118,5.00,2500.00
2014.00,29000.00,Diesel,Manual,First,23.4 ,1248,74,5.00,5750.00
2010.00,68000.00,Petrol,Manual,First,22.0 ,1197,81.80,5.00,2800.00
2014.00,58000.00,Petrol,Manual,First,17.01 ,1591,121.3,5.00,4590.00
2012.00,64290.00,Diesel,Manual,First,23.2 ,1248,73.94,5.00,3650.00
2015.00,31000.00,Diesel,Manual,First,13.0 ,2982,168.5,7.00,19850.00
2018.00,16039.00,Diesel,Manual,First,17.1 ,1956,170,5.00,18500.00
2017.00,19860.00,Petrol,Manual,First,18.6 ,1197,81.83,5.00,6950.00
2014.00,48500.00,CNG,Manual,Second,26.6,998,58.16,5.00,2850.00
2012.00,75391.00,Diesel,Manual,First,13.93 ,2179,138,7.00,3750.00
2008.00,78000.00,Diesel,Manual,Second,19.3 ,1248,73.9,5.00,2300.00
2016.00,78000.00,Diesel,Manual,First,25.0 ,1396,69.01,5.00,2300.00
2016.00,52000.00,Diesel,Manual,First,28.4 ,1248,74,5.00,5950.00
2016.00,30000.00,Petrol,Automatic,First,23.1 ,998,67.04,5.00,3490.00
2016.00,19254.00,Diesel,Automatic,First,14.69 ,2993,258,5.00,47700.00
2015.00,29651.00,Petrol,Manual,First,16.47 ,1198,74,5.00,6430.00
2011.00,80000.00,Diesel,Manual,First,13.93 ,2179,138.03,7.00,4500.00
2018.00,2971.00,Petrol,Automatic,First,13.6 ,1598,181,4.00,39750.00
2015.00,21400.00,Petrol,Manual,First,15.6 ,1196,70,5.00,4000.00
2015.00,77000.00,Diesel,Manual,First,26.0 ,1498,98.6,5.00,6980.00
2006.00,80000.00,Diesel,Manual,Second,12.6 ,1991,112,7.00,1750.00
2013.00,81755.00,Diesel,Manual,First,20.0 ,1968,108.5,5.00,4750.00
2016.00,99593.00,Diesel,Manual,First,11.5 ,2982,171,7.00,23500.00
2014.00,39791.00,Diesel,Manual,First,22.32 ,1582,126.32,5.00,7490.00
2015.00,113000.00,Diesel,Manual,First,15.1 ,2179,140,7.00,10850.00
2017.00,24000.00,Petrol,Manual,First,25.17 ,799,53.3,5.00,3500.00
2015.00,39000.00,Petrol,Manual,Second,18.6 ,1197,81.83,5.00,6300.00
2012.00,37000.00,Petrol,Automatic,First,15.6 ,1497,116.3,5.00,6750.00
2017.00,61108.00,Diesel,Automatic,First,10.91 ,3198,197,7.00,28880.00
2016.00,61648.00,Petrol,Automatic,First,13.7 ,1798,157.75,5.00,14230.00
2012.00,37000.00,Diesel,Automatic,Third,22.69 ,1995,190,5.00,15000.00
2013.00,53000.00,CNG,Manual,First,22.8,1373,80.9,7.00,5800.00
2013.00,65000.00,Diesel,Manual,First,23.2 ,1248,73.94,5.00,3750.00
2005.00,120000.00,Petrol,Manual,First,0.0 ,1086,null,5.00,1150.00
2011.00,148009.00,Diesel,Manual,Second,11.5 ,2982,171,7.00,12750.00
2009.00,53001.00,Petrol,Manual,First,16.1 ,1298,88.2,5.00,1950.00
2018.00,22345.00,Petrol,Manual,First,20.3 ,1199,84,5.00,4950.00
2015.00,50000.00,Petrol,Automatic,First,18.0 ,1497,117.3,5.00,8250.00
2013.00,48183.00,Diesel,Automatic,First,13.2 ,1995,170,5.00,20990.00
2010.00,93000.00,Diesel,Automatic,Second,14.21 ,2143,203,5.00,17500.00
2015.00,53500.00,Diesel,Manual,First,28.4 ,1248,74,5.00,5360.00
2014.00,17585.00,Petrol,Manual,First,16.02 ,1373,93.7,7.00,6350.00
2011.00,36226.00,Petrol,Manual,First,17.01 ,1591,121.3,5.00,2950.00
2019.00,25899.00,Diesel,Automatic,First,12.63 ,2179,147.5,5.00,55700.00
2009.00,60170.00,Petrol,Manual,First,0.0 ,1086,62,5.00,1150.00
2017.00,11200.00,Diesel,Automatic,First,19.27 ,2143,167.62,5.00,37500.00
2017.00,49045.00,Petrol,Manual,First,20.36 ,1197,78.9,5.00,4070.00
2012.00,45000.00,Diesel,Manual,First,22.07 ,1199,73.9,5.00,2990.00
2017.00,40000.00,Diesel,Manual,First,24.3 ,1248,88.5,5.00,7900.00
2016.00,36600.00,Diesel,Manual,First,19.87 ,1461,83.8,5.00,7490.00
2009.00,117000.00,Diesel,Manual,First,18.0 ,1248,75,5.00,1100.00
2016.00,16000.00,Diesel,Automatic,First,11.3 ,2987,254.8,7.00,56000.00
2016.00,50000.00,Diesel,Manual,First,25.4 ,1186,73.97,5.00,3500.00
2008.00,150000.00,Diesel,Manual,First,18.1 ,1493,110,5.00,3000.00
2014.00,11000.00,Petrol,Manual,First,17.01 ,1591,121.3,5.00,6100.00
2010.00,102016.00,Petrol,Manual,First,15.6 ,1196,70,5.00,2250.00
2016.00,38000.00,Diesel,Manual,First,25.2 ,1248,74,5.00,5950.00
2013.00,71491.00,Diesel,Manual,First,23.08 ,1461,63.12,5.00,4950.00
2015.00,46354.00,Petrol,Manual,Second,16.47 ,1198,74,5.00,5490.00
2019.00,87000.00,Diesel,Automatic,First,22.69 ,1995,190,5.00,6670.00
2015.00,20765.00,Petrol,Manual,First,15.0 ,1598,103.52,5.00,6250.00
2005.00,58000.00,Petrol,Manual,Second,0.0 ,999,null,5.00,1510.00
2014.00,51076.00,Diesel,Automatic,First,12.07 ,2967,241.4,7.00,34880.00
2016.00,84085.00,Diesel,Manual,First,26.21 ,1248,88.5,5.00,6900.00
2014.00,55000.00,Diesel,Manual,First,25.1 ,1498,98.6,5.00,5990.00
2010.00,73000.00,Petrol,Automatic,First,10.93 ,3498,272,5.00,10400.00
2012.00,50001.00,Diesel,Automatic,First,14.57 ,2967,241.38,5.00,29000.00
2016.00,93166.00,Diesel,Manual,Second,14.02 ,2179,118.3,7.00,5850.00
2006.00,99583.00,Petrol,Automatic,Third,12.0 ,1493,100,5.00,2210.00
2010.00,72000.00,Petrol,Manual,First,15.5 ,1586,103.3,5.00,2400.00
2009.00,70000.00,Petrol,Manual,Third,14.53 ,1798,138.1,5.00,3000.00
2012.00,61000.00,Petrol,Automatic,Second,14.4 ,1598,103.6,5.00,3750.00
2015.00,66510.00,Petrol,Manual,First,21.1 ,814,55.2,5.00,2950.00
2011.00,84062.00,Diesel,Manual,First,20.0 ,1968,108.5,5.00,5800.00
2012.00,80799.00,Diesel,Manual,First,22.9 ,1248,74,5.00,4900.00
2018.00,5000.00,Petrol,Automatic,First,14.28 ,1798,138.03,5.00,16950.00
2013.00,92000.00,Diesel,Manual,First,12.99 ,2494,100,8.00,12500.00
2017.00,53000.00,Diesel,Manual,First,27.28 ,1047,69,5.00,5000.00
2015.00,39822.00,Petrol,Manual,First,15.41 ,1598,103.52,5.00,4680.00
2016.00,29000.00,Diesel,Automatic,First,10.91 ,3198,197,7.00,29800.00
2017.00,24214.00,Petrol,Manual,Second,25.17 ,799,53.3,5.00,3460.00
2012.00,75000.00,Diesel,Manual,First,23.0 ,1396,90,5.00,4000.00
2012.00,77216.00,Diesel,Manual,Second,17.5 ,1896,106,5.00,4500.00
2013.00,74290.00,Diesel,Manual,First,21.43 ,1364,87.2,5.00,5870.00
2015.00,61000.00,Diesel,Manual,First,15.4 ,2179,120,8.00,9500.00
2013.00,44000.00,Diesel,Automatic,First,14.16 ,1968,174.3,5.00,32500.00
2014.00,74041.00,Diesel,Manual,First,18.2 ,1248,73.8,8.00,3880.00
2013.00,85846.00,Diesel,Automatic,First,22.69 ,1995,190,5.00,13080.00
2012.00,52000.00,Diesel,Manual,First,21.64 ,1461,84.8,5.00,3500.00
2010.00,47000.00,Petrol,Manual,Second,12.8 ,2354,177.6,5.00,3500.00
2010.00,72010.00,Diesel,Manual,First,16.8 ,1493,110,5.00,4450.00
2015.00,15000.00,Petrol,Manual,First,16.8 ,796,34.2,8.00,2350.00
2015.00,480000.00,Petrol,Manual,First,17.4 ,1497,117.3,5.00,5000.00
2012.00,24720.00,Diesel,Automatic,Second,0.0 ,2967,241.4,5.00,28000.00
2007.00,75000.00,Petrol,Manual,Second,16.6 ,1388,68,5.00,2000.00
2015.00,57000.00,Diesel,Manual,First,22.54 ,1396,88.73,5.00,6350.00
2015.00,41057.00,Diesel,Automatic,First,13.0 ,2143,201.1,5.00,24630.00
2012.00,92000.00,CNG,Manual,Second,26.2,998,58.2,5.00,3000.00
2016.00,20000.00,Diesel,Manual,First,22.77 ,1498,98.59,5.00,7900.00
2011.00,52359.00,Petrol,Manual,First,18.5 ,1197,80,5.00,3250.00
2016.00,17000.00,Petrol,Manual,Second,17.8 ,1497,117.3,5.00,8250.00
2011.00,39002.00,Diesel,Manual,First,23.08 ,1461,63.1,5.00,2850.00
2010.00,129986.00,Diesel,Manual,Second,20.0 ,1399,68,5.00,3200.00
2013.00,45000.00,Petrol,Manual,First,18.44 ,1198,75,5.00,1750.00
2013.00,41300.00,Diesel,Manual,First,17.8 ,1248,null,5.00,3380.00
2009.00,82002.00,Petrol,Manual,Second,12.8 ,2354,177.6,5.00,5750.00
2010.00,67000.00,Petrol,Automatic,First,13.7 ,1798,157.75,5.00,4700.00
2017.00,21260.00,Petrol,Manual,First,14.0 ,796,35,5.00,2900.00
2012.00,55362.00,Diesel,Manual,First,21.9 ,1396,88.8,5.00,4250.00
2017.00,13000.00,Diesel,Automatic,First,17.01 ,1582,126.2,5.00,14500.00
2016.00,45725.00,Diesel,Manual,First,25.2 ,1248,74,5.00,5340.00
2014.00,105000.00,Diesel,Manual,First,25.2 ,1248,74,5.00,3850.00
2009.00,156056.00,Diesel,Manual,First,12.8 ,2494,102,8.00,8500.00
2016.00,135000.00,Diesel,Manual,First,24.4 ,1120,71,5.00,4200.00
2016.00,67000.00,Diesel,Manual,First,20.77 ,1248,88.7,7.00,6750.00
2016.00,90000.00,Diesel,Automatic,First,10.91 ,3198,197.2,7.00,26000.00
2019.00,32251.00,Diesel,Manual,First,22.54 ,1396,88.73,5.00,8610.00
2009.00,47000.00,Petrol,Manual,First,19.0 ,998,67.1,5.00,1460.00
2011.00,75308.00,Diesel,Manual,Second,21.1 ,1248,73.9,5.00,2800.00
2018.00,44202.00,CNG,Manual,First,32.26,998,58.2,4.00,4000.00
2014.00,58000.00,Petrol,Manual,First,17.0 ,1497,118,5.00,5470.00
2009.00,60000.00,Petrol,Manual,First,17.5 ,1298,85.8,5.00,2450.00
2014.00,45000.00,Diesel,Automatic,First,17.05 ,1995,184,5.00,21500.00
2010.00,41195.00,Petrol,Manual,First,15.0 ,1368,90,5.00,1380.00
2016.00,89000.00,Diesel,Manual,First,16.0 ,2179,140,7.00,13500.00
2009.00,60510.00,Petrol,Automatic,Second,16.95 ,1197,78.9,5.00,3100.00
2016.00,8500.00,Petrol,Manual,First,21.4 ,1197,83.1,5.00,5490.00
2017.00,35981.00,Diesel,Manual,First,24.3 ,1248,88.5,5.00,9510.00
2012.00,23152.00,Petrol,Manual,First,15.6 ,1196,70.02,5.00,2390.00
2014.00,74663.00,CNG,Manual,First,33.54,998,67.04,5.00,3250.00
2014.00,61529.00,Petrol,Automatic,First,18.19 ,1197,103.5,5.00,5650.00
2010.00,91596.00,Diesel,Manual,First,14.95 ,2489,93.7,7.00,1850.00
2019.00,14298.00,Petrol,Automatic,First,13.33 ,2995,340,5.00,2020.00
2013.00,83327.00,Diesel,Manual,First,19.3 ,1248,73.9,5.00,5800.00
2017.00,22857.00,Petrol,Manual,First,16.2 ,1199,74,5.00,6900.00
2013.00,34620.00,Petrol,Manual,Second,17.01 ,1591,121.3,5.00,5350.00
2010.00,56000.00,Petrol,Manual,First,19.81 ,1086,68.05,5.00,2850.00
2014.00,81000.00,Diesel,Automatic,First,13.0 ,2143,204,5.00,22750.00
1998.00,95150.00,Petrol,Manual,Third,17.3 ,993,60,5.00,450.00
2013.00,32776.00,Petrol,Manual,First,20.36 ,1197,78.9,5.00,4640.00
2016.00,51587.00,Diesel,Manual,First,25.8 ,1498,98.6,5.00,5270.00
2016.00,36000.00,Diesel,Manual,First,14.1 ,2179,148,7.00,10000.00
2015.00,22000.00,Petrol,Manual,First,18.5 ,1198,86.8,5.00,3950.00
2010.00,30754.00,Petrol,Manual,First,17.0 ,1197,80,5.00,3380.00
2018.00,37109.00,Petrol,Manual,First,14.69 ,1390,120.33,5.00,16800.00
2010.00,45000.00,Petrol,Manual,First,16.7 ,1198,88.8,5.00,1990.00
2017.00,33284.00,Petrol,Manual,First,18.9 ,1197,82,5.00,5840.00
2016.00,55115.00,Diesel,Automatic,First,14.74 ,2993,270.9,5.00,36150.00
2014.00,18000.00,Diesel,Automatic,First,16.36 ,2179,187.7,5.00,25700.00
2013.00,130790.00,Diesel,Manual,First,16.0 ,2179,140,7.00,9240.00
2015.00,16607.00,Diesel,Manual,First,22.7 ,1598,118,5.00,7650.00
2015.00,32205.00,Diesel,Automatic,First,17.11 ,1968,174.33,5.00,25310.00
2013.00,67000.00,Diesel,Manual,First,19.01 ,1461,108.45,5.00,4750.00
2014.00,57676.00,Petrol,Manual,First,19.1 ,1197,85.8,5.00,6690.00
2012.00,41000.00,Petrol,Manual,First,16.47 ,1198,73.9,5.00,3100.00
2012.00,65000.00,Petrol,Manual,First,19.7 ,796,35,8.00,1550.00
2019.00,12153.00,Petrol,Automatic,First,18.9 ,1197,81.86,5.00,6840.00
2014.00,16810.00,Petrol,Manual,First,25.4 ,624,37.5,4.00,1600.00
2017.00,61221.00,Petrol,Automatic,First,17.84 ,1395,147.51,5.00,21730.00
2015.00,22000.00,Petrol,Manual,First,16.47 ,1198,74,5.00,4750.00
2015.00,63714.00,Petrol,Manual,First,22.74 ,796,47.3,5.00,2450.00
2019.00,14857.00,Diesel,Automatic,First,20.7 ,1496,113.98,5.00,31550.00
2012.00,69000.00,Diesel,Automatic,Second,15.2 ,1968,140.8,5.00,10250.00
2019.00,14648.00,Diesel,Manual,First,12.62 ,2198,158,7.00,27360.00
2013.00,100000.00,Petrol,Manual,Second,15.8 ,1499,110,5.00,6500.00
2016.00,22000.00,Petrol,Manual,First,18.9 ,1197,82,5.00,4250.00
2014.00,10000.00,Petrol,Manual,First,18.2 ,1199,82.4,5.00,5500.00
2015.00,107000.00,Petrol,Manual,First,20.85 ,1197,83.14,5.00,4000.00
2017.00,48198.00,Petrol,Manual,First,17.57 ,1193,88.7,5.00,4650.00
2015.00,15000.00,Diesel,Automatic,First,19.27 ,2143,170,5.00,28500.00
2014.00,80073.00,Diesel,Manual,First,17.3 ,1998,163.7,5.00,7110.00
2013.00,85388.00,Diesel,Manual,First,21.1 ,1248,73.9,5.00,3900.00
2017.00,14700.00,Petrol,Manual,First,18.9 ,1197,81.86,5.00,5600.00
2012.00,150000.00,Diesel,Manual,Third,28.4 ,1248,73.75,5.00,2250.00
2011.00,34994.00,Diesel,Manual,First,22.32 ,1582,126.32,5.00,3900.00
2014.00,82536.00,Diesel,Automatic,First,14.74 ,2993,270.9,5.00,28630.00
2013.00,82000.00,Petrol,Automatic,First,13.7 ,1798,157.75,5.00,7250.00
2006.00,52000.00,Petrol,Manual,Second,18.9 ,998,67.1,5.00,2000.00
2011.00,20000.00,Petrol,Manual,First,16.47 ,1198,73.9,5.00,3500.00
2011.00,55000.00,Petrol,Manual,First,14.8 ,1799,130.2,5.00,5000.00
2015.00,47001.00,CNG,Manual,First,20.0,1196,63,5.00,3720.00
2014.00,52000.00,Petrol,Manual,First,22.5 ,998,67.04,5.00,3450.00
2013.00,43284.00,Diesel,Manual,First,23.4 ,1248,74,5.00,4500.00
2018.00,23875.00,Petrol,Automatic,First,13.0 ,1591,121.3,5.00,14360.00
2016.00,51866.00,Petrol,Manual,First,18.9 ,1197,82,5.00,5500.00
2013.00,69000.00,Diesel,Manual,First,23.08 ,1461,63.1,5.00,3000.00
2017.00,62788.00,Petrol,Manual,First,18.9 ,1197,81.86,5.00,6080.00
2013.00,150000.00,Diesel,Manual,First,20.54 ,1598,103.6,5.00,5000.00
2015.00,47566.00,Diesel,Automatic,First,12.55 ,2982,168.5,7.00,20250.00
2002.00,67000.00,Petrol,Manual,Third,0.0 ,999,null,5.00,1200.00
2018.00,20300.00,Diesel,Automatic,First,11.36 ,2755,171.5,7.00,18000.00
2015.00,48300.00,Diesel,Automatic,First,20.0 ,2143,107.3,5.00,17500.00
2013.00,30000.00,Petrol,Manual,First,21.1 ,814,55.2,5.00,2100.00
2012.00,36000.00,Diesel,Manual,Second,22.7 ,1582,126.24,5.00,7500.00
2015.00,27641.00,Diesel,Automatic,Second,20.7 ,1496,113.98,4.00,24770.00
2015.00,60000.00,Diesel,Manual,First,19.64 ,1461,108.45,5.00,8650.00
2019.00,9000.00,Diesel,Automatic,First,10.91 ,3198,197,7.00,35500.00
2014.00,60750.00,Petrol,Manual,First,14.28 ,1798,138.03,5.00,10500.00
2018.00,9000.00,Diesel,Manual,First,14.0 ,2179,155,7.00,13000.00
2012.00,41100.00,Diesel,Automatic,First,16.77 ,2993,261.49,5.00,26500.00
2004.00,60000.00,Petrol,Manual,Second,17.3 ,1061,64,5.00,1400.00
2017.00,38424.00,Petrol,Manual,First,17.8 ,1497,117.3,5.00,7510.00
2014.00,50000.00,Diesel,Manual,First,22.9 ,1248,74,5.00,4300.00
2015.00,19000.00,Petrol,Automatic,First,18.0 ,1497,117.3,5.00,8950.00
2015.00,58734.00,Diesel,Manual,First,20.77 ,1248,88.76,7.00,6910.00
2016.00,65257.00,Diesel,Manual,First,19.01 ,1461,108.45,5.00,9750.00
2010.00,130000.00,Diesel,Manual,Second,19.3 ,1248,73.9,5.00,4000.00
2011.00,79000.00,Diesel,Manual,First,23.2 ,1248,73.94,5.00,3650.00
2013.00,78000.00,Diesel,Manual,First,15.1 ,2179,140,7.00,10750.00
2015.00,49133.00,Petrol,Manual,First,19.4 ,1198,86.8,5.00,4510.00
2016.00,22769.00,Diesel,Automatic,First,0.0 ,2987,165,5.00,49220.00
2014.00,54448.00,Diesel,Manual,First,21.02 ,1248,88.8,5.00,3700.00
2014.00,158793.00,Diesel,Manual,First,12.8 ,2494,102,7.00,12990.00
2015.00,62088.00,Petrol,Manual,First,18.6 ,1197,85.8,5.00,4150.00
2012.00,14800.00,Petrol,Manual,First,17.01 ,1591,121.3,5.00,4400.00
2015.00,26000.00,Petrol,Manual,First,17.3 ,1497,117.3,7.00,4250.00
2017.00,32005.00,Petrol,Manual,First,18.0 ,1198,86.7,5.00,4250.00
2017.00,35000.00,Petrol,Automatic,First,18.0 ,1497,117.3,5.00,7700.00
2015.00,52000.00,Diesel,Automatic,First,12.7 ,2179,187.7,5.00,39750.00
2017.00,11000.00,Petrol,Manual,First,17.4 ,1497,117.3,5.00,8500.00
2008.00,62000.00,Petrol,Automatic,First,9.5 ,2997,231.1,5.00,7000.00
2002.00,65134.00,Petrol,Manual,Third,13.8 ,1299,70,5.00,800.00
2013.00,71000.00,Diesel,Manual,First,13.0 ,2982,168.5,7.00,15250.00
2008.00,51366.00,Petrol,Manual,First,19.0 ,998,66.1,5.00,2250.00
2016.00,46300.00,Diesel,Manual,First,14.07 ,1948,83.1,7.00,4850.00
2012.00,60908.00,Petrol,Automatic,Second,15.6 ,1497,116.3,5.00,6420.00
2012.00,93450.00,Diesel,Manual,Second,23.19 ,1461,63.12,5.00,2500.00
2011.00,104000.00,Diesel,Automatic,First,19.08 ,1582,126.32,5.00,5750.00
2003.00,52000.00,Petrol,Manual,First,16.1 ,796,37,4.00,500.00
2015.00,42999.00,Diesel,Manual,First,15.1 ,2179,140,7.00,11520.00
2014.00,90000.00,Diesel,Manual,First,21.5 ,1248,88.8,5.00,4500.00
2013.00,72000.00,Petrol,Automatic,First,15.0 ,1396,98.6,5.00,4750.00
2019.00,54321.00,Diesel,Manual,First,19.67 ,1582,126.2,5.00,13540.00
2015.00,59630.00,Diesel,Automatic,First,13.0 ,2143,201.1,5.00,23410.00
2013.00,116000.00,Diesel,Automatic,Second,12.55 ,2982,168.5,7.00,19250.00
2015.00,34000.00,Diesel,Automatic,First,9.0 ,1984,181,5.00,20000.00
2011.00,70000.00,Diesel,Automatic,First,14.21 ,2143,203,5.00,13000.00
2010.00,80000.00,Petrol,Manual,First,10.2 ,2354,180,5.00,3990.00
2015.00,110000.00,Diesel,Manual,First,25.8 ,1498,98.6,5.00,4650.00
2013.00,56454.00,Diesel,Manual,First,28.4 ,1248,73.75,5.00,4650.00
2013.00,60000.00,Petrol,Manual,First,18.6 ,1197,85.8,5.00,3150.00
2013.00,56000.00,Petrol,Automatic,First,14.53 ,1798,138.1,5.00,8250.00
2012.00,63000.00,Diesel,Automatic,Second,11.49 ,4367,335.3,5.00,65000.00
2012.00,63000.00,Diesel,Manual,First,22.9 ,1248,74,5.00,4500.00
2017.00,15050.00,Diesel,Manual,First,16.3 ,1956,170,5.00,17500.00
2016.00,29401.00,Petrol,Manual,First,20.4 ,1197,81.80,5.00,4310.00
2016.00,25238.00,Petrol,Manual,First,18.7 ,1199,88.7,5.00,6200.00
2011.00,79000.00,Diesel,Manual,First,23.59 ,1364,null,5.00,4670.00
2011.00,58752.00,Petrol,Manual,First,16.47 ,1198,73.9,5.00,3320.00
2011.00,62000.00,Petrol,Automatic,First,12.9 ,1799,130,5.00,3750.00
2013.00,132000.00,Petrol,Manual,First,16.78 ,1496,88.73,5.00,4700.00
2016.00,51000.00,Petrol,Manual,First,17.01 ,1591,121.3,5.00,6500.00
2009.00,185200.00,Diesel,Manual,First,12.8 ,2494,102,8.00,7250.00
2016.00,61717.00,Diesel,Manual,First,22.7 ,1598,118,5.00,8940.00
2018.00,8896.00,Petrol,Manual,First,19.0 ,1194,94.68,5.00,7340.00
2016.00,17000.00,Petrol,Manual,First,21.4 ,1197,83.1,5.00,6900.00
2016.00,31378.00,Petrol,Manual,First,18.2 ,1199,88.7,5.00,5900.00
2013.00,114000.00,Diesel,Automatic,First,22.32 ,1582,126.3,5.00,6750.00
2014.00,81000.00,Diesel,Manual,First,25.8 ,1498,98.6,5.00,4100.00
2017.00,31000.00,Diesel,Automatic,First,18.51 ,1968,147.51,5.00,27000.00
2014.00,35000.00,Petrol,Manual,First,15.0 ,1598,103.52,5.00,4500.00
2013.00,60001.00,Diesel,Automatic,First,17.11 ,1968,174.33,5.00,14500.00
2014.00,75074.00,Diesel,Manual,First,23.4 ,1248,74,5.00,5250.00
2012.00,80000.00,Diesel,Manual,Second,22.3 ,1248,74,5.00,1200.00
2006.00,147350.00,Diesel,Manual,Second,12.99 ,2494,100.6,8.00,4950.00
2013.00,60000.00,Diesel,Manual,First,19.64 ,1461,108.45,5.00,7500.00
2015.00,7501.00,Petrol,Automatic,First,10.0 ,2996,333,4.00,48000.00
2015.00,58000.00,Diesel,Manual,First,25.8 ,1498,98.6,5.00,4450.00
2018.00,29277.00,Diesel,Automatic,First,11.57 ,2987,254.79,5.00,59650.00
2015.00,57034.00,Diesel,Manual,First,23.2 ,1248,73.94,5.00,4380.00
2016.00,40810.00,Diesel,Manual,First,28.09 ,1248,88.5,5.00,7900.00
2008.00,35268.00,Petrol,Manual,Second,0.0 ,1086,62,5.00,1880.00
2008.00,81000.00,Diesel,Automatic,Second,18.48 ,,,,10500.00
2018.00,34630.00,Petrol,Automatic,First,21.4 ,1197,83.1,5.00,7290.00
2012.00,45122.00,Diesel,Manual,First,23.5 ,1498,88.7,5.00,6000.00
2011.00,126000.00,Diesel,Manual,Third,16.0 ,2179,140,7.00,6700.00
2009.00,63000.00,Petrol,Manual,First,19.7 ,796,46.3,5.00,1500.00
2016.00,32298.00,Diesel,Automatic,First,20.7 ,1496,113.98,4.00,23800.00
2014.00,63288.00,Diesel,Manual,First,15.1 ,2179,140,7.00,7770.00
2012.00,43337.00,Petrol,Manual,First,17.92 ,1086,62.1,5.00,3320.00
2015.00,46561.00,Diesel,Manual,First,22.9 ,1248,74,5.00,4940.00
2013.00,34000.00,Diesel,Automatic,Second,20.0 ,2143,107.3,5.00,11000.00
2016.00,48000.00,Petrol,Manual,First,25.17 ,799,53.3,5.00,3400.00
2013.00,56263.00,Diesel,Manual,First,22.9 ,1248,74,5.00,4170.00
2005.00,84060.00,Petrol,Manual,Second,17.3 ,993,60,5.00,1250.00
2016.00,9000.00,Petrol,Automatic,First,18.9 ,1197,82,5.00,5450.00
2012.00,79000.00,Diesel,Manual,First,21.12 ,1248,88.8,5.00,2590.00
2015.00,87900.00,Diesel,Manual,First,16.0 ,2179,140,7.00,12010.00
2010.00,72425.00,Petrol,Manual,Second,17.5 ,1197,85.8,5.00,2450.00
2015.00,38000.00,Diesel,Automatic,First,15.73 ,1968,174.33,5.00,29000.00
2008.00,83000.00,Diesel,Manual,Second,17.8 ,1399,null,5.00,2400.00
2010.00,107000.00,Diesel,Automatic,First,14.84 ,2143,170,5.00,11990.00
2015.00,51000.00,Petrol,Automatic,First,18.0 ,1497,117.3,5.00,7900.00
2010.00,140000.00,Diesel,Manual,Third,12.8 ,2494,102,7.00,6250.00
2011.00,48000.00,Petrol,Manual,Second,18.6 ,1199,79.4,5.00,1800.00
2013.00,62000.00,CNG,Manual,First,26.6,998,58.16,5.00,2800.00
2015.00,31000.00,Petrol,Manual,First,18.7 ,1199,88.7,5.00,4900.00
2010.00,75055.00,Petrol,Manual,First,18.06 ,1198,75,5.00,2250.00
2017.00,51210.00,Petrol,Automatic,First,19.12 ,1373,91.1,5.00,8890.00
2012.00,87000.00,Diesel,Automatic,First,12.55 ,2982,168.5,7.00,15000.00
2018.00,17000.00,Diesel,Manual,First,26.1 ,1498,99,5.00,5650.00
2014.00,57000.00,Diesel,Manual,First,20.77 ,1248,88.8,7.00,7000.00
2016.00,9370.00,Petrol,Manual,First,22.74 ,796,47.3,5.00,2950.00
2013.00,53226.00,Petrol,Manual,First,19.4 ,1198,86.8,5.00,3300.00
2010.00,120000.00,Diesel,Manual,Second,16.2 ,1493,110,5.00,3500.00
2007.00,75055.00,Petrol,Manual,First,12.8 ,1493,100,5.00,2300.00
2017.00,37247.00,Diesel,Manual,First,19.67 ,1582,126.2,5.00,13690.00
2013.00,64000.00,Diesel,Manual,First,23.59 ,1364,67.06,5.00,3100.00
2014.00,12000.00,Petrol,Manual,First,13.44 ,2359,198.25,5.00,12750.00
2017.00,40158.00,Diesel,Manual,First,19.67 ,1582,126.2,5.00,13750.00
2017.00,11000.00,Petrol,Manual,First,18.7 ,1199,88.7,5.00,6750.00
2014.00,70010.00,Diesel,Manual,First,20.54 ,1598,103.6,5.00,5250.00
2015.00,82000.00,Diesel,Manual,First,16.0 ,2179,140,7.00,8750.00
2017.00,57259.00,Diesel,Manual,First,18.49 ,1493,100,7.00,8870.00
2010.00,84000.00,Petrol,Automatic,Second,11.1 ,2354,142,5.00,6500.00
2012.00,168000.00,Diesel,Manual,First,20.77 ,1248,88.76,7.00,4500.00
2012.00,73670.00,Diesel,Manual,First,12.83 ,2696,162,7.00,12500.00
2014.00,89540.00,Diesel,Automatic,First,12.55 ,2982,168.5,7.00,16800.00
2016.00,85423.00,Diesel,Manual,First,20.77 ,1248,88.8,7.00,8750.00
2013.00,48823.00,Diesel,Automatic,First,19.5 ,1582,126.24,5.00,8500.00
2011.00,35082.00,Petrol,Manual,First,20.36 ,1197,78.9,5.00,2210.00
2012.00,126000.00,Petrol,Manual,First,16.8 ,796,34.2,5.00,1600.00
2016.00,19000.00,Petrol,Automatic,First,15.5 ,1198,86.7,5.00,6250.00
2007.00,69000.00,Petrol,Automatic,Second,12.9 ,1799,130,5.00,2250.00
2019.00,29836.00,Diesel,Automatic,First,17.9 ,2143,136,5.00,25750.00
2010.00,48002.00,Petrol,Manual,Second,13.14 ,1798,157.8,5.00,6750.00
2015.00,52324.00,Diesel,Manual,First,28.09 ,1248,88.5,5.00,6250.00
2013.00,65000.00,Diesel,Manual,First,22.7 ,1498,89.84,5.00,5100.00
2009.00,66000.00,Diesel,Automatic,Second,8.7 ,2987,224.34,5.00,10750.00
2016.00,75700.00,Diesel,Manual,First,24.0 ,1120,70,5.00,5700.00
2013.00,43000.00,Diesel,Manual,First,20.5 ,1598,105,5.00,5950.00
2012.00,42706.00,Diesel,Manual,First,25.44 ,936,56.3,5.00,2400.00
2013.00,35000.00,Diesel,Manual,First,17.21 ,1493,100,7.00,3490.00
2011.00,54348.00,Petrol,Automatic,First,19.2 ,1197,80,5.00,4000.00
2013.00,84000.00,Diesel,Manual,First,23.59 ,1364,67.04,5.00,3850.00
2010.00,63298.00,Petrol,Automatic,First,14.53 ,1794,138.1,5.00,3950.00
2013.00,75049.00,Petrol,Manual,Second,20.36 ,1197,78.9,5.00,3000.00
2018.00,24237.00,Petrol,Manual,First,18.16 ,1196,86.8,5.00,6700.00
2016.00,22767.00,Petrol,Manual,First,18.5 ,1197,85.80,5.00,6140.00
2012.00,58000.00,Petrol,Automatic,Second,15.0 ,1396,98.6,5.00,4400.00
2017.00,57000.00,Diesel,Manual,First,26.59 ,1248,74,5.00,4250.00
2010.00,50161.00,Petrol,Automatic,First,8.77 ,4395,402,5.00,25930.00
2016.00,45000.00,Diesel,Manual,First,22.7 ,1598,118,5.00,7000.00
2017.00,68319.00,Diesel,Automatic,First,12.55 ,2982,168.5,7.00,25120.00
2017.00,30711.00,Petrol,Manual,First,20.3 ,998,68.05,5.00,4450.00
2011.00,38277.00,Diesel,Manual,First,21.9 ,1396,90,5.00,2400.00
2012.00,115000.00,Diesel,Manual,Second,20.54 ,1598,103.6,5.00,4330.00
2017.00,46849.00,Petrol,Automatic,First,18.5 ,1197,83.14,5.00,6930.00
2014.00,64000.00,Diesel,Manual,First,21.9 ,1396,90,5.00,4250.00
2010.00,130923.00,Diesel,Automatic,First,14.21 ,2143,203,5.00,12500.00
2015.00,15000.00,Petrol,Manual,First,18.9 ,1197,82,5.00,4900.00
2014.00,32720.00,Diesel,Manual,First,23.0 ,1396,90,5.00,4500.00
2016.00,12500.00,Petrol,Manual,First,25.17 ,799,53.3,5.00,3000.00
2015.00,59800.00,Petrol,Automatic,First,16.9 ,1197,82,5.00,5800.00
2011.00,54211.00,Petrol,Manual,First,15.04 ,1598,103.6,5.00,3330.00
2015.00,62242.00,Diesel,Automatic,First,14.39 ,1998,163.7,5.00,6620.00
2015.00,54000.00,Diesel,Manual,Second,19.01 ,1461,108.5,5.00,5750.00
2012.00,65000.00,Diesel,Manual,First,22.32 ,1582,126.32,5.00,6200.00
2015.00,55000.00,Petrol,Automatic,First,23.1 ,998,67.04,5.00,3500.00
2010.00,71000.00,Petrol,Manual,First,18.9 ,998,67.1,5.00,2000.00
2012.00,70000.00,Diesel,Manual,First,21.9 ,1396,88.8,5.00,4000.00
2011.00,53000.00,Petrol,Automatic,First,12.3 ,1781,163.2,5.00,9500.00
2013.00,43000.00,Diesel,Automatic,First,17.05 ,1995,184,5.00,17500.00
2015.00,54000.00,Petrol,Automatic,First,14.3 ,1598,103.52,5.00,6110.00
2014.00,51000.00,Petrol,Manual,First,20.36 ,1197,78.9,5.00,3750.00
2007.00,78000.00,Diesel,Manual,Second,10.5 ,2835,107.2,6.00,6200.00
2014.00,25000.00,Diesel,Manual,First,26.0 ,1498,98.6,5.00,6150.00
2012.00,12600.00,Petrol,Manual,First,20.92 ,998,67.1,5.00,2400.00
2009.00,80000.00,Diesel,Manual,Fourth & Above,17.8 ,1248,75,5.00,2150.00
2016.00,21000.00,Petrol,Manual,First,18.9 ,1197,82,5.00,3750.00
2011.00,32000.00,Petrol,Manual,Second,15.6 ,1196,70,5.00,2150.00
2015.00,50000.00,Petrol,Manual,First,18.9 ,1197,81.86,5.00,4750.00
2010.00,47500.00,Petrol,Manual,First,15.5 ,1586,103.3,5.00,2450.00
2017.00,7500.00,Petrol,Manual,First,17.4 ,1497,117.3,5.00,11150.00
2016.00,68163.00,Diesel,Automatic,First,19.6 ,1461,108.45,5.00,8900.00
2014.00,61000.00,Diesel,Manual,First,25.8 ,1498,98.6,5.00,4350.00
2015.00,100000.00,Diesel,Manual,Second,12.99 ,2494,100.6,7.00,12000.00
2009.00,61500.00,Diesel,Automatic,Second,16.07 ,1995,181,5.00,8500.00
2017.00,42883.00,Petrol,Manual,First,19.81 ,1086,68.05,5.00,4270.00
2012.00,97000.00,Diesel,Manual,Second,20.45 ,1461,83.8,5.00,4250.00
2010.00,39525.00,Petrol,Automatic,First,11.3 ,2360,170,5.00,9250.00
2017.00,35384.00,Diesel,Manual,First,24.3 ,1248,88.5,5.00,8610.00
2010.00,46000.00,Diesel,Automatic,First,11.8 ,2987,261,7.00,28000.00
2018.00,32189.00,Diesel,Manual,First,23.0 ,1498,98.96,5.00,9250.00
2016.00,27000.00,Diesel,Automatic,First,19.08 ,1582,126.2,5.00,8600.00
2018.00,22734.00,Petrol,Manual,First,16.47 ,1198,74,5.00,7530.00
2014.00,58002.00,Diesel,Manual,First,19.64 ,1461,108.45,5.00,5750.00
2012.00,31500.00,Petrol,Automatic,First,16.5 ,1198,86.8,5.00,4150.00
2017.00,30933.00,Petrol,Manual,First,18.16 ,1196,86.8,5.00,5840.00
2012.00,27090.00,Diesel,Automatic,First,18.53 ,1968,187.74,5.00,16500.00
2015.00,29500.00,Diesel,Automatic,First,15.97 ,2993,258,7.00,43000.00
2013.00,45000.00,Petrol,Manual,First,20.36 ,1197,78.9,5.00,3550.00
2018.00,11691.00,Petrol,Manual,First,18.6 ,1197,81.83,5.00,8900.00
2006.00,121000.00,Diesel,Manual,Second,16.4 ,1896,90,5.00,2500.00
2010.00,118077.00,Diesel,Manual,First,16.2 ,1493,110,5.00,3850.00
2012.00,36300.00,Petrol,Automatic,Third,17.1 ,1591,121.4,5.00,7500.00
2005.00,90000.00,Petrol,Manual,Second,15.3 ,1341,61,5.00,1800.00
2010.00,78000.00,Diesel,Manual,First,20.0 ,1399,68,5.00,2250.00
2015.00,42000.00,Diesel,Automatic,First,17.68 ,1968,174.33,5.00,24250.00
2015.00,27000.00,Petrol,Manual,First,16.47 ,1198,74,5.00,4350.00
2012.00,22000.00,Diesel,Automatic,First,17.05 ,1995,184,5.00,11500.00
2014.00,49000.00,Petrol,Manual,First,17.4 ,1497,117.3,5.00,4750.00
2012.00,42600.00,Diesel,Manual,First,23.0 ,1396,90,5.00,4990.00
2018.00,12794.00,Petrol,Automatic,First,19.0 ,1199,88.7,5.00,9150.00
2006.00,125000.00,Petrol,Manual,Fourth & Above,16.1 ,,,,2350.00
2014.00,88046.00,Petrol,Automatic,First,10.1 ,2354,152,5.00,13990.00
2014.00,8000.00,Diesel,Automatic,Second,20.0 ,2143,107.3,5.00,19750.00
2018.00,82739.00,Diesel,Automatic,First,16.0 ,2179,140,7.00,16770.00
2006.00,193000.00,Diesel,Manual,Third,13.6 ,2523,63,7.00,2500.00
2013.00,7000.00,Petrol,Automatic,First,17.97 ,1498,99.6,5.00,3650.00
2012.00,60000.00,Diesel,Automatic,Second,12.35 ,2179,187.74,5.00,23500.00
2017.00,38000.00,Petrol,Manual,First,22.74 ,796,47.3,5.00,3110.00
2013.00,56344.00,Petrol,Manual,First,17.6 ,1496,88.73,5.00,4570.00
2014.00,17858.00,Petrol,Manual,First,17.0 ,1197,80,5.00,5320.00
2012.00,53000.00,Petrol,Manual,First,20.36 ,1197,78.9,5.00,3200.00
2016.00,67906.00,Diesel,Manual,First,25.2 ,1248,74,5.00,5630.00
2015.00,19000.00,Petrol,Manual,First,21.1 ,814,55.2,5.00,3000.00
2010.00,67000.00,Diesel,Automatic,Second,22.69 ,1995,190,5.00,9250.00
2011.00,80000.00,Diesel,Manual,First,23.57 ,1396,70,5.00,1200.00
2015.00,61000.00,Petrol,Manual,First,22.74 ,796,47.3,5.00,2150.00
2010.00,39000.00,Diesel,Manual,First,22.07 ,1199,73.9,5.00,3050.00
2014.00,59000.00,Petrol,Automatic,First,14.28 ,1798,138.03,5.00,11500.00
2008.00,80931.00,Petrol,Manual,First,17.92 ,1086,62.1,5.00,2300.00
2016.00,34000.00,Petrol,Manual,First,20.4 ,1197,81.80,5.00,4950.00
2013.00,130000.00,Diesel,Manual,First,21.64 ,1461,84.8,5.00,4750.00
2018.00,52380.00,Diesel,Manual,First,24.3 ,1248,88.5,5.00,10150.00
2011.00,44000.00,Petrol,Manual,First,18.06 ,1198,75,5.00,2650.00
2015.00,84000.00,Diesel,Manual,First,20.0 ,1399,68.05,5.00,3800.00
2017.00,41697.00,Petrol,Automatic,First,13.1 ,1997,141.1,5.00,16680.00
2014.00,163000.00,Diesel,Manual,First,19.01 ,1461,108.5,5.00,5000.00
2011.00,42000.00,Petrol,Manual,Second,17.71 ,1197,78.9,5.00,3750.00
2013.00,129000.00,Diesel,Manual,Third,21.27 ,1396,88.76,5.00,4110.00
2015.00,32200.00,Petrol,Manual,Second,18.16 ,1196,86.8,5.00,4250.00
2004.00,129000.00,Diesel,Manual,First,10.5 ,2835,107.2,6.00,3450.00
2014.00,40000.00,Diesel,Automatic,First,17.11 ,1968,174.33,5.00,22500.00
2006.00,150000.00,Petrol,Manual,First,12.4 ,1998,132,8.00,4500.00
2007.00,140000.00,Petrol,Manual,First,15.26 ,1150,74.9,5.00,900.00
2006.00,63181.00,Petrol,Manual,First,15.3 ,1341,83,5.00,1850.00
2013.00,39575.00,Diesel,Manual,First,25.8 ,1498,98.6,5.00,3250.00
2010.00,63600.00,Diesel,Manual,Second,17.8 ,1248,null,5.00,3100.00
2014.00,70374.00,Diesel,Manual,First,22.7 ,1498,89.84,5.00,7340.00
2015.00,26256.00,Diesel,Manual,First,20.14 ,1498,88.5,5.00,4250.00
2016.00,13460.00,Petrol,Manual,First,18.6 ,1197,81.86,5.00,6450.00
2011.00,122000.00,Diesel,Manual,Second,12.8 ,2494,102,8.00,10750.00
2015.00,58589.00,Diesel,Automatic,First,15.26 ,2143,203.2,5.00,27750.00
2005.00,115000.00,Petrol,Manual,Second,17.3 ,1061,64,5.00,990.00
2016.00,75000.00,Diesel,Automatic,First,12.62 ,2198,158,7.00,24000.00
2016.00,30292.00,Petrol,Manual,First,18.6 ,1197,81.86,5.00,6100.00
2017.00,32248.00,Petrol,Manual,First,17.5 ,1199,88.7,5.00,8250.00
2013.00,74000.00,Petrol,Manual,First,16.47 ,1198,73.9,5.00,4650.00
2014.00,56100.00,Petrol,Manual,First,13.7 ,1997,153.86,5.00,9750.00
2014.00,61325.00,Petrol,Manual,First,18.9 ,1197,81.86,5.00,4400.00
2014.00,33000.00,Petrol,Manual,First,19.1 ,1197,85.8,5.00,3990.00
2016.00,18090.00,Diesel,Automatic,First,16.2 ,2993,258,5.00,45730.00
2014.00,71390.00,Diesel,Manual,First,22.7 ,1498,89.84,5.00,5270.00
2014.00,41000.00,CNG,Manual,First,26.2,998,58.2,5.00,3500.00
2016.00,67000.00,Diesel,Manual,First,26.0 ,1498,98.6,5.00,7250.00
2008.00,99000.00,Diesel,Manual,Second,17.0 ,1405,70,5.00,1600.00
2014.00,142000.00,Diesel,Manual,Second,19.01 ,1461,108.45,5.00,6000.00
2010.00,26966.00,Petrol,Manual,First,20.36 ,1197,78.9,5.00,3000.00
2015.00,27628.00,Petrol,Manual,First,18.7 ,1199,88.7,5.00,4950.00
2016.00,82497.00,Diesel,Manual,First,23.65 ,1248,88.5,5.00,8990.00
2007.00,86000.00,Petrol,Manual,Third,11.9 ,2354,144,5.00,1850.00
2016.00,26981.00,Petrol,Manual,First,16.47 ,1198,73.9,5.00,6160.00
2010.00,110471.00,Diesel,Manual,First,21.1 ,1248,73.9,5.00,3500.00
2014.00,69000.00,Petrol,Manual,First,19.5 ,1199,88.76,5.00,4500.00
2017.00,12000.00,Petrol,Manual,First,18.6 ,1197,81.83,5.00,7750.00
2014.00,77500.00,Diesel,Manual,First,20.45 ,1461,83.8,5.00,6600.00
2014.00,48031.00,Petrol,Manual,First,18.9 ,1197,82,5.00,4980.00
2008.00,170000.00,Diesel,Automatic,Third,16.07 ,1995,181,5.00,9750.00
2014.00,69565.00,Diesel,Manual,First,22.7 ,1498,89.84,5.00,5550.00
2016.00,45492.00,Diesel,Automatic,First,21.5 ,1498,108.5,5.00,10300.00
2011.00,85000.00,Petrol,Automatic,Second,11.7 ,2354,177.6,5.00,7500.00
2008.00,55902.00,Petrol,Manual,First,14.49 ,1399,92.7,5.00,1800.00
2017.00,18500.00,Petrol,Manual,First,16.2 ,1199,74,5.00,6250.00
2015.00,129750.00,Diesel,Manual,Second,14.95 ,2489,93.7,7.00,6800.00
2009.00,50902.00,Petrol,Automatic,First,19.2 ,1197,80,5.00,3000.00
2015.00,84725.00,Diesel,Manual,First,15.1 ,2179,140,7.00,11600.00
2013.00,40000.00,Diesel,Manual,Second,22.7 ,1582,126.24,5.00,6950.00
2010.00,60000.00,Petrol,Manual,Third,14.3 ,1798,160,5.00,3500.00
2014.00,33496.00,Petrol,Manual,First,18.9 ,1197,81.86,5.00,5500.00
2015.00,25000.00,Petrol,Manual,First,18.6 ,1197,81.83,5.00,5650.00
2013.00,71000.00,Diesel,Manual,First,18.2 ,1248,73.8,8.00,3250.00
2015.00,20826.00,Petrol,Automatic,First,14.3 ,1598,103.6,5.00,7720.00
2016.00,42244.00,Diesel,Manual,First,19.67 ,1582,126.2,5.00,12000.00
2013.00,98598.00,Diesel,Manual,First,25.44 ,936,57.6,5.00,1550.00
2011.00,62100.00,Diesel,Manual,First,11.5 ,2982,171,7.00,10750.00
2016.00,44238.00,Petrol,Manual,First,18.6 ,1197,81.83,5.00,6720.00
2012.00,91743.00,Diesel,Automatic,First,12.07 ,2967,241.4,7.00,28550.00
2013.00,19828.00,Diesel,Automatic,Second,17.85 ,2967,300,4.00,75000.00
2016.00,36891.00,Petrol,Manual,First,17.8 ,1497,117.3,5.00,10490.00
2012.00,90049.00,Diesel,Manual,First,17.21 ,1493,100,7.00,3800.00
2012.00,74002.00,Diesel,Automatic,First,16.55 ,1968,140,5.00,18500.00
2013.00,41000.00,Petrol,Automatic,First,12.37 ,2359,198.25,5.00,6000.00
2012.00,83678.00,Diesel,Manual,First,22.32 ,1582,126.32,5.00,5500.00
2010.00,91000.00,Petrol,Manual,First,18.9 ,998,67.1,5.00,2300.00
2016.00,50000.00,Diesel,Manual,First,24.52 ,1248,88.5,7.00,8700.00
2015.00,58000.00,Diesel,Manual,First,24.4 ,1120,71.01,5.00,4950.00
2012.00,80000.00,Diesel,Manual,First,22.9 ,1248,74,5.00,4250.00
2017.00,41290.00,Diesel,Manual,Second,16.0 ,2179,140,7.00,10940.00
2013.00,65000.00,Diesel,Automatic,First,22.48 ,1995,190,5.00,21260.00
2016.00,16471.00,Petrol,Manual,Second,14.28 ,1798,138.03,5.00,11500.00
2015.00,54339.00,Diesel,Manual,Second,22.54 ,1396,88.73,5.00,6000.00
2016.00,24025.00,Petrol,Manual,First,18.15 ,1198,82,6.00,4100.00
2013.00,24027.00,Petrol,Manual,First,24.7 ,796,47.3,5.00,2010.00
2010.00,59270.00,Petrol,Manual,First,15.7 ,1172,67,5.00,2600.00
2012.00,40000.00,Petrol,Manual,First,18.9 ,998,67.1,5.00,2350.00
2012.00,155566.00,Diesel,Manual,Second,9.5 ,2835,118.6,6.00,9150.00
2013.00,42320.00,Petrol,Manual,First,19.4 ,1198,86.8,5.00,2900.00
2017.00,24153.00,Diesel,Manual,Second,22.54 ,1396,88.73,5.00,9180.00
2016.00,27000.00,Petrol,Automatic,First,13.0 ,1591,121.3,5.00,11450.00
2012.00,92000.00,CNG,Manual,Second,26.83,796,38.4,5.00,2100.00
2017.00,61795.00,Petrol,Manual,First,17.8 ,1198,86.7,5.00,5530.00
2016.00,13500.00,Petrol,Manual,First,18.15 ,1198,82,6.00,3750.00
2018.00,4500.00,Petrol,Automatic,First,18.0 ,1497,117.3,5.00,12500.00
2017.00,23000.00,Diesel,Automatic,First,16.0 ,2179,140,7.00,15500.00
2011.00,65400.00,Petrol,Manual,First,0.0 ,1086,null,5.00,2100.00
2013.00,80578.00,Diesel,Automatic,Second,14.84 ,2143,170,5.00,14500.00
2017.00,42646.00,Diesel,Automatic,First,19.6 ,1461,108.45,5.00,12460.00
2014.00,30000.00,Petrol,Manual,Second,16.47 ,1198,74,5.00,5250.00
2012.00,90000.00,Diesel,Automatic,First,18.48 ,,,,14500.00
2009.00,98000.00,Diesel,Automatic,Second,13.5 ,2987,282,5.00,25000.00
2012.00,66400.00,Petrol,Manual,First,0.0 ,,,,2660.00
2012.00,50000.00,Diesel,Automatic,First,12.9 ,2993,271.23,4.00,45000.00
2015.00,63310.00,Diesel,Manual,First,28.4 ,1248,74,5.00,5100.00
2014.00,66000.00,Diesel,Manual,First,25.8 ,1498,98.6,5.00,3500.00
2011.00,74000.00,Diesel,Automatic,Second,16.07 ,1995,181,5.00,12500.00
2012.00,93000.00,Diesel,Manual,First,23.5 ,1396,88.7,5.00,5550.00
2015.00,70000.00,Diesel,Automatic,First,11.5 ,2982,169,7.00,19480.00
2012.00,48772.00,Petrol,Manual,First,18.6 ,1197,85.8,5.00,3910.00
2010.00,66000.00,Petrol,Manual,First,18.6 ,1199,79.4,5.00,2190.00
2017.00,27417.00,Petrol,Automatic,First,18.9 ,1197,82,5.00,6890.00
2011.00,51593.00,Petrol,Manual,Second,15.6 ,1196,70,5.00,3470.00
2008.00,86340.00,Petrol,Automatic,Second,9.1 ,2349,null,5.00,3250.00
2010.00,75000.00,Petrol,Manual,First,16.1 ,1298,88.2,5.00,2850.00
2016.00,39237.00,Diesel,Automatic,First,17.11 ,1968,174.33,5.00,25640.00
2018.00,11966.00,Petrol,Manual,First,16.8 ,1497,116.3,5.00,10280.00
2015.00,37000.00,Petrol,Manual,First,18.2 ,1199,88.7,5.00,6300.00
2014.00,70920.00,Diesel,Manual,First,20.14 ,1498,88.8,5.00,4750.00
2013.00,65280.00,Diesel,Manual,First,19.87 ,1461,83.14,5.00,5800.00
2016.00,62000.00,Diesel,Automatic,First,12.51 ,2179,187.7,7.00,44500.00
2014.00,44525.00,Petrol,Manual,First,18.5 ,1197,82.9,5.00,4650.00
2009.00,86863.00,Petrol,Manual,First,17.0 ,1497,118,5.00,3600.00
2015.00,102626.00,Diesel,Manual,First,16.0 ,2179,140,7.00,12250.00
2017.00,45000.00,Diesel,Manual,First,16.3 ,1956,170,5.00,20000.00
2017.00,22000.00,Diesel,Manual,First,16.0 ,2179,140,7.00,16000.00
2011.00,108905.00,Diesel,Automatic,Second,11.79 ,2179,120,8.00,6210.00
2016.00,12800.00,Petrol,Manual,First,19.44 ,1198,67,7.00,3250.00
2016.00,32000.00,Diesel,Manual,First,15.4 ,2179,120,7.00,9750.00
2014.00,39000.00,Petrol,Automatic,First,15.5 ,1198,86.7,5.00,4450.00
2017.00,42000.00,Diesel,Manual,First,25.6 ,1498,98.6,5.00,12000.00
2008.00,73000.00,Petrol,Manual,First,14.4 ,1396,65,5.00,800.00
2018.00,48000.00,Diesel,Manual,First,24.0 ,1186,73.97,5.00,5950.00
2015.00,18000.00,CNG,Manual,First,33.44,796,40.3,4.00,3000.00
2014.00,19000.00,Petrol,Manual,First,17.43 ,1396,105.5,5.00,5250.00
2019.00,33598.00,Diesel,Manual,First,13.68 ,2393,147.8,7.00,22200.00
2012.00,63000.00,Diesel,Automatic,First,17.05 ,1995,184,5.00,13500.00
2015.00,48000.00,Diesel,Automatic,First,16.96 ,1968,138.03,5.00,13500.00
2014.00,66000.00,Diesel,Manual,First,20.0 ,1399,68.05,5.00,3470.00
2013.00,80000.00,Diesel,Automatic,Second,11.18 ,2696,184,7.00,9500.00
2011.00,37000.00,Petrol,Manual,First,15.04 ,1598,103.6,5.00,4800.00
2016.00,35058.00,Petrol,Manual,First,15.0 ,1598,103.52,5.00,6540.00
2012.00,52000.00,Petrol,Manual,First,16.47 ,1198,73.9,5.00,3100.00
2015.00,61313.00,Diesel,Manual,First,23.65 ,1248,88.5,5.00,7990.00
2009.00,45000.00,Petrol,Manual,Second,14.53 ,1798,138.1,5.00,3300.00
2015.00,74000.00,Diesel,Manual,First,20.77 ,1248,88.8,7.00,8750.00
2013.00,89000.00,Petrol,Automatic,First,19.2 ,1197,80,5.00,4190.00
2019.00,13414.00,Diesel,Automatic,First,17.9 ,2143,136,5.00,30770.00
2006.00,95000.00,Petrol,Manual,Second,16.9 ,1497,100,5.00,2110.00
2018.00,15900.00,Petrol,Manual,First,18.15 ,1198,82,6.00,6250.00
2011.00,151000.00,Diesel,Manual,First,11.5 ,2982,171,7.00,11400.00
2011.00,65000.00,Petrol,Manual,First,17.0 ,1497,118,5.00,5200.00
2017.00,36824.00,Diesel,Automatic,First,18.53 ,1968,187.74,5.00,39840.00
2013.00,65287.00,Diesel,Manual,First,20.0 ,1399,68.05,5.00,4450.00
2014.00,52000.00,Diesel,Automatic,First,17.9 ,2143,136,5.00,19500.00
2007.00,33000.00,Petrol,Manual,First,15.26 ,1150,74.9,5.00,1750.00
2016.00,71000.00,Diesel,Manual,First,25.83 ,1498,99,5.00,5100.00
2013.00,71000.00,Diesel,Automatic,First,22.7 ,1582,126.2,5.00,6800.00
2016.00,20000.00,Petrol,Automatic,First,21.4 ,1197,83.1,5.00,5740.00
2010.00,71000.00,Petrol,Manual,First,16.1 ,1197,85,5.00,3300.00
2010.00,29000.00,Diesel,Automatic,First,9.9 ,3498,271.72,4.00,32000.00
2016.00,27000.00,Diesel,Automatic,First,21.76 ,1995,190,5.00,35000.00
2017.00,19000.00,Diesel,Automatic,First,28.4 ,1248,73.75,5.00,8900.00
2011.00,58000.00,Petrol,Manual,Second,17.01 ,1591,121.3,5.00,4000.00
2018.00,42203.00,Diesel,Manual,First,17.1 ,1956,170,5.00,19460.00
2009.00,94000.00,Diesel,Automatic,First,11.4 ,1991,142,5.00,5250.00
2013.00,52000.00,CNG,Manual,Second,15.1,1196,73,5.00,2600.00
2018.00,4900.00,Diesel,Manual,First,21.5 ,1497,108.5,5.00,9220.00
2013.00,70000.00,Petrol,Manual,First,21.1 ,814,55.2,5.00,1800.00
2005.00,100000.00,Diesel,Manual,Second,13.5 ,1405,null,5.00,1300.00
2015.00,65266.00,Diesel,Automatic,First,14.69 ,2993,258,5.00,31750.00
2014.00,54569.00,Diesel,Manual,First,20.77 ,1248,88.76,7.00,5990.00
2015.00,51361.00,Petrol,Manual,First,18.0 ,1198,86.7,5.00,4940.00
2007.00,125000.00,Petrol,Manual,Third,16.6 ,1388,68,5.00,1500.00
2008.00,66000.00,Petrol,Manual,Third,13.5 ,1799,130,5.00,3250.00
2007.00,65047.00,LPG,Manual,First,17.3,1061,57.5,5.00,1950.00
2014.00,22281.00,Diesel,Manual,First,20.77 ,1248,88.8,7.00,6500.00
2013.00,63210.00,Diesel,Manual,First,24.0 ,1120,70,5.00,3710.00
2018.00,31000.00,Petrol,Manual,First,20.14 ,1197,81.86,5.00,5000.00
2008.00,60000.00,Petrol,Manual,First,19.81 ,1086,68.05,5.00,1990.00
2017.00,32006.00,Petrol,Manual,First,18.0 ,1198,86.7,5.00,4250.00
2009.00,78000.00,Diesel,Automatic,First,12.4 ,2698,179.5,5.00,8000.00
2011.00,9489.00,Petrol,Manual,First,20.36 ,1197,78.9,5.00,2950.00
2018.00,5000.00,Petrol,Manual,First,25.17 ,799,53.3,5.00,3500.00
2012.00,60000.00,Diesel,Automatic,Second,15.2 ,1968,140.8,5.00,16000.00
2015.00,50000.00,Petrol,Manual,First,22.74 ,796,47.3,5.00,2750.00
2015.00,53000.00,Petrol,Manual,First,17.8 ,1497,117.3,5.00,6950.00
2011.00,64000.00,Petrol,Automatic,Second,11.74 ,1796,186,5.00,12500.00
2017.00,43827.00,Diesel,Automatic,First,13.22 ,2967,241.4,5.00,36830.00
2011.00,36431.00,Petrol,Manual,First,16.2 ,1199,74,5.00,2700.00
2017.00,35000.00,Diesel,Manual,First,21.38 ,1396,88.7,5.00,9900.00
2011.00,94832.00,Petrol,Manual,First,17.0 ,1497,118,5.00,3830.00
2012.00,88381.00,Petrol,Manual,First,17.0 ,1497,118,5.00,5250.00
2016.00,45194.00,Diesel,Manual,First,22.7 ,1598,118,5.00,7750.00
2010.00,66000.00,Petrol,Manual,Second,16.51 ,1586,103.2,5.00,2460.00
2014.00,38578.00,Diesel,Manual,First,23.4 ,1248,74,5.00,3960.00
2015.00,40000.00,Diesel,Manual,First,20.77 ,1248,88.8,7.00,8250.00
2018.00,20632.00,Petrol,Manual,First,18.6 ,1197,81.83,5.00,7580.00
2014.00,73042.00,Diesel,Manual,First,24.0 ,1120,70,5.00,3990.00
2014.00,54257.00,Petrol,Manual,First,17.4 ,1497,117.3,5.00,6250.00
2013.00,93000.00,Diesel,Manual,First,20.5 ,1598,103.5,5.00,5000.00
2005.00,102000.00,Diesel,Automatic,Second,11.0 ,2987,198.5,5.00,4650.00
2016.00,28881.00,Diesel,Automatic,First,13.01 ,2199,194.3,7.00,21370.00
2007.00,52195.00,Petrol,Manual,First,19.7 ,796,46.3,5.00,1750.00
2018.00,20422.00,Diesel,Manual,First,12.4 ,2499,134,5.00,16090.00
2012.00,38000.00,Diesel,Manual,First,24.8 ,1396,88.7,5.00,4100.00
2015.00,92885.00,Diesel,Manual,First,20.0 ,1399,68,5.00,3560.00
2010.00,43000.00,Petrol,Manual,Second,17.0 ,1497,118,5.00,4210.00
2016.00,70478.00,Diesel,Manual,First,17.8 ,1248,null,5.00,6860.00
2015.00,57000.00,Diesel,Manual,First,23.9 ,1582,126.2,5.00,6600.00
2018.00,32434.00,Petrol,Automatic,First,13.0 ,1591,121.3,5.00,14350.00
2017.00,32000.00,Diesel,Manual,First,22.7 ,1498,89.84,5.00,9500.00
2011.00,59000.00,Diesel,Automatic,First,11.2 ,2993,241,4.00,21900.00
2016.00,76467.00,Diesel,Automatic,First,18.12 ,1995,190,5.00,30450.00
2016.00,100000.00,Diesel,Manual,First,25.83 ,1498,99,5.00,5100.00
2013.00,37086.00,Petrol,Automatic,First,17.0 ,1591,121.3,5.00,5440.00
2010.00,135000.00,Diesel,Manual,First,13.8 ,1399,68,5.00,1600.00
2014.00,54862.00,Diesel,Automatic,First,17.68 ,1968,174.33,5.00,16670.00
2010.00,67758.00,Petrol,Manual,First,10.8 ,2354,null,5.00,9500.00
2012.00,56200.00,Petrol,Automatic,First,15.0 ,1396,98.6,5.00,3850.00
2011.00,169006.00,Diesel,Manual,First,14.24 ,2755,174.5,7.00,10640.00
2016.00,20229.00,Petrol,Manual,First,25.17 ,799,53.3,5.00,3500.00
2008.00,62000.00,Petrol,Manual,Third,18.0 ,995,62,5.00,1100.00
2011.00,51500.00,Petrol,Manual,Second,16.2 ,1599,103.2,5.00,2600.00
2012.00,69000.00,Diesel,Automatic,First,18.88 ,1995,184,5.00,18500.00
2004.00,167000.00,Petrol,Manual,First,0.0 ,1086,null,5.00,1350.00
2015.00,62476.00,Diesel,Manual,First,26.59 ,1248,74,5.00,7950.00
2017.00,60500.00,Diesel,Manual,First,25.4 ,1186,73.97,5.00,5490.00
2017.00,17978.00,Petrol,Automatic,First,19.0 ,1199,88.7,5.00,6950.00
2008.00,300000.00,Diesel,Manual,First,17.0 ,1405,70,5.00,1000.00
2013.00,123000.00,Diesel,Manual,Second,17.8 ,1399,67,5.00,4450.00
2016.00,45296.00,Diesel,Manual,First,25.1 ,1248,88.5,5.00,6990.00
2008.00,77325.00,Petrol,Manual,First,15.6 ,1586,104.68,5.00,3510.00
2018.00,25858.00,Petrol,Automatic,First,21.4 ,1197,83.1,5.00,7540.00
2016.00,120000.00,Diesel,Manual,First,23.2 ,1248,73.94,5.00,3650.00
2016.00,22000.00,Diesel,Automatic,First,19.5 ,1582,126.24,5.00,16000.00
2012.00,11000.00,Petrol,Manual,First,16.2 ,995,62.1,5.00,1400.00
2017.00,3900.00,Petrol,Manual,First,18.6 ,1197,81.83,5.00,6450.00
2016.00,106092.00,Diesel,Manual,First,24.4 ,1120,71,5.00,4400.00
2015.00,27000.00,Petrol,Automatic,First,19.0 ,1199,88.7,5.00,5950.00
2013.00,11000.00,Petrol,Manual,First,19.4 ,1198,86.8,5.00,3900.00
2016.00,39753.00,Diesel,Automatic,First,13.0 ,2143,201.1,5.00,35280.00
2017.00,39800.00,Diesel,Manual,First,17.6 ,2179,153.86,7.00,14250.00
2017.00,73000.00,Diesel,Manual,First,24.4 ,1120,71,5.00,4500.00
2015.00,55000.00,Diesel,Manual,First,22.7 ,1498,89.84,5.00,7500.00
2017.00,18351.00,Petrol,Automatic,First,21.9 ,624,37.48,4.00,3410.00
2013.00,45000.00,Petrol,Manual,Second,19.4 ,1198,86.8,5.00,3250.00
2016.00,112200.00,Diesel,Manual,First,24.52 ,1248,88.5,7.00,8300.00
2010.00,29000.00,Petrol,Manual,First,20.36 ,1197,78.9,5.00,3450.00
2007.00,57309.00,Petrol,Manual,First,17.0 ,1086,null,5.00,2100.00
2015.00,53392.00,Diesel,Manual,First,16.0 ,2179,140,7.00,11950.00
2010.00,71000.00,Diesel,Manual,First,20.54 ,1598,103.6,5.00,4250.00
2014.00,93000.00,Diesel,Manual,First,14.0 ,2179,138.1,7.00,8250.00
2010.00,119000.00,Petrol,Manual,First,10.2 ,2354,180,5.00,5950.00
2016.00,42225.00,Petrol,Manual,First,15.1 ,1196,73,7.00,4300.00
2012.00,65000.00,Diesel,Manual,First,22.9 ,1248,74,5.00,3900.00
2016.00,27809.00,Petrol,Automatic,First,21.4 ,1197,83.1,5.00,6410.00
2015.00,65100.00,Diesel,Manual,First,15.1 ,2179,140,7.00,8360.00
2014.00,51000.00,Petrol,Manual,First,19.1 ,1197,82,5.00,3850.00
2017.00,10000.00,Diesel,Automatic,First,19.27 ,2143,167.62,5.00,36000.00
2011.00,54895.00,Petrol,Manual,First,13.14 ,1798,160,5.00,7500.00
2015.00,80768.00,Diesel,Manual,First,20.14 ,1498,88.73,5.00,5700.00
2019.00,12076.00,Petrol,Manual,First,20.89 ,1197,81.80,5.00,5500.00
2016.00,49000.00,Diesel,Manual,First,25.2 ,1248,74,5.00,5900.00
2015.00,42366.00,Petrol,Manual,First,17.8 ,1497,117.3,5.00,7750.00
2010.00,68000.00,Diesel,Automatic,First,11.5 ,2993,235,5.00,18000.00
2008.00,122397.00,Diesel,Manual,First,17.5 ,1896,106,5.00,4400.00
2017.00,50534.00,Petrol,Automatic,First,17.21 ,1197,103.5,5.00,8270.00
2014.00,55300.00,Diesel,Manual,First,19.87 ,1461,83.8,5.00,4750.00
2008.00,73095.00,Petrol,Automatic,First,16.8 ,1497,118,5.00,3800.00
2011.00,51100.00,Diesel,Manual,First,20.54 ,1598,103.6,5.00,3400.00
2016.00,13436.00,Petrol,Manual,Second,18.9 ,1197,82,5.00,4700.00
2008.00,76000.00,Petrol,Manual,Second,16.6 ,1388,68,5.00,1490.00
2016.00,63141.00,Diesel,Manual,Second,24.4 ,1120,71,5.00,4500.00
2014.00,74885.00,Diesel,Manual,First,25.8 ,1498,98.6,5.00,5400.00
2016.00,14000.00,Petrol,Automatic,First,18.0 ,1497,117.3,5.00,11500.00
2012.00,56000.00,Diesel,Manual,Second,20.4 ,1461,108.5,5.00,3500.00
2010.00,46000.00,Diesel,Automatic,First,22.48 ,1995,190,5.00,16500.00
2012.00,51800.00,Petrol,Manual,First,15.5 ,1586,103.3,5.00,3900.00
2007.00,81000.00,Petrol,Automatic,First,16.4 ,1497,78,5.00,3250.00
2018.00,17370.00,Petrol,Manual,First,17.0 ,1198,73.75,5.00,5840.00
2016.00,18456.00,Petrol,Manual,First,17.0 ,1198,73.75,5.00,5750.00
2010.00,59000.00,Diesel,Automatic,First,16.55 ,1968,140,5.00,10000.00
2006.00,141537.00,Petrol,Manual,Second,18.9 ,998,67.1,5.00,1050.00
2013.00,51000.00,Diesel,Automatic,First,19.08 ,1582,126.32,5.00,5640.00
2019.00,29311.00,Diesel,Automatic,First,17.9 ,2143,170,5.00,50970.00
2016.00,31000.00,Diesel,Automatic,First,21.76 ,1995,190,5.00,29950.00
2014.00,80000.00,Diesel,Manual,Second,24.2 ,1498,98.6,7.00,4850.00
2016.00,33000.00,Diesel,Automatic,First,17.01 ,1582,126.2,5.00,14500.00
2011.00,71556.00,Petrol,Manual,First,17.0 ,1497,118,5.00,5500.00
2011.00,85000.00,Diesel,Manual,First,17.8 ,1399,68,5.00,3200.00
2016.00,91000.00,Diesel,Manual,First,26.59 ,1248,74,5.00,4500.00
2015.00,73187.00,Diesel,Automatic,First,13.0 ,2143,204,5.00,30720.00
2009.00,232000.00,Diesel,Manual,First,11.5 ,1991,147.9,7.00,3500.00
2007.00,127079.00,Diesel,Manual,First,12.8 ,2494,102,7.00,6990.00
2014.00,58816.00,Diesel,Manual,First,17.21 ,1493,100,7.00,3450.00
2015.00,63818.00,Petrol,Manual,First,17.4 ,1497,117.3,5.00,6570.00
2014.00,40000.00,Diesel,Automatic,First,17.11 ,1968,174.33,5.00,17500.00
2013.00,77445.00,Diesel,Manual,First,22.07 ,1199,73.9,5.00,3750.00
2017.00,14000.00,Petrol,Automatic,First,14.8 ,1497,121.36,5.00,9990.00
2012.00,85122.00,Diesel,Manual,First,12.99 ,2494,100,7.00,8200.00
2005.00,123000.00,Petrol,Manual,Third,13.0 ,1493,100,5.00,1100.00
2015.00,61000.00,CNG,Manual,First,22.1,1586,85.7,5.00,3890.00
2015.00,63714.00,Petrol,Manual,First,24.7 ,796,47.3,5.00,2450.00
2009.00,53000.00,Diesel,Automatic,First,8.7 ,2987,224.34,5.00,13750.00
2017.00,60000.00,Diesel,Manual,First,26.59 ,1248,74,5.00,3000.00
2017.00,33000.00,Diesel,Manual,First,24.3 ,1248,88.5,5.00,9250.00
2013.00,31000.00,Diesel,Automatic,First,13.2 ,2400,215,5.00,17650.00
2014.00,79000.00,Diesel,Automatic,First,12.55 ,2982,168.5,7.00,18250.00
2013.00,67914.00,Diesel,Manual,First,23.0 ,1396,90,5.00,3450.00
2015.00,58970.00,Diesel,Automatic,First,17.11 ,1968,174.33,5.00,23750.00
2013.00,60000.00,Diesel,Manual,Second,19.64 ,1461,108.5,5.00,5450.00
2017.00,35225.00,Petrol,Automatic,First,23.1 ,998,67.04,5.00,5250.00
2005.00,69496.00,Petrol,Manual,First,15.9 ,1298,null,5.00,1100.00
2012.00,62282.00,Petrol,Automatic,First,16.95 ,1197,78.9,5.00,2900.00
2010.00,80000.00,Diesel,Automatic,First,22.69 ,1995,190,5.00,14200.00
2018.00,43698.00,Petrol,Manual,First,18.9 ,1197,82,5.00,5800.00
2017.00,28052.00,Petrol,Automatic,First,18.9 ,1197,82,5.00,7220.00
2016.00,29091.00,Petrol,Manual,First,18.9 ,1197,81.86,5.00,4870.00
2013.00,63000.00,Petrol,Manual,First,16.47 ,1198,74,5.00,3300.00
2007.00,91000.00,Petrol,Manual,Second,17.7 ,1497,78,5.00,3000.00
2014.00,30000.00,Diesel,Automatic,First,17.9 ,2143,136,5.00,26000.00
2017.00,24571.00,Petrol,Manual,First,14.0 ,796,35,5.00,2900.00
2014.00,45000.00,Petrol,Automatic,First,15.74 ,1591,121.3,5.00,7500.00
2015.00,24617.00,Petrol,Manual,First,22.74 ,796,47.3,5.00,2360.00
2017.00,26927.00,Diesel,Manual,First,24.3 ,1248,88.5,5.00,11390.00
2013.00,87736.00,Diesel,Manual,First,15.1 ,2179,140,7.00,7020.00
2016.00,35299.00,Diesel,Manual,First,24.3 ,1248,88.5,5.00,8000.00
2017.00,51612.00,Petrol,Manual,First,18.6 ,1197,81.83,5.00,7110.00
1998.00,55300.00,Diesel,Automatic,First,10.0 ,1796,157.7,5.00,3900.00
2009.00,65090.00,Petrol,Manual,First,19.7 ,796,46.3,5.00,2150.00
2013.00,40000.00,Petrol,Manual,First,18.0 ,1198,86.7,5.00,3250.00
2015.00,38467.00,Diesel,Automatic,First,12.65 ,2993,255,5.00,70660.00
2013.00,71904.00,Diesel,Manual,First,24.0 ,1120,70,5.00,4610.00
2008.00,87000.00,Petrol,Manual,First,13.5 ,1799,130,5.00,2350.00
2014.00,33000.00,Diesel,Manual,Second,24.0 ,1120,70,5.00,4050.00
2009.00,22100.00,Petrol,Manual,Second,16.1 ,796,37,4.00,800.00
2014.00,59589.00,Diesel,Manual,First,23.59 ,1364,67.1,5.00,5600.00
2015.00,44000.00,Diesel,Manual,First,22.54 ,1396,88.73,5.00,5350.00
2017.00,12000.00,Petrol,Manual,First,24.07 ,998,67.1,5.00,3250.00
2012.00,66000.00,Diesel,Automatic,Second,17.05 ,1995,184,5.00,11500.00
2016.00,38009.00,Petrol,Automatic,First,23.1 ,998,67.04,5.00,4250.00
2009.00,35000.00,Petrol,Automatic,Second,13.7 ,1798,157.75,5.00,4450.00
2009.00,70000.00,Diesel,Manual,First,14.0 ,2498,112,7.00,2850.00
2014.00,86000.00,Diesel,Manual,First,15.1 ,2179,140,7.00,7850.00
2016.00,32000.00,Petrol,Manual,First,19.1 ,1197,85.8,5.00,5300.00
2017.00,15000.00,Petrol,Manual,First,18.88 ,999,123.24,5.00,8000.00
2014.00,69918.00,Diesel,Manual,First,21.43 ,1364,87.2,5.00,9430.00
2012.00,39000.00,Petrol,Manual,First,18.5 ,1197,80,5.00,2750.00
2018.00,1011.00,Diesel,Manual,First,20.37 ,1461,108.45,5.00,13500.00
2009.00,85000.00,Diesel,Automatic,First,11.0 ,2987,198.5,5.00,9990.00
2017.00,46663.00,Petrol,Manual,First,21.1 ,998,100,5.00,6950.00
2015.00,27000.00,Petrol,Automatic,First,17.97 ,1498,99.6,5.00,6750.00
2015.00,15000.00,Petrol,Automatic,First,18.9 ,1197,82,5.00,5500.00
2018.00,10575.00,Petrol,Manual,First,21.56 ,1462,103.25,5.00,9180.00
2014.00,12500.00,Petrol,Manual,First,19.1 ,1197,82,5.00,4150.00
2012.00,52000.00,Diesel,Manual,First,22.32 ,1582,126.32,5.00,6500.00
2015.00,49818.00,Petrol,Manual,First,21.5 ,1197,81.80,5.00,4110.00
2008.00,90000.00,Diesel,Manual,Second,16.8 ,1493,110,5.00,2250.00
2015.00,52207.00,Petrol,Manual,First,17.71 ,1197,78.9,5.00,4560.00
2013.00,167362.00,Diesel,Manual,First,11.68 ,2498,112,7.00,4000.00
2015.00,49894.00,Diesel,Manual,First,23.59 ,1364,67.06,5.00,5270.00
2019.00,13024.00,Diesel,Manual,First,18.06 ,2523,63,7.00,9110.00
2010.00,128000.00,Diesel,Manual,Second,14.42 ,1995,147.6,5.00,6200.00
2017.00,26023.00,Diesel,Automatic,First,11.36 ,2755,171.5,7.00,19970.00
2016.00,42784.00,Diesel,Manual,First,21.38 ,1396,88.7,5.00,10170.00
2014.00,115000.00,Diesel,Manual,First,28.4 ,1248,74,5.00,4500.00
2019.00,30529.00,Diesel,Manual,First,23.9 ,1582,126.2,5.00,14280.00
2012.00,14814.00,Petrol,Manual,Second,19.7 ,796,46.3,5.00,2470.00
2016.00,58000.00,Diesel,Manual,First,23.65 ,1248,88.5,5.00,7900.00
2011.00,68128.00,Petrol,Manual,First,21.1 ,814,55.2,5.00,2300.00
2013.00,63220.00,Petrol,Manual,First,13.24 ,1598,102.5,5.00,6500.00
2016.00,30000.00,Petrol,Manual,First,21.1 ,814,55.2,5.00,3250.00
2017.00,27768.00,Diesel,Manual,First,20.65 ,1248,88.7,5.00,5850.00
2014.00,53000.00,Diesel,Automatic,Second,14.21 ,2143,203,5.00,29000.00
2014.00,87652.00,Diesel,Automatic,Second,14.16 ,1968,174.3,5.00,25710.00
2008.00,94873.00,Petrol,Manual,Second,15.3 ,1596,101,5.00,1850.00
2015.00,56000.00,Diesel,Automatic,First,18.88 ,1995,184,5.00,22750.00
2018.00,18678.00,Petrol,Manual,First,21.1 ,998,100,5.00,8320.00
2014.00,30000.00,Diesel,Automatic,First,14.21 ,2143,203,5.00,26000.00
2012.00,129000.00,Diesel,Automatic,First,12.8 ,2953,null,,7000.00
2013.00,59000.00,Petrol,Manual,First,20.36 ,1197,78.9,5.00,3450.00
2017.00,13000.00,Petrol,Manual,First,18.9 ,1197,82,5.00,5150.00
2014.00,74325.00,Petrol,Manual,First,19.4 ,1198,86.8,5.00,3510.00
2015.00,45000.00,Diesel,Manual,First,21.9 ,1396,88.76,5.00,3450.00
2013.00,57000.00,Petrol,Manual,First,16.47 ,1198,73.9,5.00,3750.00
2001.00,125943.00,Petrol,Manual,Second,13.0 ,1493,100,5.00,1450.00
2008.00,80000.00,Diesel,Manual,First,18.7 ,1896,66,5.00,2200.00
2010.00,154000.00,Diesel,Manual,First,13.1 ,2499,141,7.00,7990.00
2013.00,62000.00,Diesel,Manual,Second,18.3 ,1991,147.9,5.00,6750.00
2013.00,27000.00,Petrol,Automatic,First,14.0 ,,,,11990.00
2014.00,45000.00,Diesel,Manual,First,24.2 ,1498,98.6,7.00,5000.00
2012.00,105000.00,Diesel,Manual,Second,20.77 ,1248,88.76,7.00,5900.00
2013.00,26000.00,Petrol,Manual,First,18.9 ,1197,82,5.00,3750.00
2014.00,30900.00,Diesel,Automatic,First,14.74 ,2993,270.9,5.00,29500.00
2014.00,48000.00,Petrol,Manual,First,18.0 ,1198,86.7,5.00,4750.00
2011.00,112719.00,Diesel,Automatic,First,12.4 ,2698,179.5,5.00,11500.00
2017.00,5000.00,Petrol,Manual,First,18.6 ,1197,81.83,5.00,6950.00
2016.00,16000.00,Petrol,Manual,First,17.0 ,1198,73.75,5.00,5400.00
2011.00,63000.00,Petrol,Automatic,First,13.4 ,1997,135.1,5.00,4750.00
2011.00,28300.00,Petrol,Manual,First,24.07 ,998,67.1,5.00,2150.00
2005.00,49000.00,Petrol,Manual,First,19.7 ,796,46.3,5.00,900.00
2016.00,12501.00,Petrol,Manual,First,20.51 ,998,67.04,5.00,3500.00
2016.00,56628.00,Diesel,Manual,First,20.4 ,1248,92,5.00,5850.00
2010.00,105000.00,Diesel,Manual,First,19.3 ,1248,73.9,5.00,3150.00
2016.00,52126.00,Diesel,Manual,First,21.64 ,1461,84.8,5.00,6000.00
2010.00,38000.00,Petrol,Manual,First,18.5 ,1197,80,5.00,2230.00
2016.00,50000.00,Petrol,Manual,First,19.1 ,1197,82,5.00,2500.00
2015.00,50230.00,Petrol,Manual,First,18.9 ,998,67.1,5.00,3870.00
2014.00,31000.00,Diesel,Manual,First,15.1 ,2179,140,7.00,9500.00
2014.00,79000.00,Diesel,Automatic,First,12.55 ,2982,168.5,7.00,17750.00
2012.00,130000.00,Diesel,Manual,First,19.64 ,1461,108.45,5.00,3750.00
2010.00,115000.00,Petrol,Manual,Second,17.92 ,1086,62.1,5.00,1500.00
2013.00,41500.00,Petrol,Manual,Second,17.01 ,1591,121.3,5.00,5000.00
2014.00,54385.00,Diesel,Automatic,Second,15.06 ,1995,177,5.00,17000.00
2011.00,56361.00,Petrol,Automatic,First,12.9 ,1799,130,5.00,4380.00
2018.00,22000.00,Petrol,Automatic,First,15.26 ,1798,187.74,5.00,41500.00
2017.00,8000.00,Petrol,Manual,First,20.51 ,998,67.04,5.00,3000.00
2018.00,28741.00,Diesel,Manual,First,24.3 ,1248,88.5,5.00,11000.00
2012.00,117236.00,Diesel,Automatic,Second,11.8 ,2720,190,7.00,14000.00
2016.00,30500.00,Diesel,Automatic,First,26.59 ,1248,74,5.00,7650.00
2018.00,5000.00,Petrol,Manual,First,17.0 ,1591,121.3,5.00,8700.00
2016.00,42000.00,Diesel,Manual,First,25.47 ,1248,88.50,7.00,9900.00
2010.00,32773.00,Petrol,Manual,First,13.2 ,1495,94,5.00,2050.00
2016.00,19008.00,Petrol,Manual,First,17.0 ,1197,80,5.00,5250.00
2012.00,32542.00,Petrol,Manual,First,17.0 ,1591,121.3,5.00,5770.00
2010.00,94753.00,Petrol,Manual,First,19.7 ,796,46.3,5.00,1950.00
2011.00,70000.00,Diesel,Manual,Second,12.05 ,2179,120,8.00,7450.00
2012.00,68347.00,Petrol,Manual,First,18.9 ,998,67.1,5.00,2600.00
2011.00,72000.00,Petrol,Manual,Second,17.0 ,1197,80,5.00,3250.00
2010.00,75014.00,Diesel,Manual,First,21.1 ,1248,73.9,5.00,3850.00
2013.00,65000.00,Diesel,Automatic,Second,13.73 ,1995,148,5.00,7500.00
2012.00,55598.00,Diesel,Automatic,First,22.69 ,1995,190,5.00,11500.00
2013.00,50000.00,Petrol,Manual,First,19.4 ,1198,86.8,5.00,3250.00
2003.00,44200.00,Petrol,Manual,Second,11.7 ,1997,134,5.00,1500.00
2014.00,65000.00,Diesel,Manual,First,19.3 ,1248,73.9,5.00,5310.00
2013.00,49000.00,Diesel,Manual,First,16.0 ,2179,140,7.00,9000.00
2016.00,7200.00,Petrol,Manual,First,19.81 ,1086,68.05,5.00,3590.00
2016.00,43152.00,Petrol,Manual,First,20.73 ,1373,91.1,5.00,7350.00
2013.00,112000.00,Diesel,Manual,First,12.8 ,2494,102,8.00,12000.00
2017.00,23540.00,Petrol,Manual,First,18.9 ,1197,82,5.00,6020.00
2008.00,82160.00,Diesel,Manual,First,16.52 ,1991,123.7,5.00,2570.00
2013.00,57000.00,Diesel,Manual,First,12.83 ,2696,162,7.00,12450.00
2015.00,39335.00,Diesel,Manual,First,15.1 ,2179,140,7.00,12630.00
2014.00,62000.00,Petrol,Manual,Second,17.4 ,1497,117.3,5.00,7750.00
2014.00,60000.00,Diesel,Manual,First,22.7 ,1498,89.84,5.00,5500.00
2015.00,35000.00,Petrol,Manual,First,18.6 ,1197,81.83,5.00,4430.00
2016.00,32345.00,Diesel,Automatic,First,17.9 ,2143,136,5.00,24510.00
2014.00,47000.00,Petrol,Manual,First,22.0 ,814,55,5.00,2650.00
2012.00,65537.00,CNG,Manual,Second,33.44,796,40.3,4.00,2100.00
2011.00,36000.00,Petrol,Manual,First,17.6 ,1496,88.7,5.00,3200.00
2016.00,75000.00,Diesel,Manual,First,23.4 ,1248,74,5.00,4250.00
2008.00,38000.00,Petrol,Manual,First,19.7 ,796,46.3,5.00,1100.00
2015.00,57818.00,Petrol,Manual,First,23.1 ,998,67.04,5.00,4300.00
2015.00,45000.00,Diesel,Manual,First,22.7 ,1498,89.84,5.00,8900.00
2015.00,75055.00,Diesel,Manual,First,19.01 ,1461,108.5,5.00,6500.00
2009.00,65462.00,Petrol,Automatic,Third,11.1 ,2354,142,5.00,3500.00
2008.00,76206.00,Diesel,Manual,First,17.8 ,1248,75,5.00,4250.00
2018.00,25948.00,Diesel,Automatic,First,16.0 ,2179,140,7.00,16460.00
2016.00,28500.00,Petrol,Manual,First,18.7 ,1199,88.7,5.00,5950.00
2015.00,28004.00,Petrol,Manual,First,17.8 ,1497,117.3,5.00,7100.00
2011.00,25000.00,Petrol,Manual,Second,15.7 ,1172,67,5.00,1250.00
2010.00,40000.00,Petrol,Manual,Second,19.5 ,1061,null,,2500.00
2013.00,82543.00,Petrol,Manual,First,16.02 ,1373,93.7,7.00,5500.00
2013.00,30000.00,Petrol,Manual,First,18.44 ,1198,75,5.00,3250.00
2010.00,27800.00,Petrol,Manual,First,17.0 ,1497,118,5.00,5000.00
2016.00,33415.00,Petrol,Manual,First,16.78 ,1496,88.73,5.00,6580.00
2013.00,38000.00,Diesel,Automatic,First,18.88 ,1995,184,5.00,19500.00
2017.00,41981.00,Petrol,Manual,First,18.7 ,1199,88.7,5.00,6140.00
2013.00,77084.00,Diesel,Manual,First,28.4 ,1248,73.75,5.00,4950.00
2013.00,71803.00,Diesel,Manual,First,20.5 ,1598,103.5,5.00,5750.00
2013.00,73314.00,Diesel,Manual,First,15.1 ,2179,140,7.00,6600.00
2015.00,69053.00,Petrol,Automatic,First,18.9 ,1197,82,5.00,5720.00
2009.00,79782.00,Petrol,Manual,Second,17.0 ,1497,118,5.00,2600.00
2010.00,250000.00,Diesel,Manual,Second,12.8 ,2494,102,7.00,6500.00
2011.00,90000.00,Diesel,Manual,Second,15.1 ,2179,140,7.00,6100.00
2010.00,130000.00,Diesel,Manual,First,19.3 ,1248,73.9,5.00,3850.00
2013.00,65000.00,Petrol,Manual,Second,15.04 ,1598,103.6,5.00,4500.00
2013.00,46496.00,Diesel,Manual,First,23.59 ,1364,null,5.00,5300.00
2013.00,76000.00,Diesel,Automatic,Second,16.55 ,1968,147.51,5.00,18250.00
2012.00,28002.00,Petrol,Manual,First,16.02 ,1373,93.7,7.00,5750.00
2010.00,63000.00,CNG,Manual,Second,14.53,1798,138,5.00,3350.00
2010.00,70000.00,Petrol,Manual,Second,16.1 ,796,37,4.00,900.00
2011.00,66276.00,Petrol,Manual,First,17.0 ,1497,118,5.00,5500.00
2014.00,45000.00,Petrol,Manual,First,19.1 ,1197,85.8,5.00,3990.00
2014.00,67000.00,Petrol,Automatic,First,19.16 ,2494,158.2,5.00,18750.00
2014.00,43068.00,Diesel,Manual,First,24.0 ,1120,70,5.00,3500.00
2016.00,40000.00,Diesel,Automatic,First,11.36 ,2755,171.5,8.00,16450.00
2011.00,50436.00,Petrol,Manual,First,20.36 ,1197,78.9,5.00,3650.00
2014.00,21000.00,Petrol,Automatic,First,18.9 ,1197,82,5.00,5400.00
2018.00,2000.00,Diesel,Manual,First,27.39 ,1248,74,5.00,8700.00
2016.00,14500.00,Petrol,Automatic,First,14.67 ,1798,177.46,5.00,20750.00
2010.00,68782.00,Diesel,Automatic,First,14.84 ,2143,170,5.00,12500.00
2011.00,35888.00,Diesel,Manual,First,21.1 ,1248,73.9,5.00,1890.00
2015.00,168205.00,Diesel,Manual,First,23.4 ,1248,74,5.00,4000.00
2012.00,47000.00,Petrol,Manual,First,14.8 ,1799,130.2,5.00,3950.00
2015.00,93700.00,Diesel,Manual,First,24.52 ,1248,88.5,7.00,7850.00
2014.00,45000.00,Diesel,Manual,First,22.7 ,1582,126.24,5.00,7000.00
2016.00,55547.00,Diesel,Automatic,First,12.55 ,2982,168.5,7.00,24990.00
2013.00,69000.00,Petrol,Automatic,First,17.21 ,1197,103.6,5.00,4500.00
2005.00,88000.00,Diesel,Manual,Third,18.7 ,1896,66,5.00,1250.00
2014.00,32400.00,Diesel,Manual,First,20.14 ,1498,88.8,5.00,3950.00
2012.00,79000.00,Petrol,Manual,Second,17.92 ,1086,62.1,5.00,1600.00
2004.00,110000.00,Petrol,Manual,First,13.2 ,1495,94,5.00,600.00
2014.00,45407.00,Petrol,Manual,Second,21.1 ,814,55.2,5.00,3390.00
2011.00,136490.00,Diesel,Manual,First,12.8 ,2494,102,7.00,9800.00
2017.00,19000.00,Diesel,Manual,First,26.8 ,1248,74,5.00,5910.00
2017.00,19416.00,Petrol,Manual,First,21.56 ,1462,103.25,5.00,8250.00
2012.00,15500.00,Petrol,Manual,First,17.5 ,1298,85.8,5.00,3750.00
2017.00,12538.00,Petrol,Automatic,First,18.0 ,1497,117.3,5.00,12500.00
2015.00,62588.00,Diesel,Manual,First,17.8 ,1248,null,5.00,5950.00
2015.00,44328.00,Petrol,Manual,First,19.4 ,1198,86.8,5.00,3800.00
2014.00,63000.00,Diesel,Manual,First,23.59 ,1364,67.04,5.00,4350.00
2015.00,100000.00,Diesel,Automatic,First,13.5 ,2400,215,5.00,32500.00
2015.00,103000.00,Petrol,Manual,First,15.64 ,1193,64.08,5.00,3000.00
2016.00,50296.00,Diesel,Automatic,Second,11.36 ,2755,171.5,7.00,19000.00
2013.00,95500.00,Diesel,Manual,First,20.54 ,1598,103.6,5.00,5000.00
2014.00,72100.00,Diesel,Manual,First,22.7 ,1498,89.84,5.00,5450.00
2010.00,19119.00,Petrol,Manual,First,18.9 ,998,67.1,5.00,2700.00
2006.00,30000.00,Petrol,Manual,First,13.0 ,2987,210,5.00,10750.00
2015.00,75600.00,Diesel,Manual,First,20.14 ,1498,88.8,5.00,5800.00
2007.00,137000.00,Petrol,Manual,Second,15.3 ,1193,65.3,5.00,950.00
2002.00,53500.00,Petrol,Manual,Second,16.1 ,796,37,4.00,630.00
2018.00,26101.00,Diesel,Manual,First,17.1 ,1956,170,5.00,17550.00
2016.00,7000.00,Petrol,Manual,First,24.07 ,998,67.1,5.00,3000.00
2013.00,50000.00,Diesel,Automatic,First,19.3 ,1968,141,5.00,15000.00
2016.00,30000.00,Diesel,Manual,First,26.59 ,1248,74,5.00,6000.00
2016.00,38151.00,Diesel,Manual,First,28.09 ,1248,88.5,5.00,7650.00
2009.00,116000.00,Diesel,Manual,Second,15.8 ,2148,170,5.00,8500.00
2013.00,22000.00,Diesel,Manual,First,20.0 ,1399,68,5.00,2250.00
2010.00,60000.00,Petrol,Automatic,Second,14.53 ,1798,138.1,5.00,4650.00
2016.00,38000.00,Diesel,Manual,First,22.7 ,1598,118,5.00,7850.00
2011.00,51928.00,Petrol,Manual,First,15.6 ,1196,70,5.00,3460.00
2018.00,3000.00,Petrol,Automatic,First,19.0 ,1199,88.7,5.00,8250.00
2006.00,67196.00,Petrol,Manual,First,17.3 ,993,60,5.00,1250.00
2012.00,100000.00,Diesel,Manual,Third,11.5 ,2982,171,7.00,16000.00
2015.00,65218.00,Diesel,Manual,First,26.21 ,1248,88.5,5.00,7400.00
2016.00,53886.00,Petrol,Manual,First,25.17 ,799,53.3,5.00,3070.00
2011.00,50058.00,Petrol,Automatic,First,19.2 ,1197,80,5.00,3840.00
2016.00,64000.00,Petrol,Automatic,First,23.1 ,998,67.04,5.00,4200.00
2018.00,41641.00,Diesel,Manual,First,21.38 ,1396,88.7,5.00,10820.00
2016.00,44345.00,Diesel,Manual,First,27.3 ,1498,98.6,5.00,6100.00
2011.00,45501.00,Petrol,Manual,First,17.0 ,1497,118,5.00,3100.00
2001.00,104000.00,Petrol,Manual,Third,13.7 ,1468,85.8,5.00,1000.00
2012.00,50297.00,Petrol,Manual,First,16.95 ,1498,97.6,5.00,4690.00
2011.00,87000.00,Petrol,Automatic,First,11.7 ,2354,177.6,5.00,5400.00
2016.00,120000.00,Diesel,Manual,First,15.1 ,2179,140,7.00,12000.00
2018.00,17000.00,Petrol,Manual,First,18.6 ,1197,81.83,5.00,6500.00
2014.00,100000.00,Diesel,Manual,First,23.08 ,1461,63.1,5.00,3000.00
2015.00,50979.00,Petrol,Automatic,First,19.12 ,1373,91.1,5.00,6900.00
2011.00,41000.00,Diesel,Manual,First,20.54 ,1598,103.6,5.00,4000.00
2011.00,24000.00,Petrol,Manual,First,17.0 ,1197,80,5.00,4250.00
2008.00,44738.00,Petrol,Manual,First,14.53 ,1798,138.1,5.00,5100.00
2014.00,37298.00,Diesel,Manual,First,25.1 ,1498,98.6,5.00,4900.00
2014.00,42000.00,Petrol,Manual,Second,20.4 ,1197,81.80,5.00,3600.00
2016.00,45000.00,Diesel,Automatic,First,14.21 ,2143,203,5.00,34000.00
2015.00,102000.00,Diesel,Manual,First,12.99 ,2494,100.6,7.00,8250.00
2011.00,70000.00,Petrol,Manual,First,16.1 ,1298,88.2,5.00,1300.00
2018.00,27467.00,Diesel,Automatic,First,19.27 ,2143,167.62,5.00,39050.00
2015.00,15305.00,Petrol,Manual,First,18.9 ,1197,82,5.00,3750.00
2010.00,70000.00,Petrol,Manual,First,18.9 ,998,67.1,5.00,2100.00
2016.00,36778.00,Diesel,Manual,First,22.77 ,1498,98.59,5.00,8800.00
2015.00,25845.00,Petrol,Manual,First,16.47 ,1198,74,5.00,5840.00
2018.00,33858.00,Petrol,Automatic,First,17.01 ,1591,121.3,5.00,9030.00
2017.00,12000.00,Petrol,Automatic,Second,24.04 ,999,67,5.00,3250.00
2013.00,33709.00,Petrol,Automatic,First,16.5 ,1198,86.8,5.00,4900.00
2018.00,32709.00,Petrol,Manual,First,18.16 ,1196,86.8,5.00,6460.00
2014.00,72000.00,Diesel,Manual,Second,11.5 ,2982,171,7.00,18500.00
2013.00,31000.00,Diesel,Manual,First,25.0 ,1396,69.01,5.00,2700.00
2016.00,70000.00,Diesel,Manual,First,25.83 ,1498,99,5.00,4600.00
2014.00,61000.00,Diesel,Manual,First,23.4 ,1248,74,5.00,5350.00
2011.00,72000.00,Diesel,Manual,First,23.08 ,1461,63.1,5.00,2300.00
2016.00,49000.00,Diesel,Automatic,First,19.3 ,1968,141,5.00,15450.00
2014.00,42939.00,Diesel,Automatic,First,16.96 ,1968,138.03,5.00,12490.00
2016.00,32545.00,Diesel,Automatic,First,12.07 ,2967,241.4,7.00,48760.00
2011.00,54000.00,Petrol,Manual,First,17.0 ,1197,80,5.00,3200.00
2012.00,76000.00,Diesel,Automatic,First,16.07 ,1995,181,4.00,8750.00
2015.00,27000.00,Diesel,Manual,First,21.19 ,1396,88.73,5.00,5990.00
2005.00,120000.00,Diesel,Manual,Second,12.7 ,2609,116.6,8.00,2900.00
2012.00,125000.00,Petrol,Automatic,First,10.5 ,3197,null,0.00,18000.00
2011.00,37000.00,Diesel,Manual,First,20.0 ,1399,68.05,5.00,1800.00
2012.00,42000.00,Petrol,Manual,First,9.8 ,2354,180,5.00,6250.00
2013.00,60000.00,Diesel,Manual,First,21.9 ,1396,88.76,5.00,5450.00
2018.00,3000.00,Diesel,Automatic,First,16.36 ,2179,187.7,5.00,52500.00
2013.00,44000.00,Petrol,Automatic,First,17.1 ,1591,121.4,5.00,5600.00
2014.00,37000.00,Petrol,Manual,First,17.4 ,1497,117.3,5.00,6450.00
2012.00,50000.00,Petrol,Manual,First,18.5 ,1197,82.85,5.00,3700.00
2013.00,58581.00,Petrol,Manual,First,19.4 ,1198,86.8,5.00,3490.00
2013.00,25500.00,Diesel,Manual,First,21.9 ,1396,88.76,5.00,3550.00
2017.00,25000.00,Petrol,Manual,First,10.4 ,2393,163.5,5.00,9000.00
2011.00,53766.00,Petrol,Manual,First,19.0 ,998,66.1,5.00,2700.00
2011.00,45271.00,Diesel,Manual,First,20.3 ,,,,2600.00
2006.00,68000.00,Petrol,Manual,First,19.7 ,796,46.3,5.00,1500.00
2017.00,40000.00,Diesel,Manual,First,16.0 ,2179,140,7.00,15900.00
2013.00,73212.00,Diesel,Manual,First,22.9 ,1248,74,5.00,5200.00
2014.00,69000.00,Diesel,Automatic,First,17.05 ,1995,184,5.00,16250.00
2007.00,61932.00,Diesel,Automatic,Second,14.3 ,1968,140,5.00,3310.00
2012.00,52000.00,Diesel,Automatic,First,16.09 ,1995,184,5.00,24000.00
2011.00,150000.00,Petrol,Manual,First,18.5 ,1197,85.80,5.00,2500.00
2013.00,70933.00,Diesel,Manual,Second,21.9 ,1396,88.76,5.00,3900.00
2013.00,115195.00,Diesel,Manual,First,25.2 ,1248,74,5.00,3850.00
2011.00,62148.00,Petrol,Manual,First,11.7 ,1796,178,5.00,8800.00
2009.00,32000.00,Petrol,Manual,Second,14.28 ,1798,138.03,5.00,4950.00
2014.00,58000.00,Diesel,Manual,First,22.32 ,1582,126.32,5.00,5750.00
2014.00,68598.00,Diesel,Manual,First,19.01 ,1461,108.45,5.00,6170.00
2010.00,84072.00,Diesel,Manual,First,17.8 ,1248,75,5.00,3450.00
2016.00,51264.00,Petrol,Manual,First,24.07 ,998,67.1,5.00,3200.00
2017.00,21363.00,Petrol,Automatic,First,13.0 ,1591,121.3,5.00,13490.00
2016.00,40000.00,Petrol,Automatic,First,15.04 ,1991,183,5.00,24500.00
2015.00,35000.00,Petrol,Automatic,First,10.1 ,2354,152,5.00,14700.00
2014.00,55000.00,Diesel,Manual,First,22.7 ,1498,89.84,5.00,6000.00
2016.00,43252.00,Diesel,Automatic,First,13.0 ,2143,204,5.00,34180.00
2014.00,42000.00,Diesel,Manual,First,24.0 ,1120,70,5.00,3500.00
2006.00,69000.00,Petrol,Manual,First,16.6 ,1388,68,5.00,2150.00
2018.00,14000.00,Diesel,Automatic,First,17.6 ,1582,126.2,5.00,11250.00
2010.00,70000.00,Petrol,Manual,First,19.0 ,998,66.1,5.00,2000.00
2015.00,35314.00,Diesel,Manual,First,23.2 ,1248,73.94,5.00,4270.00
2017.00,38691.00,Petrol,Manual,First,17.8 ,1497,117.3,5.00,7680.00
2017.00,72717.00,Diesel,Manual,First,12.99 ,2494,100.6,7.00,14520.00
2011.00,82000.00,Petrol,Automatic,Second,11.8 ,3498,272,7.00,16850.00
2015.00,44000.00,Diesel,Manual,First,21.14 ,1498,103.52,5.00,5750.00
2017.00,27000.00,Petrol,Manual,First,15.8 ,1499,110,5.00,8300.00
2014.00,18500.00,Petrol,Automatic,First,23.1 ,998,67.04,5.00,3950.00
2014.00,45000.00,Petrol,Manual,First,15.04 ,1598,103.6,5.00,4800.00
2011.00,173000.00,Diesel,Automatic,First,13.5 ,2400,215,5.00,12000.00
2017.00,42000.00,Diesel,Manual,First,23.59 ,1364,67.04,5.00,6250.00
2012.00,90000.00,Diesel,Manual,First,19.4 ,1405,70,5.00,2500.00
2014.00,82329.00,Petrol,Automatic,First,18.0 ,1497,117.3,5.00,7500.00
2010.00,80302.00,Petrol,Manual,First,17.0 ,1497,118,5.00,3500.00
2005.00,105000.00,Diesel,Manual,First,18.7 ,1896,66,5.00,1990.00
2009.00,60000.00,Petrol,Manual,First,14.53 ,1798,138,5.00,2250.00
2014.00,70000.00,Petrol,Manual,First,16.78 ,1496,88.73,5.00,3250.00
2016.00,45000.00,Diesel,Automatic,First,17.05 ,1995,184,5.00,28500.00
2006.00,44000.00,Petrol,Automatic,First,16.4 ,1497,78,5.00,1500.00
2017.00,25500.00,Diesel,Manual,First,22.54 ,1396,88.73,5.00,7000.00
2014.00,68000.00,Diesel,Automatic,First,13.0 ,2987,261.5,5.00,27500.00
2015.00,61786.00,Diesel,Manual,First,19.67 ,1582,126.2,5.00,10500.00
2014.00,65000.00,Diesel,Automatic,Second,15.73 ,1968,174.33,5.00,21500.00
2016.00,77000.00,Diesel,Automatic,First,12.63 ,2179,147.5,5.00,35000.00
2015.00,34000.00,Diesel,Automatic,First,21.66 ,1498,103.52,5.00,7990.00
2015.00,59751.00,Petrol,Automatic,First,23.1 ,998,67.04,5.00,4880.00
2013.00,23312.00,Petrol,Automatic,First,11.05 ,2894,444,4.00,40500.00
2015.00,30000.00,Petrol,Manual,First,20.73 ,1373,91.1,5.00,6550.00
2015.00,60146.00,Diesel,Automatic,First,14.16 ,1968,174.3,5.00,29640.00
2013.00,44731.00,Diesel,Manual,Second,20.0 ,1399,68,5.00,4340.00
2014.00,43316.00,Petrol,Manual,First,18.88 ,999,123.37,5.00,6220.00
2009.00,92000.00,Petrol,Manual,Second,17.0 ,1497,118,5.00,2250.00
2015.00,50000.00,Diesel,Automatic,First,16.36 ,2179,187.7,5.00,38000.00
2008.00,69000.00,Petrol,Manual,Second,20.4 ,1197,81.80,5.00,2150.00
2014.00,60280.00,Diesel,Automatic,First,22.48 ,1995,190,5.00,22450.00
2017.00,48161.00,Diesel,Automatic,First,15.0 ,2143,107.3,5.00,20870.00
2013.00,41000.00,Petrol,Manual,First,19.4 ,1198,86.8,5.00,3100.00
2016.00,6000.00,Petrol,Manual,First,18.6 ,1197,81.83,5.00,5950.00
2006.00,133000.00,Diesel,Manual,Second,16.8 ,1405,68,5.00,860.00
2010.00,76000.00,Diesel,Manual,First,11.5 ,2982,171,7.00,9250.00
2011.00,15590.00,Petrol,Manual,First,19.81 ,1086,68.05,5.00,2250.00
2016.00,69681.00,Petrol,Manual,First,17.0 ,1197,80,5.00,6130.00
2006.00,70362.00,Petrol,Manual,Second,15.4 ,1590,null,5.00,1810.00
2014.00,49112.00,Petrol,Automatic,Second,15.5 ,1198,86.7,5.00,3790.00
2017.00,25000.00,Diesel,Automatic,First,13.33 ,2993,255,5.00,160000.00
2011.00,74000.00,Diesel,Manual,First,23.59 ,1364,null,5.00,3600.00
2013.00,15200.00,Petrol,Automatic,Second,16.95 ,1197,78.9,5.00,3850.00
2013.00,86300.00,Diesel,Manual,First,22.07 ,1199,73.9,5.00,4500.00
2018.00,26731.00,Petrol,Manual,First,21.1 ,998,100,5.00,8610.00
2016.00,74000.00,Diesel,Manual,First,21.9 ,1396,88.76,5.00,6500.00
2005.00,83929.00,Petrol,Automatic,First,11.3 ,1794,125,5.00,2600.00
2015.00,65000.00,Diesel,Manual,First,12.99 ,2494,100.6,7.00,15000.00
2017.00,20000.00,Petrol,Automatic,First,23.1 ,998,67.04,5.00,4700.00
2015.00,122086.00,Diesel,Automatic,First,19.3 ,1968,141,5.00,12990.00
2018.00,35442.00,Petrol,Manual,First,17.3 ,1497,117.3,7.00,7320.00
2015.00,62542.00,Diesel,Manual,Second,23.9 ,1582,126.2,5.00,6500.00
2012.00,26671.00,Petrol,Manual,Second,17.0 ,1497,118,5.00,5670.00
2014.00,83500.00,Diesel,Manual,Second,19.68 ,1399,67,5.00,3000.00
2015.00,46166.00,Diesel,Manual,Second,26.21 ,1248,88.5,5.00,5500.00
2015.00,25200.00,Petrol,Manual,First,18.9 ,998,67.1,5.00,3350.00
2015.00,35463.00,Diesel,Automatic,First,14.94 ,2967,241.4,5.00,25020.00
2017.00,23249.00,Petrol,Automatic,First,19.16 ,2487,175.67,5.00,26110.00
2016.00,40310.00,Petrol,Manual,First,18.6 ,1197,81.83,5.00,7090.00
2012.00,82069.00,CNG,Manual,First,21.4,1586,103.3,5.00,2650.00
2018.00,10000.00,Petrol,Manual,First,18.9 ,1197,81.86,5.00,6500.00
2012.00,94000.00,Diesel,Manual,First,22.07 ,1199,73.9,5.00,4500.00
2016.00,45000.00,Diesel,Automatic,First,15.97 ,2993,258,5.00,57000.00
2012.00,52818.00,Petrol,Manual,First,16.47 ,1198,73.9,5.00,3820.00
2013.00,61238.00,Diesel,Manual,First,20.45 ,1461,83.8,5.00,5250.00
2016.00,54253.00,Petrol,Automatic,First,14.67 ,1798,177.46,5.00,16810.00
2013.00,71000.00,Diesel,Automatic,First,14.16 ,1968,174.3,5.00,21500.00
2017.00,20000.00,Diesel,Manual,First,27.39 ,1248,74,5.00,8500.00
2013.00,75000.00,Petrol,Manual,First,16.47 ,1198,73.9,5.00,3250.00
2019.00,11827.00,Diesel,Automatic,First,13.5 ,2477,175.56,6.00,27110.00
2015.00,51579.00,Petrol,Manual,First,20.73 ,1373,91.1,5.00,5950.00
2015.00,65178.00,Diesel,Manual,First,19.87 ,1461,83.8,5.00,6790.00
2016.00,25350.00,Petrol,Manual,First,21.1 ,814,55.2,5.00,2550.00
2008.00,92000.00,Petrol,Manual,Second,10.8 ,2354,152,5.00,3700.00
2014.00,45000.00,Petrol,Manual,Second,17.01 ,1591,121.3,5.00,6750.00
2015.00,46000.00,Petrol,Manual,First,14.28 ,1798,138.03,5.00,6950.00
2011.00,79940.00,Petrol,Manual,First,15.5 ,1586,103.3,5.00,2780.00
2016.00,28851.00,Petrol,Manual,First,16.47 ,1198,73.9,5.00,6180.00
2015.00,63000.00,Diesel,Automatic,First,14.16 ,1968,174.3,5.00,36000.00
2012.00,77283.00,Petrol,Manual,First,17.0 ,1497,118,5.00,5810.00
2014.00,38958.00,Petrol,Manual,First,22.5 ,998,67.04,5.00,3410.00
2018.00,8900.00,Diesel,Automatic,First,13.5 ,2477,175.56,6.00,26500.00
2015.00,38000.00,Petrol,Automatic,First,14.7 ,1798,177.5,5.00,16000.00
2017.00,44887.00,Diesel,Manual,First,19.67 ,1582,126.2,5.00,12130.00
2009.00,85000.00,Petrol,Manual,Second,19.7 ,796,46.3,5.00,1800.00
2013.00,100000.00,Petrol,Manual,First,16.8 ,1497,116.3,5.00,6250.00
2016.00,26239.00,Petrol,Manual,First,22.7 ,799,53,5.00,2750.00
2011.00,97000.00,Diesel,Manual,First,17.67 ,1968,138.08,5.00,6000.00
2013.00,28000.00,Petrol,Automatic,First,14.8 ,1595,120.7,5.00,11560.00
2014.00,20364.00,Petrol,Automatic,Second,17.21 ,1197,103.6,5.00,5200.00
2014.00,64637.00,Diesel,Manual,First,22.77 ,1498,98.59,5.00,7520.00
2017.00,15731.00,Petrol,Manual,First,15.29 ,1591,121.3,5.00,12490.00
2019.00,56251.00,Diesel,Manual,First,14.24 ,2755,174.5,7.00,35820.00
2017.00,28000.00,Petrol,Manual,First,20.85 ,1197,83.14,5.00,6250.00
2015.00,20045.00,Petrol,Manual,First,17.0 ,1197,80,5.00,6220.00
2016.00,34004.00,Petrol,Manual,First,15.4 ,1497,117.3,7.00,8020.00
2014.00,21000.00,Petrol,Manual,First,23.1 ,998,67.04,5.00,3750.00
2009.00,68001.00,Petrol,Automatic,Second,10.93 ,3498,272,5.00,11750.00
2012.00,31000.00,Petrol,Manual,First,20.36 ,1197,78.9,5.00,2250.00
2013.00,8950.00,Petrol,Manual,First,17.71 ,1197,78.9,5.00,3550.00
2017.00,43477.00,Diesel,Automatic,First,15.0 ,2143,204,5.00,38150.00
2015.00,20000.00,Petrol,Manual,First,21.1 ,814,55.2,5.00,2660.00
2014.00,47200.00,CNG,Manual,First,33.54,998,67.04,5.00,2850.00
2011.00,60000.00,Petrol,Manual,First,17.0 ,1497,118,5.00,4950.00
2003.00,111000.00,Petrol,Automatic,First,13.0 ,2987,210,5.00,6500.00
2016.00,52000.00,Diesel,Manual,Second,25.0 ,1396,69.01,5.00,2400.00
2016.00,26000.00,Petrol,Manual,First,15.29 ,1591,121.3,5.00,12500.00
2013.00,32425.00,Petrol,Manual,First,20.51 ,998,67.04,5.00,3000.00
2017.00,54758.00,Diesel,Manual,First,28.4 ,1248,73.75,5.00,6670.00
2008.00,59833.00,Petrol,Manual,Fourth & Above,13.8 ,1299,70,5.00,1970.00
2013.00,30000.00,Petrol,Manual,First,16.47 ,1198,73.9,5.00,2800.00
2011.00,40496.00,Petrol,Manual,First,20.36 ,1197,78.9,5.00,2650.00
2014.00,45000.00,Diesel,Manual,First,18.2 ,1248,73.74,8.00,4750.00
2003.00,75000.00,Diesel,Automatic,Second,0.0 ,,,,16110.00
2011.00,34000.00,Petrol,Automatic,Second,10.5 ,1796,157.7,5.00,19000.00
2012.00,62000.00,Diesel,Manual,First,17.8 ,1248,75,5.00,4500.00
2012.00,123600.00,Diesel,Manual,First,15.1 ,2179,140,7.00,8250.00
2014.00,80102.00,Petrol,Manual,First,17.71 ,1197,78.9,5.00,3500.00
2013.00,55000.00,Diesel,Manual,First,15.1 ,2179,140,7.00,8500.00
2015.00,48200.00,Petrol,Manual,First,15.29 ,1591,121.3,5.00,9000.00
2014.00,90000.00,Diesel,Manual,First,26.0 ,1498,98.6,5.00,6750.00
2014.00,123900.00,Diesel,Manual,First,19.3 ,1248,73.9,5.00,5400.00
2015.00,13008.00,Petrol,Manual,First,20.51 ,998,67.04,5.00,3500.00
2012.00,60500.00,Petrol,Manual,First,21.1 ,814,55.2,5.00,2600.00
2017.00,53841.00,Diesel,Automatic,First,11.36 ,2755,171.5,7.00,20500.00
2017.00,47183.00,Petrol,Manual,Second,15.8 ,1591,121.3,5.00,11310.00
2018.00,10000.00,Petrol,Manual,First,20.51 ,998,67.04,5.00,4500.00
2015.00,45000.00,Diesel,Automatic,First,11.3 ,2987,254.8,7.00,56000.00
2017.00,3923.00,Petrol,Manual,First,23.1 ,998,67.04,5.00,5200.00
2011.00,85000.00,Diesel,Manual,First,12.05 ,2179,120,8.00,5250.00
2018.00,6279.00,Petrol,Manual,First,22.7 ,799,53.64,5.00,3600.00
2014.00,74500.00,Diesel,Manual,First,21.2 ,1248,75,5.00,3300.00
2013.00,42000.00,Diesel,Manual,First,22.7 ,1582,126.24,5.00,5850.00
2014.00,56510.00,Petrol,Manual,First,19.1 ,1197,85.8,5.00,3900.00
2009.00,88000.00,Diesel,Automatic,First,16.55 ,1968,140,5.00,7980.00
2014.00,36631.00,Petrol,Automatic,First,16.5 ,1198,86.8,5.00,4300.00
2011.00,34000.00,Petrol,Manual,First,18.9 ,998,67.1,5.00,2250.00
2013.00,49000.00,Petrol,Manual,First,19.81 ,1086,68.05,5.00,3200.00
2012.00,65254.00,Diesel,Manual,First,22.32 ,1582,126.32,5.00,6550.00
2014.00,95000.00,Diesel,Manual,Second,22.32 ,1582,126.32,5.00,6900.00
2009.00,83000.00,Diesel,Manual,First,23.2 ,1248,73.94,5.00,2950.00
2017.00,101065.00,Diesel,Manual,First,20.5 ,1582,126.2,5.00,11450.00
2017.00,15134.00,Petrol,Manual,First,21.4 ,1197,83.1,5.00,6370.00
2011.00,72000.00,Diesel,Manual,First,22.32 ,1582,126.3,5.00,5000.00
2012.00,120000.00,Diesel,Manual,Second,22.3 ,1248,74,5.00,2600.00
2010.00,45000.00,Petrol,Manual,First,18.5 ,1197,80,5.00,1900.00
2015.00,54996.00,Diesel,Automatic,First,17.85 ,2967,300,4.00,60950.00
2017.00,22874.00,Petrol,Manual,First,15.1 ,1196,73,5.00,4440.00
2012.00,58000.00,Diesel,Automatic,Second,22.69 ,1995,190,5.00,15300.00
2016.00,86000.00,Diesel,Manual,Second,25.47 ,1248,88.50,7.00,8200.00
2014.00,69000.00,Petrol,Automatic,First,16.9 ,1197,81.86,5.00,5250.00
2016.00,55001.00,Petrol,Automatic,Second,16.93 ,1197,103.2,5.00,8500.00
2015.00,28000.00,Diesel,Automatic,First,15.73 ,1968,174.33,5.00,23750.00
2013.00,53213.00,Petrol,Manual,First,19.81 ,1086,68.05,5.00,2740.00
2016.00,44340.00,Diesel,Automatic,First,16.96 ,1968,138.03,5.00,13830.00
2017.00,16900.00,Petrol,Manual,First,21.1 ,998,100,5.00,6990.00
2009.00,57000.00,Petrol,Manual,First,19.81 ,1086,68.05,5.00,2250.00
2013.00,83165.00,Diesel,Manual,First,12.8 ,2494,102,8.00,11490.00
2012.00,24735.00,Petrol,Manual,Second,18.6 ,1199,79.4,5.00,2870.00
2005.00,65175.00,Diesel,Manual,First,12.8 ,2494,102,8.00,3250.00
2009.00,60000.00,Petrol,Manual,Second,9.8 ,2354,180,5.00,3500.00
2017.00,60357.00,Diesel,Manual,First,25.32 ,1198,77,6.00,4490.00
2011.00,77000.00,Diesel,Manual,First,22.07 ,1199,73.9,5.00,2900.00
2014.00,85301.00,Petrol,Manual,First,12.4 ,1998,132,8.00,12360.00
2011.00,50000.00,Diesel,Automatic,First,11.79 ,2179,120,8.00,6000.00
2010.00,58000.00,Diesel,Automatic,First,16.46 ,2993,258,5.00,31000.00
2015.00,39000.00,Diesel,Manual,First,25.6 ,1498,98.6,5.00,5490.00
2015.00,46190.00,Diesel,Manual,First,22.07 ,1199,73.9,5.00,5860.00
2015.00,83000.00,Diesel,Manual,First,16.0 ,2179,140,7.00,9000.00
2016.00,33000.00,Petrol,Manual,First,16.09 ,1598,103.5,5.00,7700.00
2017.00,27279.00,Petrol,Manual,First,17.4 ,1497,117.3,5.00,9470.00
2014.00,53900.00,Diesel,Automatic,First,14.16 ,1968,174.3,5.00,29000.00
2012.00,63998.00,Petrol,Automatic,First,17.0 ,1497,118,5.00,5420.00
2016.00,57932.00,Petrol,Manual,First,20.4 ,1197,81.80,5.00,6390.00
2015.00,25000.00,Petrol,Manual,First,22.74 ,796,47.3,5.00,2750.00
2011.00,169000.00,Diesel,Manual,First,20.0 ,1399,68,5.00,2500.00
2012.00,53000.00,Petrol,Manual,First,17.92 ,1086,62.1,5.00,2350.00
2015.00,43053.00,Petrol,Manual,First,18.9 ,998,67.1,5.00,4650.00
2014.00,75000.00,Diesel,Manual,First,26.0 ,1498,98.6,5.00,6000.00
2012.00,89000.00,Petrol,Manual,Second,16.8 ,1497,116.3,5.00,3500.00
2014.00,75578.00,Diesel,Manual,First,25.1 ,1498,98.6,5.00,7000.00
2014.00,46676.00,Petrol,Manual,First,17.0 ,1591,121.3,5.00,7750.00
2014.00,51349.00,Petrol,Manual,First,24.07 ,998,67.1,5.00,2930.00
2014.00,34233.00,Diesel,Automatic,First,14.21 ,2143,203,5.00,22500.00
2014.00,39626.00,Diesel,Automatic,First,11.2 ,2993,241,4.00,40660.00
2008.00,82500.00,Petrol,Manual,First,14.0 ,1061,64,5.00,1750.00
2015.00,63000.00,Diesel,Manual,Second,19.72 ,1461,108.45,5.00,8200.00
2011.00,77001.00,Diesel,Manual,First,12.05 ,2179,120,8.00,4490.00
2016.00,43000.00,Diesel,Automatic,First,10.91 ,3198,197.2,7.00,26500.00
2011.00,61111.00,Petrol,Manual,First,19.0 ,998,67.1,5.00,2600.00
2005.00,79000.00,Petrol,Manual,Second,17.0 ,,,,1650.00
2011.00,43000.00,Petrol,Manual,First,20.36 ,1197,78.9,5.00,2490.00
2013.00,47000.00,Petrol,Automatic,First,16.5 ,1198,86.8,5.00,5400.00
2017.00,34000.00,Petrol,Automatic,First,20.51 ,998,67,5.00,4350.00
2018.00,22060.00,Diesel,Automatic,First,18.51 ,1968,147.51,5.00,32730.00
2012.00,63000.00,Diesel,Automatic,First,0.0 ,2987,165,5.00,26000.00
2011.00,80000.00,Petrol,Manual,First,18.9 ,998,67.1,5.00,2500.00
2015.00,13506.00,Diesel,Automatic,First,18.25 ,1968,187.74,5.00,21660.00
2016.00,16000.00,Petrol,Manual,First,25.17 ,799,53.3,5.00,2990.00
2016.00,31006.00,Petrol,Manual,First,24.7 ,796,47.3,5.00,2610.00
2013.00,91200.00,Diesel,Manual,First,12.99 ,2494,100,8.00,8250.00
2015.00,43000.00,Petrol,Automatic,First,14.53 ,1794,138.1,5.00,12500.00
2015.00,45000.00,Diesel,Manual,First,25.83 ,1498,99,5.00,5500.00
2014.00,28637.00,Petrol,Manual,First,19.4 ,1198,86.8,5.00,5530.00
2004.00,69870.00,Petrol,Manual,Second,14.2 ,1597,92,5.00,1100.00
2014.00,84000.00,Diesel,Manual,First,12.05 ,2179,120,7.00,6850.00
2007.00,84143.00,Petrol,Manual,First,13.0 ,2987,210,5.00,17090.00
2012.00,77000.00,Diesel,Manual,Second,12.05 ,2179,120,8.00,4930.00
2012.00,75000.00,Diesel,Automatic,Second,12.39 ,2179,147.51,5.00,17500.00
2011.00,76155.00,Petrol,Manual,First,18.6 ,1199,79.4,5.00,1950.00
2014.00,98000.00,Diesel,Manual,First,22.9 ,1248,74,5.00,6100.00
2008.00,48233.00,Petrol,Manual,Second,13.4 ,1794,125,5.00,1800.00
2015.00,63000.00,Diesel,Automatic,First,13.22 ,2967,241.4,5.00,34500.00
2015.00,34063.00,Petrol,Manual,First,21.1 ,814,55.2,5.00,4010.00
2013.00,32576.00,Petrol,Manual,First,19.5 ,1199,88.76,5.00,3150.00
2015.00,28843.00,Petrol,Automatic,First,17.01 ,1499,110.5,5.00,5490.00
2016.00,26000.00,Diesel,Automatic,Second,19.6 ,1461,108.45,5.00,10000.00
2013.00,39000.00,Petrol,Automatic,First,15.6 ,1497,116.3,5.00,4550.00
2010.00,66000.00,Petrol,Manual,First,19.7 ,796,46.3,5.00,1500.00
2011.00,38002.00,Petrol,Manual,First,20.36 ,1197,78.9,5.00,2150.00
2010.00,49000.00,Petrol,Manual,Second,18.0 ,995,62,5.00,1400.00
2014.00,52000.00,Diesel,Manual,First,21.14 ,1498,103.6,5.00,6200.00
2013.00,56500.00,Diesel,Automatic,First,17.68 ,1968,174.33,5.00,19800.00
2015.00,20568.00,Petrol,Manual,First,18.7 ,1199,88.7,5.00,5600.00
2015.00,26000.00,Petrol,Manual,First,15.29 ,1591,121.3,5.00,9500.00
2012.00,56000.00,Petrol,Manual,First,18.6 ,1199,79.4,5.00,2210.00
2017.00,27509.00,Petrol,Manual,First,22.7 ,799,53.64,5.00,3310.00
2016.00,36216.00,Petrol,Manual,First,19.1 ,1197,81.86,5.00,5440.00
2009.00,28888.00,Petrol,Automatic,First,10.0 ,2496,157.7,5.00,7560.00
2011.00,120000.00,Diesel,Manual,Second,22.9 ,1248,74,5.00,3200.00
2018.00,31396.00,Petrol,Manual,First,23.1 ,998,67.04,5.00,5530.00
2015.00,79000.00,Diesel,Automatic,First,19.3 ,1968,141,5.00,17000.00
2010.00,62000.00,Petrol,Automatic,First,16.8 ,1497,118,5.00,3550.00
2006.00,120000.00,Petrol,Automatic,Second,9.0 ,2997,218,5.00,2650.00
2016.00,53000.00,Petrol,Automatic,First,14.67 ,1798,177.46,5.00,17850.00
2010.00,124313.00,Diesel,Manual,First,12.99 ,2494,100.6,8.00,7960.00
2015.00,26725.00,Petrol,Automatic,First,23.1 ,998,67.04,5.00,4250.00
2014.00,45617.00,Diesel,Manual,First,20.77 ,1248,88.76,7.00,5850.00
2013.00,37000.00,Diesel,Automatic,First,20.0 ,2143,107.3,5.00,13000.00
2010.00,109147.00,Diesel,Manual,First,14.0 ,2498,112,8.00,2650.00
2014.00,59000.00,Diesel,Manual,First,25.8 ,1498,98.6,5.00,4750.00
2015.00,28000.00,Petrol,Manual,First,25.17 ,799,53.3,5.00,2650.00
2017.00,4700.00,Petrol,Manual,First,25.17 ,799,53.3,5.00,3000.00
2014.00,72469.00,Diesel,Automatic,First,12.07 ,2967,241.4,7.00,32520.00
2014.00,57539.00,Diesel,Automatic,First,22.32 ,1582,126.32,5.00,7750.00
2016.00,42000.00,Diesel,Automatic,First,11.36 ,2755,171.5,7.00,19600.00
2010.00,62489.00,Petrol,Manual,First,17.0 ,1197,80,5.00,2600.00
2013.00,51167.00,Petrol,Manual,First,16.47 ,1198,73.9,5.00,3760.00
2012.00,130000.00,Diesel,Manual,First,20.54 ,1598,103.6,5.00,4750.00
2007.00,63000.00,Petrol,Manual,Second,17.7 ,1497,78,5.00,1750.00
2011.00,60000.00,Petrol,Manual,First,16.2 ,1599,103.2,5.00,3950.00
2005.00,123200.00,Petrol,Manual,Second,13.2 ,1495,94,5.00,1000.00
2011.00,115692.00,Diesel,Automatic,First,20.0 ,1968,138.1,5.00,4500.00
2011.00,87073.00,Petrol,Automatic,First,10.93 ,2497,204,5.00,17230.00
2015.00,40901.00,Petrol,Manual,First,18.6 ,1197,81.83,5.00,5760.00
2013.00,36264.00,Petrol,Manual,First,20.36 ,1197,78.9,5.00,4320.00
2009.00,60000.00,Petrol,Manual,Second,19.81 ,1086,68.05,5.00,1900.00
2018.00,20000.00,Petrol,Manual,First,17.0 ,1198,74,5.00,5500.00
2014.00,68400.00,Petrol,Automatic,First,12.98 ,2494,178.4,5.00,13500.00
2013.00,71231.00,Diesel,Manual,Second,16.0 ,2179,140,7.00,9750.00
2011.00,75000.00,Diesel,Automatic,First,17.2 ,1968,138.1,5.00,9440.00
2018.00,1997.00,Petrol,Automatic,First,22.5 ,998,67,5.00,4450.00
2016.00,47300.00,Diesel,Manual,First,24.3 ,1248,88.5,5.00,8850.00
2012.00,61449.00,Petrol,Manual,First,0.0 ,1086,62,5.00,2150.00
2013.00,47910.00,Diesel,Manual,First,20.54 ,1598,103.6,5.00,4890.00
2015.00,62000.00,Diesel,Manual,First,20.14 ,1498,88.8,5.00,6250.00
2012.00,65060.00,Diesel,Manual,First,22.9 ,1248,74,5.00,4800.00
2008.00,82203.00,Petrol,Manual,First,19.81 ,1086,68.05,5.00,1800.00
2013.00,44000.00,Diesel,Manual,First,16.0 ,2179,140,7.00,7250.00
2014.00,53817.00,Diesel,Manual,First,25.47 ,1248,88.50,7.00,7560.00
2013.00,61591.00,Diesel,Manual,First,16.0 ,2179,140,7.00,6820.00
2011.00,86500.00,Diesel,Manual,Second,21.12 ,1248,88.8,5.00,1800.00
2009.00,100000.00,Diesel,Automatic,First,11.0 ,2987,198.5,5.00,11500.00
2010.00,87000.00,Petrol,Manual,First,15.6 ,1586,104.68,5.00,2800.00
2016.00,35000.00,Petrol,Automatic,First,20.51 ,998,67,5.00,5500.00
2016.00,6000.00,Petrol,Manual,First,20.63 ,1198,67.06,5.00,2700.00
2014.00,59327.00,Diesel,Manual,First,20.0 ,1399,68,5.00,3250.00
2014.00,81001.00,Diesel,Automatic,First,17.2 ,1968,138.1,5.00,10900.00
2014.00,44612.00,Petrol,Manual,First,18.5 ,1197,80,5.00,4070.00
2016.00,42388.00,Diesel,Automatic,First,11.36 ,2755,171.5,7.00,18000.00
2012.00,54000.00,Petrol,Manual,First,19.4 ,1198,86.8,5.00,2950.00
2011.00,83010.00,Diesel,Automatic,First,17.2 ,1968,138.1,5.00,7500.00
2016.00,65405.00,Diesel,Automatic,First,13.0 ,2143,204,5.00,32730.00
2015.00,36000.00,Diesel,Automatic,Second,12.55 ,2982,168.7,7.00,21500.00
2008.00,85000.00,Petrol,Manual,First,16.51 ,1586,103.2,5.00,2500.00
2016.00,35000.00,Diesel,Manual,First,27.3 ,1498,98.6,5.00,5500.00
2012.00,54000.00,Petrol,Automatic,First,14.53 ,1794,138.1,5.00,7500.00
2007.00,70000.00,Petrol,Manual,First,16.9 ,1497,100,5.00,1550.00
2017.00,27001.00,Diesel,Automatic,First,20.68 ,1995,190,5.00,29000.00
2019.00,41075.00,Diesel,Manual,First,28.4 ,1248,74,5.00,8400.00
2016.00,26000.00,Diesel,Manual,First,25.32 ,1198,77,6.00,6500.00
2010.00,55000.00,Petrol,Manual,First,16.0 ,1198,90,5.00,2350.00
2016.00,19000.00,Petrol,Manual,First,20.4 ,1197,81.80,5.00,5550.00
2016.00,15000.00,Petrol,Automatic,First,18.9 ,1197,82,5.00,5350.00
2016.00,37000.00,Petrol,Manual,First,17.8 ,1198,86.7,5.00,5250.00
2017.00,38712.00,Petrol,Manual,First,18.9 ,1197,81.86,5.00,5870.00
2014.00,52400.00,Diesel,Manual,First,20.54 ,1598,103.6,5.00,5360.00
2016.00,23988.00,Diesel,Manual,First,28.09 ,1248,88.5,5.00,7750.00
2014.00,32283.00,Petrol,Automatic,Second,14.4 ,1598,103.6,5.00,5410.00
2010.00,52000.00,Petrol,Manual,First,18.5 ,1197,80,5.00,3650.00
2016.00,32000.00,Petrol,Automatic,First,16.5 ,1198,86.8,5.00,5250.00
2014.00,39000.00,Petrol,Manual,First,17.4 ,1497,117.3,5.00,6250.00
2017.00,14149.00,Petrol,Manual,First,23.9 ,624,37.48,4.00,3470.00
2006.00,103000.00,Petrol,Automatic,First,10.13 ,3498,364.9,5.00,8850.00
2004.00,82000.00,Petrol,Manual,First,14.0 ,1061,64,5.00,850.00
2015.00,34000.00,Petrol,Automatic,First,13.7 ,1798,157.75,5.00,13650.00
2016.00,45180.00,Diesel,Automatic,First,12.07 ,2967,241.4,7.00,50220.00
2018.00,2000.00,Petrol,Manual,First,22.0 ,1197,81.80,5.00,7750.00
2011.00,82321.00,Diesel,Manual,First,12.8 ,2494,102,7.00,10050.00
2011.00,7000.00,Petrol,Automatic,First,12.05 ,1995,154,5.00,9750.00
2015.00,27000.00,Diesel,Automatic,First,17.9 ,2143,136,5.00,23000.00
2019.00,31271.00,Diesel,Manual,First,13.68 ,2393,147.8,8.00,21420.00
2003.00,55000.00,Petrol,Manual,Third,15.9 ,1298,null,5.00,700.00
2014.00,24000.00,Diesel,Manual,First,25.2 ,1248,74,5.00,5210.00
2009.00,147000.00,Diesel,Manual,First,12.99 ,2494,100.6,7.00,7500.00
2012.00,72351.00,Diesel,Manual,First,23.59 ,1364,null,5.00,2650.00
2010.00,115000.00,Petrol,Manual,First,18.6 ,1199,79.4,5.00,1750.00
2010.00,82000.00,Diesel,Manual,Second,13.8 ,1399,68,5.00,1000.00
2016.00,20000.00,Diesel,Automatic,First,19.27 ,2143,170,5.00,33000.00
2011.00,45560.00,Petrol,Manual,First,17.6 ,1496,88.73,5.00,2200.00
2017.00,57539.00,Diesel,Manual,First,12.8 ,2494,102,7.00,12830.00
2018.00,20004.00,Diesel,Automatic,First,17.54 ,2993,313,4.00,68940.00
2012.00,54500.00,Diesel,Manual,First,21.13 ,1498,108.4,5.00,4100.00
2016.00,27886.00,Petrol,Manual,First,22.0 ,814,55,5.00,2850.00
2007.00,66000.00,Petrol,Automatic,First,11.1 ,2354,158.8,5.00,3700.00
2013.00,72202.00,Diesel,Automatic,First,20.0 ,1968,138.1,5.00,9060.00
2011.00,70000.00,Petrol,Manual,Second,13.4 ,1798,157.8,5.00,4750.00
2015.00,78233.00,Diesel,Manual,First,26.0 ,1498,98.6,5.00,6600.00
2007.00,120203.00,Diesel,Manual,Second,13.93 ,2179,138,7.00,3500.00
2011.00,20575.00,Petrol,Manual,First,19.0 ,998,67.1,5.00,2000.00
2013.00,39879.00,Petrol,Manual,First,17.8 ,1198,86.7,5.00,3890.00
2017.00,31056.00,Petrol,Manual,First,23.01 ,999,67,5.00,3600.00
2015.00,50940.00,Petrol,Automatic,First,19.12 ,1373,91.1,5.00,6950.00
2016.00,99362.00,Diesel,Manual,First,22.54 ,1396,88.73,5.00,7030.00
2016.00,54000.00,Diesel,Manual,First,13.68 ,2393,147.8,7.00,16500.00
2016.00,54268.00,Diesel,Manual,First,28.09 ,1248,88.5,5.00,7670.00
2012.00,94521.00,Diesel,Automatic,First,14.74 ,2993,270.9,5.00,23190.00
2017.00,38932.00,Petrol,Manual,First,19.1 ,1197,82,5.00,6210.00
2015.00,60395.00,Diesel,Automatic,First,16.12 ,2967,245,5.00,45820.00
2016.00,29000.00,Diesel,Manual,First,24.4 ,1120,71,5.00,5950.00
2011.00,58000.00,Diesel,Automatic,First,16.55 ,1968,140,5.00,11000.00
2016.00,60913.00,Petrol,Manual,First,20.73 ,1373,91.1,5.00,7190.00
2011.00,65000.00,Diesel,Manual,First,12.8 ,2494,102,8.00,6400.00
2015.00,26000.00,Diesel,Manual,First,15.8 ,2148,170,5.00,26000.00
2016.00,19947.00,Petrol,Manual,First,20.36 ,1197,78.9,5.00,4500.00
2011.00,70816.00,Petrol,Automatic,First,16.95 ,1197,78.9,5.00,3100.00
2015.00,54000.00,Diesel,Manual,First,27.39 ,1248,74,5.00,5950.00
2008.00,138000.00,Petrol,Manual,First,18.2 ,1061,64,5.00,1200.00
2014.00,35000.00,Diesel,Automatic,First,16.46 ,2993,258,5.00,52000.00
2015.00,50000.00,Diesel,Automatic,First,11.33 ,4134,335.2,7.00,48000.00
2011.00,124652.00,Diesel,Automatic,First,11.7 ,2993,245,5.00,21990.00
2013.00,80264.00,Petrol,Manual,First,21.1 ,1197,85.80,5.00,4300.00
2013.00,125600.00,Diesel,Manual,First,21.64 ,1461,84.8,5.00,3750.00
2015.00,49000.00,Petrol,Manual,First,14.28 ,1798,138.03,5.00,8950.00
2012.00,111000.00,Diesel,Manual,First,23.59 ,1364,67.1,5.00,4750.00
2016.00,33690.00,Petrol,Manual,First,14.28 ,1798,138.03,5.00,14600.00
2012.00,50000.00,Diesel,Automatic,First,17.68 ,1968,174.33,5.00,17500.00
2012.00,38092.00,Diesel,Manual,First,20.77 ,1248,88.8,7.00,5200.00
2017.00,47774.00,Petrol,Manual,First,18.9 ,1197,82,5.00,6040.00
2009.00,167000.00,Diesel,Manual,Second,19.09 ,1396,69,5.00,2700.00
2019.00,65000.00,Diesel,Automatic,First,26.59 ,1248,74,5.00,6750.00
2011.00,46000.00,Petrol,Manual,First,15.26 ,1598,103.5,5.00,2350.00
2017.00,16500.00,Petrol,Manual,First,23.84 ,1199,84,5.00,5000.00
2016.00,39000.00,Petrol,Manual,First,17.8 ,1497,117.3,5.00,6950.00
2018.00,6000.00,Petrol,Manual,First,19.5 ,1199,86.76,5.00,6700.00
2015.00,60000.00,Diesel,Automatic,First,17.11 ,1968,174.33,5.00,25000.00
2011.00,97320.00,Petrol,Automatic,First,14.4 ,1598,103.6,5.00,3750.00
2011.00,99807.00,Diesel,Manual,First,20.54 ,1598,103.6,5.00,3750.00
2013.00,46000.00,Petrol,Manual,First,17.0 ,1497,118,5.00,5100.00
2010.00,12000.00,Petrol,Manual,First,22.5 ,998,67.04,5.00,2450.00
2005.00,13002.00,Petrol,Automatic,First,9.3 ,2771,193.1,5.00,3250.00
2014.00,26000.00,Diesel,Manual,First,26.0 ,1498,98.6,5.00,5500.00
2014.00,68365.00,CNG,Manual,First,26.6,998,58.16,5.00,3770.00
2016.00,27833.00,Diesel,Automatic,First,0.0 ,2987,165,5.00,49240.00
2016.00,51639.00,Petrol,Manual,First,22.74 ,796,47.3,5.00,3040.00
2015.00,21000.00,Petrol,Manual,First,18.6 ,1197,81.83,5.00,4900.00
2013.00,90000.00,Diesel,Manual,First,22.7 ,1498,89.84,5.00,6250.00
2015.00,36255.00,Diesel,Automatic,First,19.59 ,1995,184,5.00,33000.00
2011.00,58000.00,Diesel,Automatic,Second,11.7 ,2993,245,5.00,27000.00
2014.00,48997.00,Petrol,Manual,Second,18.0 ,1198,86.7,5.00,5210.00
2014.00,31130.00,Petrol,Manual,First,15.85 ,1499,110.4,5.00,5750.00
2012.00,75668.00,Diesel,Automatic,First,14.74 ,2993,270.9,5.00,16580.00
2015.00,12000.00,Petrol,Manual,First,14.53 ,1798,138,5.00,11000.00
2014.00,90000.00,Petrol,Manual,Second,20.36 ,1197,78.9,5.00,2800.00
2019.00,17320.00,Diesel,Automatic,First,15.8 ,2148,170,5.00,37990.00
2011.00,85000.00,Diesel,Manual,Second,20.0 ,1968,108.5,5.00,3650.00
2007.00,130000.00,Diesel,Manual,First,13.1 ,2499,141,7.00,6000.00
2013.00,60328.00,Petrol,Manual,First,15.6 ,1196,70,5.00,4540.00
2015.00,34327.00,Petrol,Manual,First,18.0 ,1198,86.7,5.00,5400.00
2014.00,75000.00,Diesel,Manual,First,19.1 ,1405,70,5.00,3300.00
2012.00,86000.00,Diesel,Automatic,Second,14.7 ,1985,163,5.00,18250.00
2017.00,12000.00,Petrol,Manual,First,22.7 ,799,53,5.00,3100.00
2013.00,57759.00,Petrol,Manual,First,21.1 ,814,55.2,5.00,3840.00
2016.00,24300.00,Petrol,Manual,First,22.74 ,796,47.3,5.00,2440.00
2011.00,66000.00,Petrol,Manual,Second,16.47 ,1198,73.9,5.00,3600.00
2015.00,75915.00,Petrol,Manual,First,20.36 ,1197,78.9,5.00,3900.00
2013.00,107000.00,Petrol,Manual,Second,16.95 ,1498,97.7,5.00,2900.00
2008.00,86000.00,Petrol,Manual,Second,14.53 ,1798,138.1,5.00,3500.00
2009.00,160000.00,Diesel,Manual,Second,18.1 ,1493,110,5.00,3500.00
2019.00,3000.00,Petrol,Manual,First,24.7 ,796,47.3,5.00,3500.00
2015.00,72495.00,Diesel,Manual,First,21.9 ,1396,88.76,5.00,7000.00
2016.00,33000.00,Diesel,Automatic,First,19.08 ,1582,126.2,5.00,8700.00
2014.00,60000.00,Diesel,Automatic,First,12.07 ,2967,241.4,7.00,45000.00
2016.00,80103.00,Diesel,Manual,First,25.0 ,1396,69,5.00,1800.00
2007.00,42100.00,Petrol,Manual,First,18.0 ,995,62,5.00,990.00
2018.00,4500.00,Petrol,Manual,First,18.9 ,1197,81.86,5.00,4800.00
2014.00,97000.00,Diesel,Manual,First,12.55 ,2982,169,7.00,17950.00
2016.00,50000.00,Electric,Automatic,First,,72,41,5.00,13000.00
2017.00,51223.00,Petrol,Manual,First,18.9 ,1197,81.86,5.00,5660.00
2009.00,64000.00,Petrol,Manual,First,17.0 ,1497,118,5.00,3100.00
2016.00,56911.00,Petrol,Manual,First,18.6 ,1197,81.86,5.00,6540.00
2015.00,147848.00,Diesel,Manual,First,12.8 ,2494,102,8.00,13200.00
2018.00,21290.00,Petrol,Automatic,First,13.0 ,4951,395,4.00,56800.00
2019.00,14076.00,Diesel,Automatic,First,11.36 ,2755,171.5,7.00,19400.00
2007.00,75180.00,Petrol,Manual,First,18.2 ,1061,64,5.00,1650.00
2013.00,92000.00,Diesel,Manual,Second,22.9 ,1248,74,5.00,4350.00
2015.00,57266.00,Diesel,Manual,First,20.5 ,1248,91.72,5.00,6500.00
2007.00,64000.00,Petrol,Manual,First,18.2 ,998,67.1,5.00,1110.00
2013.00,41000.00,Diesel,Manual,First,19.87 ,1461,83.8,5.00,5500.00
2012.00,45999.00,Diesel,Manual,First,10.5 ,2835,107.2,6.00,11000.00
2015.00,50000.00,Petrol,Automatic,First,23.1 ,998,67.04,5.00,3900.00
2013.00,70000.00,Diesel,Manual,First,17.88 ,1405,48.21,5.00,1800.00
2016.00,37540.00,Petrol,Manual,First,18.6 ,1197,81.86,5.00,6220.00
2014.00,44000.00,Petrol,Automatic,First,23.1 ,998,67.04,5.00,4300.00
2017.00,22500.00,Petrol,Manual,First,18.9 ,1197,81.86,5.00,5990.00
2017.00,17431.00,Petrol,Manual,First,18.6 ,1197,81.83,5.00,6000.00
2014.00,61566.00,Petrol,Manual,First,17.1 ,1591,121.3,5.00,5850.00
2014.00,61730.00,Diesel,Automatic,First,12.39 ,2179,147.51,5.00,19940.00
2009.00,68000.00,Petrol,Manual,First,16.1 ,1298,88.2,5.00,2900.00
2014.00,29000.00,Petrol,Manual,First,18.0 ,1198,86.7,5.00,4250.00
2010.00,156210.00,Diesel,Manual,First,21.43 ,1364,87.2,5.00,5990.00
2013.00,46500.00,Diesel,Manual,First,27.4 ,1498,98.6,5.00,3300.00
2009.00,52830.00,Diesel,Automatic,Second,16.77 ,2967,241.38,5.00,8080.00
2017.00,39867.00,Petrol,Manual,First,22.5 ,998,67.04,5.00,4500.00
2014.00,58972.00,Diesel,Manual,First,24.2 ,1498,98.6,7.00,6500.00
2006.00,66000.00,Petrol,Automatic,Second,10.1 ,2354,152,5.00,3900.00
2013.00,52000.00,Petrol,Manual,First,17.1 ,1591,121.3,5.00,5250.00
2014.00,58000.00,Diesel,Automatic,First,11.72 ,2199,194.3,7.00,17000.00
2012.00,58000.00,Petrol,Automatic,First,16.95 ,1197,78.9,5.00,3500.00
2008.00,75000.00,Diesel,Manual,Second,17.7 ,1399,68,5.00,3000.00
2015.00,41008.00,Petrol,Manual,Second,20.36 ,1197,78.9,5.00,4870.00
2014.00,65000.00,Diesel,Manual,First,24.4 ,1120,71,5.00,6000.00
2015.00,19000.00,Diesel,Automatic,First,18.19 ,1968,174.5,5.00,15500.00
2008.00,74000.00,Petrol,Manual,Second,16.6 ,1388,68,5.00,1600.00
2017.00,33000.00,Petrol,Automatic,First,21.4 ,1197,83.1,5.00,7250.00
2010.00,95000.00,Diesel,Manual,Second,17.0 ,1896,105,5.00,3250.00
2012.00,34000.00,Diesel,Manual,First,20.64 ,1498,108.5,5.00,3400.00
2014.00,102865.00,Diesel,Automatic,First,12.07 ,2967,241.4,7.00,30500.00
2016.00,52378.00,Petrol,Manual,First,17.0 ,1591,121.3,5.00,7970.00
2012.00,38000.00,Diesel,Automatic,First,14.84 ,2143,170,5.00,13510.00
2015.00,60334.00,Diesel,Manual,First,25.8 ,1498,98.6,5.00,5430.00
2010.00,107000.00,Petrol,Manual,First,16.6 ,1388,68,5.00,2600.00
2013.00,445000.00,Petrol,Manual,First,18.5 ,1197,82.9,5.00,4450.00
2017.00,2196.00,Petrol,Manual,First,22.74 ,796,47.3,5.00,2750.00
2010.00,24000.00,Petrol,Automatic,First,10.6 ,2996,258,5.00,8750.00
2015.00,44846.00,Petrol,Manual,Second,14.6 ,1368,88.7,5.00,5410.00
2018.00,64035.00,Diesel,Automatic,First,28.4 ,1248,73.75,5.00,8550.00
2014.00,45600.00,Diesel,Manual,First,15.1 ,2179,140,7.00,8250.00
2014.00,102001.00,Diesel,Automatic,First,11.1 ,2400,200,7.00,23580.00
2014.00,47439.00,Petrol,Manual,First,20.36 ,1197,78.9,5.00,4490.00
2010.00,193254.00,Diesel,Manual,First,11.5 ,2982,171,7.00,12990.00
2016.00,29000.00,Petrol,Automatic,First,21.9 ,624,37.48,4.00,2800.00
2016.00,51681.00,Diesel,Manual,First,19.98 ,1461,108.5,8.00,8430.00
2015.00,50000.00,Diesel,Automatic,First,12.07 ,2967,241.4,7.00,47500.00
2016.00,42666.00,Petrol,Automatic,First,18.0 ,1497,117.3,5.00,8950.00
2013.00,65000.00,Diesel,Manual,Second,19.01 ,1461,108.45,5.00,5500.00
2014.00,18776.00,Petrol,Manual,First,17.8 ,1198,86.7,5.00,4750.00
2016.00,6714.00,Petrol,Manual,First,18.0 ,1198,86.7,5.00,4750.00
2009.00,40000.00,Petrol,Automatic,Second,12.05 ,1995,154,5.00,9500.00
2011.00,88539.00,Diesel,Manual,First,23.2 ,1248,73.94,5.00,3770.00
2012.00,65055.00,Petrol,Manual,Second,17.0 ,1497,118,5.00,4250.00
2014.00,23000.00,Diesel,Automatic,First,18.88 ,1995,184,5.00,19900.00
2009.00,60000.00,Diesel,Manual,First,15.0 ,1896,105,5.00,4000.00
2013.00,59350.00,Petrol,Manual,First,19.1 ,1197,85.8,5.00,4160.00
2015.00,19000.00,Diesel,Automatic,Second,16.36 ,2179,187.7,5.00,38000.00
2016.00,45560.00,Petrol,Automatic,First,16.9 ,1197,82,5.00,6340.00
2009.00,118000.00,Diesel,Manual,First,12.8 ,2494,102,8.00,4500.00
2016.00,55000.00,Petrol,Manual,First,15.1 ,1196,73,7.00,3750.00
2012.00,60000.00,Diesel,Automatic,Second,15.2 ,1968,140.8,5.00,10200.00
2007.00,145000.00,Diesel,Manual,First,12.8 ,2494,102,8.00,5000.00
2008.00,46810.00,Petrol,Manual,First,9.8 ,1995,163.5,5.00,3950.00
2016.00,62767.00,Diesel,Manual,First,20.34 ,1498,103.2,5.00,9750.00
2018.00,18553.00,Petrol,Manual,First,18.6 ,1197,81.86,5.00,7930.00
2011.00,143143.00,Diesel,Manual,First,17.8 ,1399,67,5.00,2100.00
2015.00,53497.00,Diesel,Manual,First,13.5 ,2477,175.56,7.00,16420.00
2011.00,148000.00,Diesel,Manual,Second,14.66 ,2199,194.3,7.00,8900.00
2012.00,95000.00,Diesel,Manual,First,15.1 ,2179,140,7.00,7210.00
2015.00,100000.00,Diesel,Manual,First,12.8 ,2494,102,8.00,13500.00
2016.00,29000.00,Diesel,Automatic,First,11.57 ,2987,254.79,5.00,65000.00
2014.00,87000.00,Diesel,Manual,First,12.05 ,2179,120,7.00,7400.00
2014.00,56838.00,Petrol,Automatic,First,16.8 ,1497,118,5.00,5150.00
2013.00,100000.00,Diesel,Automatic,First,12.0 ,2987,224,7.00,32000.00
2011.00,125000.00,Petrol,Manual,First,17.0 ,1497,118,5.00,3250.00
2017.00,17000.00,Petrol,Automatic,First,22.5 ,998,67,5.00,3950.00
2013.00,70000.00,Petrol,Manual,Second,15.4 ,1193,65,5.00,1500.00
2010.00,50000.00,Petrol,Manual,Second,17.0 ,1197,80,5.00,3000.00
2010.00,39800.00,Petrol,Manual,First,16.0 ,1198,90,5.00,1990.00
2010.00,60000.00,Petrol,Manual,First,19.0 ,998,66.1,5.00,1350.00
2009.00,58000.00,Diesel,Automatic,First,16.07 ,1995,181,5.00,13500.00
2010.00,110009.00,Diesel,Manual,First,17.67 ,1968,138.08,5.00,6990.00
2013.00,85000.00,Diesel,Manual,First,19.01 ,1461,108.5,5.00,8500.00
2010.00,84000.00,Diesel,Manual,Second,22.07 ,1199,73.9,5.00,2890.00
2011.00,51000.00,Diesel,Automatic,First,22.69 ,1995,190,5.00,10500.00
2013.00,68880.00,Petrol,Manual,First,16.95 ,1498,97.7,5.00,3970.00
2017.00,5500.00,Petrol,Automatic,First,24.07 ,998,67.1,5.00,4250.00
2016.00,40052.00,Petrol,Manual,First,21.1 ,1197,85.80,5.00,6170.00
2016.00,47293.00,Diesel,Automatic,First,14.16 ,1968,174.3,5.00,38720.00
2013.00,79663.00,Diesel,Manual,First,16.8 ,1493,110,5.00,6500.00
2013.00,63000.00,Diesel,Manual,Second,25.8 ,1498,98.6,5.00,4250.00
2014.00,45000.00,Diesel,Manual,First,26.0 ,1498,98.6,5.00,4750.00
2014.00,56501.00,Diesel,Automatic,First,12.9 ,2755,174.5,7.00,17710.00
2015.00,58000.00,Diesel,Manual,First,20.34 ,1498,103.2,5.00,5850.00
2011.00,51602.00,Diesel,Automatic,First,22.48 ,1995,190,5.00,17270.00
2007.00,74199.00,Diesel,Automatic,First,16.07 ,1995,181,5.00,9250.00
2017.00,25000.00,Petrol,Automatic,First,13.0 ,1591,121.3,5.00,12750.00
2016.00,70000.00,Diesel,Automatic,Second,21.76 ,1995,190,5.00,27000.00
2013.00,25000.00,Diesel,Automatic,Second,14.84 ,2143,167.62,5.00,21000.00
2017.00,22000.00,Diesel,Manual,First,26.59 ,1248,74,5.00,7950.00
2015.00,47020.00,Petrol,Manual,Second,23.1 ,998,67.04,5.00,4500.00
2017.00,8000.00,Diesel,Automatic,First,19.59 ,1995,187.74,5.00,33750.00
2010.00,73000.00,Diesel,Automatic,First,11.33 ,4134,335.2,7.00,17510.00
2017.00,36973.00,Petrol,Manual,First,18.2 ,1199,88.7,5.00,6800.00
2014.00,42083.00,Petrol,Manual,First,25.4 ,624,37.48,4.00,1680.00
2016.00,61000.00,Petrol,Manual,First,24.7 ,796,47.3,5.00,2900.00
2014.00,43628.00,Petrol,Manual,First,22.5 ,998,67.04,5.00,3160.00
2014.00,60000.00,Diesel,Manual,First,24.4 ,1120,71,5.00,3900.00
2010.00,54000.00,Petrol,Manual,Second,17.8 ,1199,76.8,5.00,1950.00
2015.00,27001.00,Diesel,Automatic,First,16.36 ,2179,187.7,5.00,26520.00
2010.00,52000.00,Diesel,Automatic,First,18.33 ,1968,167.7,5.00,9000.00
2012.00,80000.00,Diesel,Manual,First,21.27 ,1396,88.76,5.00,4500.00
2008.00,160000.00,Diesel,Manual,First,10.5 ,2835,107.2,6.00,8750.00
2018.00,3300.00,Diesel,Automatic,First,24.3 ,1248,88.5,5.00,11500.00
2016.00,35027.00,Petrol,Manual,First,24.07 ,998,67.1,5.00,3000.00
2015.00,26568.00,Petrol,Manual,First,21.1 ,814,55.2,5.00,3790.00
2015.00,59000.00,Diesel,Manual,First,28.09 ,1248,88.5,5.00,6000.00
2016.00,51000.00,Diesel,Manual,First,19.67 ,1582,126.2,5.00,13250.00
2012.00,56400.00,Diesel,Automatic,First,17.2 ,1968,138.1,5.00,8000.00
2015.00,80000.00,Diesel,Manual,First,20.14 ,1498,88.8,5.00,5800.00
2012.00,72000.00,Diesel,Automatic,Third,18.48 ,,,,13850.00
2013.00,107000.00,Diesel,Manual,Second,12.99 ,2494,100.6,7.00,13500.00
2014.00,100000.00,Diesel,Automatic,First,14.21 ,2143,203,5.00,25000.00
2016.00,59998.00,Diesel,Manual,First,20.14 ,1498,88.8,5.00,5490.00
2013.00,105000.00,Diesel,Automatic,First,17.32 ,1968,150,5.00,19000.00
2011.00,36000.00,Petrol,Manual,First,18.5 ,1197,80,5.00,2500.00
2015.00,24350.00,Petrol,Manual,Second,19.81 ,1086,68.05,5.00,3000.00
2018.00,28973.00,Diesel,Manual,First,24.7 ,1047,69,5.00,6640.00
2017.00,8243.00,Petrol,Manual,First,21.1 ,814,55.2,5.00,3210.00
2009.00,136642.00,Petrol,Manual,Second,17.92 ,1086,62.1,5.00,1550.00
2011.00,60000.00,Petrol,Manual,First,17.92 ,1086,62.1,5.00,2590.00
2008.00,100000.00,Diesel,Manual,Second,12.7 ,2609,120,8.00,4000.00
2010.00,48689.00,Petrol,Manual,First,17.4 ,1497,117.3,5.00,3870.00
2017.00,45000.00,Diesel,Manual,First,24.3 ,1248,88.5,5.00,9750.00
2019.00,38163.00,Diesel,Automatic,First,17.11 ,1968,174.33,5.00,32910.00
2011.00,43800.00,Diesel,Automatic,Second,14.21 ,2143,203,5.00,16750.00
2007.00,92000.00,Petrol,Manual,First,13.5 ,1799,130,5.00,1900.00
2017.00,14064.00,Petrol,Manual,First,18.6 ,1197,81.83,5.00,6590.00
2017.00,42366.00,Diesel,Automatic,First,15.73 ,1968,174.33,5.00,31930.00
2014.00,76551.00,Diesel,Manual,First,25.1 ,1498,98.6,5.00,7250.00
2008.00,72672.00,Petrol,Manual,First,19.81 ,1086,68.05,5.00,1900.00
2015.00,45000.00,Diesel,Manual,First,25.2 ,1248,74,5.00,3550.00
2012.00,91696.00,Diesel,Automatic,First,11.4 ,2953,153.86,7.00,9250.00
2009.00,66484.00,Petrol,Manual,First,13.8 ,1299,70,5.00,1650.00
2019.00,15456.00,Diesel,Automatic,First,20.68 ,1995,190,5.00,36640.00
2011.00,55000.00,Diesel,Automatic,Second,14.21 ,2143,203,5.00,16000.00
2019.00,21112.00,CNG,Manual,First,15.1,1196,73,5.00,5380.00
2011.00,98000.00,Petrol,Manual,First,16.7 ,,,,3150.00
2014.00,61297.00,Diesel,Manual,First,25.8 ,1498,98.6,5.00,4350.00
2006.00,80000.00,Petrol,Manual,Second,17.3 ,993,60,5.00,1200.00
2013.00,59000.00,Petrol,Manual,Second,18.5 ,1197,80,5.00,4100.00
2009.00,150000.00,Diesel,Automatic,First,11.0 ,2993,235,5.00,18750.00
2017.00,60083.00,Diesel,Manual,First,19.67 ,1582,126.2,5.00,13780.00
2016.00,85450.00,Diesel,Manual,First,26.59 ,1248,74,5.00,4000.00
2013.00,88000.00,Diesel,Manual,First,22.9 ,1248,74,5.00,4330.00
2015.00,81828.00,Diesel,Manual,First,24.0 ,1186,73.97,5.00,5430.00
2016.00,18000.00,Petrol,Manual,First,18.16 ,1196,86.8,5.00,4900.00
2017.00,15000.00,Diesel,Automatic,First,15.97 ,2993,258,5.00,70000.00
2016.00,34000.00,Diesel,Automatic,First,11.78 ,2143,167.62,5.00,25500.00
2015.00,46000.00,Petrol,Automatic,First,18.9 ,1197,82,5.00,5100.00
2013.00,48158.00,Diesel,Manual,First,22.32 ,1582,126.32,5.00,6700.00
2013.00,93000.00,Diesel,Automatic,First,16.73 ,2993,218,5.00,26500.00
2013.00,71007.00,Diesel,Manual,First,23.08 ,1461,63.1,5.00,3900.00
2010.00,63067.00,Petrol,Manual,Second,15.5 ,1586,103.3,5.00,2700.00
2011.00,70259.00,Diesel,Manual,First,21.12 ,1248,88.8,5.00,2950.00
2015.00,13000.00,Diesel,Automatic,First,16.55 ,1968,140,5.00,23000.00
2009.00,140000.00,Diesel,Manual,Second,17.8 ,1248,75,5.00,2490.00
2015.00,130000.00,Diesel,Manual,First,25.2 ,1248,74,5.00,4500.00
2011.00,89401.00,Diesel,Manual,First,21.43 ,1364,87.2,5.00,4500.00
2015.00,67000.00,Diesel,Manual,First,27.3 ,1498,98.6,5.00,6900.00
2010.00,65329.00,Petrol,Automatic,First,7.94 ,4395,450,4.00,20720.00
2010.00,72000.00,Petrol,Manual,First,16.25 ,1198,73.9,5.00,2210.00
2001.00,70000.00,Petrol,Manual,Third,0.0 ,1242,null,5.00,550.00
2011.00,82000.00,Diesel,Automatic,Second,12.35 ,2179,187.74,5.00,13900.00
2010.00,85000.00,Petrol,Manual,First,15.3 ,1596,101,5.00,1460.00
2012.00,83000.00,Diesel,Automatic,First,19.08 ,1582,126.32,5.00,6000.00
2016.00,26000.00,Petrol,Manual,First,21.7 ,999,67,5.00,3000.00
2012.00,27000.00,Diesel,Manual,First,22.3 ,1248,88.8,5.00,3500.00
2018.00,37746.00,Diesel,Manual,First,21.19 ,1396,88.73,5.00,7590.00
2009.00,63274.00,Petrol,Manual,Second,15.0 ,1586,104.68,5.00,1990.00
2016.00,25000.00,Petrol,Manual,First,25.17 ,799,53.3,5.00,3800.00
2013.00,197000.00,Diesel,Manual,First,11.68 ,2498,112,7.00,4000.00
2013.00,45010.00,Petrol,Manual,Second,21.1 ,814,55.2,5.00,2950.00
2013.00,75348.00,Diesel,Manual,First,25.8 ,1498,98.6,5.00,3750.00
2010.00,90110.00,Diesel,Manual,First,22.07 ,1199,73.9,5.00,2500.00
2011.00,102013.00,Petrol,Manual,First,17.0 ,1497,118,5.00,3750.00
2015.00,36000.00,Diesel,Automatic,First,12.55 ,2982,168.5,7.00,22000.00
2017.00,37578.00,Petrol,Manual,First,18.0 ,1198,86.7,5.00,6140.00
2015.00,46001.00,Diesel,Automatic,First,20.58 ,1995,143,5.00,16000.00
2014.00,46559.00,Petrol,Automatic,First,23.1 ,998,67.04,5.00,3750.00
2015.00,48000.00,Diesel,Manual,First,12.99 ,2494,100.6,8.00,11750.00
2013.00,46000.00,Diesel,Automatic,Second,16.36 ,2179,187.7,5.00,24000.00
2017.00,15000.00,Petrol,Manual,First,17.5 ,1199,88.7,5.00,8900.00
2012.00,85000.00,Diesel,Automatic,Third,17.05 ,1995,184,5.00,10000.00
2014.00,32000.00,Petrol,Automatic,First,14.3 ,1598,103.5,5.00,5550.00
2012.00,60818.00,Petrol,Manual,First,16.09 ,1598,103.5,5.00,3590.00
2019.00,35188.00,Diesel,Manual,First,22.77 ,1498,98.59,5.00,11130.00
2012.00,110000.00,Diesel,Manual,First,15.1 ,2179,140,7.00,7200.00
2014.00,61000.00,Diesel,Manual,First,18.6 ,1388,67,5.00,2980.00
2010.00,75000.00,Petrol,Manual,Second,17.92 ,1086,62.1,5.00,1700.00
2015.00,55000.00,Diesel,Automatic,First,12.0 ,2987,224,7.00,52000.00
2003.00,69966.00,Petrol,Manual,First,19.7 ,796,46.3,5.00,950.00
2016.00,42000.00,Petrol,Manual,First,17.8 ,1497,117.3,5.00,9250.00
2014.00,48000.00,Diesel,Automatic,First,13.01 ,2199,194.3,7.00,16250.00
2015.00,35000.00,Diesel,Automatic,First,17.9 ,2143,136,5.00,20990.00
2005.00,128000.00,Diesel,Manual,Second,12.8 ,2494,102,8.00,4250.00
2008.00,78000.00,Diesel,Automatic,Second,16.07 ,1995,181,5.00,7200.00
2011.00,53080.00,Petrol,Manual,First,18.6 ,1197,85.8,5.00,4400.00
2011.00,66000.00,Petrol,Manual,Second,15.04 ,1598,103.6,5.00,4250.00
2012.00,25000.00,Petrol,Manual,First,16.02 ,1373,93.7,7.00,5350.00
2016.00,36139.00,Petrol,Automatic,Second,18.9 ,1197,82,5.00,6300.00
2017.00,44000.00,Diesel,Manual,First,19.67 ,1582,126.2,5.00,12500.00
2008.00,50000.00,Diesel,Automatic,Second,16.77 ,2967,241.38,5.00,7500.00
2016.00,81177.00,Diesel,Manual,First,16.0 ,1997,140,7.00,11250.00
2016.00,26000.00,Petrol,Automatic,First,16.05 ,1499,110.4,5.00,7650.00
2016.00,100000.00,Diesel,Manual,First,24.4 ,1120,71,5.00,4500.00
2014.00,75000.00,Diesel,Automatic,First,21.21 ,1498,103.2,5.00,7500.00
2004.00,119859.00,Petrol,Automatic,First,13.0 ,2987,210,5.00,7100.00
2010.00,55980.00,Petrol,Manual,First,20.36 ,1197,78.9,5.00,2250.00
2015.00,30000.00,Diesel,Automatic,First,17.11 ,1968,174.33,5.00,27000.00
2012.00,49700.00,Diesel,Manual,Second,21.9 ,1396,88.76,5.00,4180.00
2013.00,79000.00,Diesel,Manual,First,23.5 ,1396,88.7,5.00,6500.00
2010.00,65100.00,Petrol,Manual,First,17.0 ,1497,118,5.00,3150.00
2016.00,54161.00,Diesel,Manual,First,25.47 ,1248,88.50,7.00,7640.00
2011.00,28619.00,Petrol,Manual,First,19.7 ,796,46.3,5.00,2400.00
2016.00,9000.00,Petrol,Automatic,First,20.51 ,998,67,5.00,4250.00
2016.00,42876.00,Diesel,Automatic,First,19.08 ,1582,126.2,5.00,9310.00
2011.00,64000.00,Petrol,Manual,First,19.7 ,796,46.3,5.00,2390.00
2018.00,20488.00,Petrol,Manual,Second,16.09 ,1598,103.5,5.00,7640.00
2016.00,21000.00,Petrol,Manual,First,21.4 ,1197,83.1,5.00,6210.00
2012.00,119203.00,Diesel,Automatic,First,0.0 ,2179,115,5.00,16500.00
2011.00,55987.00,Petrol,Automatic,First,13.7 ,1997,153.86,5.00,8220.00
2017.00,72668.00,Diesel,Manual,First,14.24 ,2755,174.5,7.00,28850.00
2015.00,32000.00,Petrol,Automatic,First,15.6 ,1497,116.3,5.00,8500.00
2014.00,3000.00,Petrol,Automatic,Second,12.0 ,5461,421,2.00,90000.00
2015.00,10400.00,Petrol,Manual,First,17.4 ,1497,117.3,5.00,6510.00
2013.00,35000.00,Diesel,Manual,First,22.9 ,1248,74,5.00,4650.00
2013.00,55101.00,Petrol,Automatic,First,14.53 ,1794,138.1,5.00,8400.00
2014.00,57464.00,Diesel,Manual,First,23.59 ,1364,67.06,5.00,5750.00
2006.00,110000.00,Petrol,Manual,First,18.9 ,998,67.1,5.00,1110.00
2017.00,17941.00,Petrol,Manual,First,15.7 ,,,,3930.00
2014.00,72000.00,Petrol,Automatic,First,12.0 ,1991,184,5.00,17250.00
2012.00,16000.00,Diesel,Automatic,First,16.36 ,2179,187.7,5.00,32000.00
2011.00,62020.00,Petrol,Manual,First,17.0 ,1197,80,5.00,3450.00
2014.00,85000.00,Diesel,Automatic,Second,12.39 ,2179,147.51,5.00,23000.00
2018.00,14223.00,Petrol,Manual,First,18.6 ,1197,81.86,5.00,7320.00
2014.00,41210.00,Petrol,Manual,First,18.0 ,1198,86.7,5.00,4400.00
2015.00,20000.00,Diesel,Automatic,First,0.0 ,2987,165,5.00,47350.00
2016.00,18043.00,Petrol,Manual,First,22.74 ,796,47.3,5.00,4120.00
2016.00,80000.00,Diesel,Automatic,First,11.36 ,2755,171.5,7.00,19500.00
2016.00,21000.00,Petrol,Automatic,First,18.9 ,1197,82,5.00,6200.00
2016.00,49000.00,Diesel,Automatic,First,16.55 ,2993,258,5.00,45000.00
1998.00,104000.00,Petrol,Manual,Second,15.0 ,970,null,5.00,850.00
2010.00,95000.00,Petrol,Manual,Second,18.5 ,1197,80,5.00,2800.00
2015.00,32000.00,Petrol,Automatic,First,18.9 ,1197,82,5.00,4800.00
2003.00,80000.00,Petrol,Manual,Second,17.0 ,,,,900.00
2014.00,122800.00,Diesel,Manual,First,25.01 ,1498,89.75,5.00,5650.00
2011.00,78000.00,Diesel,Manual,Second,15.0 ,2148,null,5.00,14500.00
2015.00,69000.00,Diesel,Manual,First,26.59 ,1248,74,5.00,5900.00
2015.00,65000.00,Diesel,Manual,Second,23.59 ,1364,67.04,5.00,5000.00
2015.00,23000.00,Petrol,Manual,First,19.1 ,1197,82,5.00,4900.00
2009.00,70000.00,Petrol,Manual,First,13.5 ,1799,130,5.00,4250.00
2014.00,250000.00,Diesel,Manual,First,12.99 ,2494,100.6,8.00,10900.00
2012.00,56000.00,Petrol,Manual,First,13.2 ,1495,94,5.00,2450.00
2013.00,30000.00,Petrol,Manual,First,22.74 ,796,47.3,5.00,2500.00
2010.00,35000.00,Petrol,Automatic,First,8.1 ,5461,387.3,2.00,29500.00
2013.00,92250.00,Diesel,Manual,Second,22.7 ,1498,89.84,5.00,5750.00
2018.00,40000.00,Petrol,Manual,First,20.14 ,1197,81.86,5.00,5000.00
2014.00,96848.00,Petrol,Automatic,First,14.3 ,1598,103.6,5.00,4620.00
2016.00,42000.00,Diesel,Automatic,First,15.73 ,1968,174.33,5.00,23500.00
2013.00,55886.00,Diesel,Manual,First,16.0 ,2179,140,7.00,7250.00
2019.00,12336.00,Petrol,Manual,First,17.0 ,1591,121.3,5.00,11880.00
2009.00,60000.00,Petrol,Manual,Third,13.9 ,1599,103.2,5.00,2250.00
2003.00,83000.00,Petrol,Manual,Second,14.2 ,1597,92,5.00,850.00
2018.00,24000.00,Petrol,Manual,First,19.69 ,1198,67.04,5.00,4000.00
2016.00,32198.00,Petrol,Automatic,First,16.5 ,1198,86.8,5.00,5100.00
2014.00,92247.00,Diesel,Manual,First,12.99 ,2494,100.6,7.00,12500.00
2011.00,121311.00,Diesel,Manual,First,20.64 ,1498,108.5,5.00,2900.00
2016.00,66296.00,Diesel,Manual,First,16.0 ,2179,140,7.00,15960.00
2015.00,41000.00,Petrol,Automatic,First,16.9 ,1197,82,5.00,5450.00
2017.00,38681.00,Diesel,Manual,First,13.5 ,2198,157.7,7.00,23860.00
2008.00,43761.00,Petrol,Manual,First,18.0 ,995,62,5.00,1750.00
2017.00,17400.00,Diesel,Manual,First,24.52 ,1248,88.5,7.00,9750.00
2013.00,61510.00,Diesel,Manual,First,25.8 ,1498,98.6,5.00,4750.00
2014.00,60000.00,Petrol,Manual,First,17.4 ,1497,117.3,5.00,6250.00
2014.00,35165.00,Diesel,Automatic,Second,23.8 ,1998,112,5.00,22000.00
2016.00,41617.00,Petrol,Automatic,First,14.53 ,1794,138.1,5.00,14140.00
2005.00,45000.00,Petrol,Manual,First,17.0 ,1086,null,5.00,950.00
2014.00,65000.00,Petrol,Automatic,First,13.7 ,1798,157.75,5.00,11950.00
2011.00,68000.00,Petrol,Manual,First,18.9 ,998,67.1,5.00,2500.00
2013.00,49000.00,Petrol,Manual,First,19.81 ,1086,68.05,5.00,2750.00
2019.00,16698.00,Petrol,Manual,First,23.84 ,1199,84,5.00,5850.00
2016.00,30965.00,Petrol,Manual,First,21.4 ,1197,83.1,5.00,6250.00
2014.00,56058.00,Petrol,Manual,First,15.04 ,1598,103.2,5.00,4950.00
2017.00,15356.00,Petrol,Manual,First,18.9 ,1197,81.86,5.00,4750.00
2013.00,54000.00,Diesel,Manual,First,20.0 ,1399,68.05,5.00,2550.00
2011.00,47000.00,Petrol,Automatic,Second,13.9 ,1799,130.3,5.00,4500.00
2015.00,21652.00,Petrol,Manual,First,22.74 ,796,47.3,5.00,3010.00
2016.00,52000.00,Diesel,Automatic,First,15.68 ,1999,177,5.00,42000.00
2010.00,35010.00,Diesel,Automatic,First,12.4 ,2698,179.5,5.00,11500.00
2006.00,76662.00,Diesel,Automatic,First,11.0 ,2987,198.5,5.00,10990.00
2009.00,89000.00,Petrol,Automatic,First,17.0 ,1497,118,5.00,3710.00
2006.00,80000.00,Petrol,Automatic,Third,10.1 ,2354,152,5.00,2000.00
2018.00,39023.00,Diesel,Manual,First,28.09 ,1248,88.5,5.00,9480.00
2004.00,62000.00,Petrol,Manual,Second,18.9 ,998,67.1,5.00,1250.00
2015.00,78046.00,Diesel,Manual,First,19.67 ,1582,126.2,5.00,10900.00
2015.00,34400.00,Diesel,Manual,First,28.09 ,1248,88.5,5.00,5500.00
2016.00,64624.00,Petrol,Manual,First,21.1 ,814,55.2,5.00,3710.00
2014.00,69192.00,Petrol,Manual,First,16.02 ,1373,93.7,7.00,6250.00
2012.00,55000.00,Diesel,Manual,First,20.54 ,1598,103.6,5.00,4900.00
2005.00,81000.00,Petrol,Manual,Second,12.8 ,1493,100,5.00,1100.00
2016.00,36733.00,Petrol,Manual,First,16.47 ,1198,73.9,5.00,4720.00
2017.00,24310.00,CNG,Manual,First,33.44,796,40.3,4.00,3700.00
2016.00,43022.00,Diesel,Automatic,First,17.9 ,2143,136,5.00,24850.00
2013.00,74000.00,Diesel,Manual,First,14.66 ,2199,194.3,7.00,12250.00
2014.00,47000.00,Diesel,Manual,First,22.9 ,1248,74,5.00,3900.00
2017.00,37460.00,Petrol,Manual,First,18.6 ,1197,81.86,5.00,6280.00
2011.00,130000.00,Diesel,Manual,First,14.0 ,2498,112,8.00,2750.00
2017.00,31576.00,Petrol,Manual,First,18.9 ,1197,82,5.00,7850.00
2011.00,66000.00,Petrol,Manual,First,15.04 ,1598,103.6,5.00,2950.00
2008.00,79000.00,Petrol,Automatic,Second,11.7 ,2354,177.6,5.00,4850.00
2011.00,47140.00,Diesel,Automatic,Second,13.5 ,2925,281.61,5.00,30000.00
2016.00,36610.00,Diesel,Automatic,First,15.0 ,2143,107.3,5.00,19900.00
2016.00,93000.00,Diesel,Manual,First,20.5 ,1582,126.2,5.00,10800.00
2007.00,52195.00,Petrol,Manual,First,19.7 ,796,46.3,5.00,1750.00
2016.00,20003.00,Diesel,Automatic,First,20.38 ,1968,143,5.00,19250.00
2013.00,66314.00,Diesel,Manual,First,19.87 ,1461,83.8,5.00,5500.00
2009.00,76000.00,Diesel,Manual,First,17.8 ,1399,68,5.00,2750.00
2015.00,29000.00,Diesel,Manual,First,19.67 ,1582,126.2,5.00,13000.00
2011.00,30000.00,Diesel,Manual,First,20.0 ,1399,68,5.00,3200.00
2013.00,56526.00,Petrol,Manual,First,15.26 ,1598,103.5,5.00,5840.00
2015.00,38000.00,Diesel,Automatic,Second,16.8 ,1969,150,5.00,24000.00
2012.00,41000.00,Diesel,Automatic,First,19.08 ,1582,126.32,5.00,6250.00
2009.00,53000.00,Diesel,Automatic,First,14.49 ,2993,258,5.00,36000.00
2003.00,125000.00,Diesel,Manual,Third,14.8 ,1998,68,5.00,3000.00
2010.00,242000.00,Diesel,Manual,First,11.5 ,2982,171,7.00,11000.00
2015.00,90000.00,Diesel,Manual,First,26.21 ,1248,88.5,5.00,6500.00
2018.00,11000.00,Diesel,Manual,First,24.3 ,1248,88.5,5.00,9400.00
2018.00,21936.00,Diesel,Automatic,First,21.76 ,1995,190,5.00,37920.00
2013.00,41000.00,Petrol,Automatic,First,14.4 ,1598,103.6,5.00,5250.00
2011.00,47000.00,Petrol,Manual,First,17.0 ,1197,80,5.00,4500.00
2009.00,110000.00,Diesel,Automatic,First,11.0 ,2993,235,5.00,18000.00
2015.00,45960.00,Petrol,Manual,First,19.1 ,1197,82,5.00,5560.00
2013.00,48000.00,Diesel,Automatic,First,14.21 ,2143,203,5.00,22000.00
2011.00,68000.00,Diesel,Automatic,First,12.39 ,2179,147.51,5.00,22000.00
2011.00,41000.00,Petrol,Manual,First,20.36 ,1197,78.9,5.00,2650.00
2013.00,69573.00,Diesel,Manual,Second,22.32 ,1582,126.32,5.00,5850.00
2012.00,115000.00,Diesel,Manual,First,19.33 ,1968,138.1,5.00,6950.00
2012.00,47629.00,Diesel,Manual,First,15.1 ,2179,140,7.00,6500.00
2004.00,66624.00,Petrol,Manual,Third,19.7 ,796,35,8.00,850.00
2013.00,80000.00,Petrol,Automatic,Second,14.67 ,1798,177.46,5.00,7250.00
2012.00,94868.00,Diesel,Manual,First,22.9 ,1248,74,5.00,4500.00
2010.00,76477.00,Diesel,Manual,First,10.5 ,2179,120,8.00,4250.00
2016.00,28000.00,Petrol,Automatic,First,13.7 ,1991,183,5.00,26000.00
2017.00,28599.00,Diesel,Manual,First,16.55 ,2498,105,6.00,9660.00
2013.00,45348.00,Diesel,Manual,Second,19.01 ,1461,108.45,5.00,6850.00
2013.00,80127.00,Diesel,Automatic,First,12.8 ,1968,167.6,5.00,23680.00
2013.00,68000.00,Diesel,Automatic,Second,12.39 ,2179,147.51,5.00,15750.00
2012.00,75000.00,Diesel,Manual,Third,20.54 ,1598,103.6,5.00,3500.00
2006.00,48000.00,Petrol,Automatic,Second,11.62 ,2979,306,5.00,6990.00
2019.00,41871.00,Diesel,Manual,First,22.7 ,1582,126.2,5.00,15570.00
2015.00,84931.00,Diesel,Manual,First,15.3 ,2956,83.8,7.00,5290.00
2016.00,15000.00,Petrol,Manual,First,22.7 ,799,53.64,5.00,2250.00
2009.00,110000.00,Diesel,Automatic,First,11.7 ,2993,245,5.00,20000.00
2011.00,5900.00,Petrol,Automatic,First,7.94 ,4395,450,4.00,47500.00
2002.00,103653.00,Petrol,Manual,Second,18.9 ,1061,47,5.00,1220.00
2012.00,64806.00,Petrol,Manual,First,16.47 ,1198,73.9,5.00,3650.00
2016.00,35000.00,Petrol,Manual,First,20.62 ,1198,67,7.00,3100.00
2016.00,40000.00,Petrol,Manual,First,15.29 ,1591,121.3,5.00,11500.00
2015.00,23876.00,Petrol,Manual,First,24.07 ,998,67.1,5.00,3460.00
2013.00,67901.00,Diesel,Manual,First,14.66 ,2199,194.3,7.00,8380.00
2014.00,68865.00,Diesel,Manual,First,15.11 ,1598,103.6,5.00,4800.00
2014.00,71000.00,Diesel,Manual,Second,25.8 ,1498,98.6,5.00,4500.00
2004.00,95000.00,Petrol,Manual,First,15.9 ,1298,null,5.00,800.00
2014.00,25000.00,Diesel,Manual,First,22.9 ,1248,74,5.00,3950.00
2012.00,180000.00,Diesel,Manual,First,20.5 ,1598,103.5,5.00,3650.00
2005.00,131000.00,Diesel,Automatic,First,11.0 ,2987,198.5,5.00,10000.00
2011.00,65000.00,Diesel,Manual,Second,12.05 ,2179,120,8.00,4000.00
2012.00,117777.00,Diesel,Manual,First,21.64 ,1461,84.8,5.00,4750.00
2009.00,65000.00,Petrol,Manual,Second,17.5 ,1298,85.8,5.00,3100.00
2017.00,46897.00,Petrol,Manual,First,21.1 ,814,55.2,5.00,3610.00
2015.00,36695.00,Petrol,Manual,First,19.4 ,1198,86.8,5.00,4290.00
2011.00,43000.00,Petrol,Manual,First,18.06 ,1198,75,5.00,2130.00
2008.00,54000.00,Petrol,Manual,First,19.7 ,796,46.3,5.00,1100.00
2011.00,89000.00,Diesel,Automatic,First,22.69 ,1995,190,5.00,13950.00
2014.00,7000.00,Petrol,Manual,First,16.47 ,1198,74,5.00,5350.00
2014.00,58470.00,Petrol,Manual,First,23.1 ,998,67.04,5.00,3900.00
2014.00,37000.00,Petrol,Manual,First,21.5 ,1197,81.80,5.00,2800.00
2016.00,29000.00,Diesel,Manual,First,26.21 ,1248,88.5,5.00,8750.00
2013.00,52000.00,Diesel,Automatic,First,16.55 ,1968,147.51,5.00,19500.00
2013.00,32807.00,Petrol,Manual,First,19.4 ,1198,86.8,5.00,2750.00
2013.00,86000.00,Diesel,Automatic,First,11.79 ,2179,120,8.00,8000.00
2014.00,66500.00,Diesel,Manual,First,26.0 ,1498,98.6,5.00,5700.00
2012.00,94000.00,Diesel,Automatic,First,17.05 ,1995,184,5.00,12500.00
2011.00,29000.00,Petrol,Manual,Second,18.0 ,995,62,5.00,1750.00
2010.00,107389.00,Diesel,Manual,Second,20.0 ,1399,68,5.00,1900.00
2015.00,36100.00,Petrol,Manual,First,20.4 ,1197,81.80,5.00,4500.00
2015.00,16329.00,Diesel,Automatic,First,19.27 ,2143,170,5.00,30300.00
2014.00,36000.00,Diesel,Automatic,First,19.3 ,1968,141,5.00,16000.00
2017.00,41816.00,Diesel,Automatic,First,18.56 ,1995,190,5.00,32780.00
2015.00,54680.00,Petrol,Manual,First,21.1 ,814,55.2,5.00,2500.00
2017.00,14000.00,Diesel,Automatic,First,18.25 ,1968,187.74,5.00,43000.00
2017.00,23977.00,Petrol,Manual,First,18.16 ,1196,86.8,5.00,5380.00
2013.00,30131.00,Petrol,Manual,First,20.92 ,998,67.1,5.00,2650.00
2017.00,2530.00,Petrol,Manual,First,24.7 ,796,47.3,5.00,3300.00
2015.00,39000.00,Diesel,Automatic,First,19.27 ,2143,167.62,5.00,34000.00
2001.00,140000.00,Petrol,Manual,Third,20.3 ,1086,68,5.00,700.00
2017.00,32257.00,Diesel,Manual,First,24.4 ,1120,71,5.00,6830.00
2016.00,46983.00,Diesel,Manual,First,25.8 ,1498,98.6,5.00,5770.00
2008.00,107000.00,Diesel,Manual,Second,17.8 ,1248,75,5.00,3100.00
2017.00,19000.00,Petrol,Manual,First,16.2 ,1199,74,5.00,4950.00
2013.00,88000.00,Diesel,Automatic,First,17.11 ,1968,174.33,5.00,16250.00
2012.00,84384.00,Diesel,Automatic,First,10.2 ,4367,308,7.00,52540.00
2011.00,128000.00,Diesel,Manual,Third,16.0 ,2179,140,7.00,6400.00
2011.00,71000.00,Diesel,Manual,Third,13.1 ,2499,141,7.00,6950.00
2008.00,50000.00,Diesel,Manual,First,17.2 ,1396,53.5,5.00,850.00
2016.00,16000.00,Petrol,Manual,First,21.4 ,1197,83.1,5.00,6950.00
2017.00,82000.00,Diesel,Manual,First,24.4 ,1120,71,5.00,3450.00
2008.00,80000.00,Petrol,Manual,First,13.5 ,1799,130,5.00,2750.00
2015.00,36000.00,Petrol,Manual,Second,18.6 ,1197,81.83,5.00,4950.00
2018.00,17477.00,Petrol,Manual,First,17.0 ,1198,108.5,5.00,9620.00
2016.00,16725.00,Petrol,Manual,First,18.6 ,1197,81.83,5.00,6790.00
2014.00,48241.00,Petrol,Manual,First,19.1 ,1197,85.8,5.00,4500.00
2014.00,52431.00,Petrol,Manual,First,22.5 ,998,67.04,5.00,3010.00
2012.00,68000.00,Diesel,Manual,First,21.9 ,1396,88.76,5.00,4400.00
2012.00,158000.00,Diesel,Automatic,First,12.55 ,2982,168.5,7.00,17490.00
2014.00,31446.00,Petrol,Manual,First,20.36 ,1197,78.9,5.00,4660.00
2015.00,25000.00,Petrol,Manual,First,18.9 ,1197,82,5.00,5500.00
2016.00,57000.00,Petrol,Manual,First,18.6 ,1197,81.83,5.00,6000.00
2007.00,76000.00,Petrol,Automatic,First,17.0 ,1086,null,5.00,2400.00
2018.00,57078.00,Diesel,Manual,First,24.3 ,1248,88.5,5.00,10190.00
2016.00,47471.00,Diesel,Manual,First,25.8 ,1498,98.6,5.00,5250.00
2014.00,50000.00,Diesel,Automatic,First,15.26 ,2143,203.2,5.00,45000.00
2010.00,62000.00,Diesel,Manual,First,23.0 ,1396,90,5.00,2700.00
2013.00,65807.00,Petrol,Manual,First,19.81 ,1086,68.05,5.00,3390.00
2014.00,81768.00,Diesel,Manual,First,26.59 ,1248,74,5.00,5690.00
2018.00,9952.00,Petrol,Automatic,First,10.37 ,2979,306,2.00,58540.00
2017.00,24000.00,Diesel,Manual,First,27.39 ,1248,74,5.00,8400.00
2012.00,72921.00,Diesel,Manual,First,25.44 ,936,57.6,5.00,2500.00
2012.00,59000.00,Petrol,Manual,First,19.4 ,1198,86.8,5.00,3250.00
2014.00,33000.00,Diesel,Manual,Second,20.0 ,1399,68.05,5.00,3250.00
2016.00,36789.00,Petrol,Automatic,First,23.1 ,998,67.04,5.00,4250.00
2014.00,41000.00,Diesel,Automatic,First,14.84 ,2143,170,5.00,18500.00
2007.00,71000.00,Petrol,Automatic,First,17.0 ,1086,null,5.00,2400.00
2015.00,46650.00,Petrol,Manual,First,19.4 ,1198,86.8,5.00,4250.00
2018.00,3000.00,Petrol,Automatic,First,21.4 ,1197,83.1,5.00,8850.00
2014.00,14799.00,Petrol,Manual,First,21.1 ,814,55.2,5.00,4140.00
2011.00,44000.00,Electric,Automatic,First,,1798,73,5.00,12750.00
2015.00,68525.00,Diesel,Manual,First,23.0 ,1396,90,5.00,7000.00
2018.00,15000.00,Diesel,Automatic,First,10.91 ,3198,197,7.00,33000.00
2017.00,29000.00,Petrol,Manual,First,17.4 ,1497,117.3,5.00,10000.00
2012.00,77407.00,Diesel,Manual,Second,21.5 ,1248,88.8,5.00,3530.00
2007.00,118000.00,Petrol,Manual,First,12.9 ,1598,102.5,5.00,1350.00
2013.00,75000.00,Diesel,Manual,First,20.54 ,1598,103.6,5.00,4500.00
2012.00,69000.00,Petrol,Manual,First,16.8 ,1497,116.3,5.00,4900.00
2016.00,52553.00,Diesel,Manual,First,19.67 ,1582,126.2,5.00,12260.00
2014.00,58000.00,Diesel,Manual,Second,24.4 ,1120,71,5.00,3990.00
2017.00,24000.00,Diesel,Automatic,First,17.9 ,2143,170,5.00,46950.00
2015.00,65542.00,Diesel,Manual,First,20.0 ,1399,68,5.00,3800.00
2013.00,68008.00,Diesel,Manual,Second,15.0 ,1896,105,5.00,6750.00
2017.00,22251.00,Diesel,Manual,First,18.49 ,1493,100,7.00,8750.00
2013.00,55000.00,Petrol,Manual,Second,15.8 ,1499,110,5.00,5200.00
2017.00,19387.00,Petrol,Manual,First,17.1 ,1591,121.3,5.00,8420.00
2014.00,58000.00,CNG,Manual,First,26.6,998,58.16,5.00,3000.00
2016.00,24001.00,Petrol,Manual,First,18.6 ,1197,81.83,5.00,5750.00
2008.00,17000.00,Diesel,Automatic,First,15.2 ,1968,140.8,5.00,9750.00
2015.00,28500.00,Petrol,Manual,First,19.49 ,1198,67.04,5.00,3500.00
2014.00,66000.00,Diesel,Automatic,First,15.26 ,2143,203.2,5.00,30000.00
2017.00,22000.00,Diesel,Automatic,First,12.83 ,2179,147.5,5.00,35000.00
2018.00,44383.00,Petrol,Manual,First,15.8 ,1591,121.3,5.00,13250.00
2013.00,45000.00,Diesel,Manual,First,20.5 ,1598,103.5,5.00,3650.00
2015.00,58000.00,Diesel,Manual,First,23.4 ,1248,74,5.00,5250.00
2016.00,69000.00,Petrol,Manual,First,15.8 ,1591,121.3,5.00,9700.00
2017.00,60993.00,Diesel,Manual,First,24.0 ,1120,70,5.00,5210.00
2016.00,67000.00,Diesel,Manual,First,18.49 ,1493,100,7.00,6300.00
2014.00,51134.00,Diesel,Manual,First,24.0 ,1120,70,5.00,4720.00
2011.00,55000.00,Diesel,Automatic,Second,11.7 ,2993,245,5.00,28000.00
2018.00,25082.00,Diesel,Automatic,First,28.4 ,1248,73.75,5.00,8370.00
2012.00,68350.00,Diesel,Manual,First,12.55 ,2982,168.5,7.00,14000.00
2015.00,50000.00,Diesel,Automatic,First,17.68 ,1968,174.33,5.00,36000.00
2015.00,97000.00,Diesel,Manual,First,27.3 ,1498,98.6,5.00,6400.00
2015.00,56238.00,Diesel,Automatic,First,11.33 ,4134,335.2,7.00,51690.00
2014.00,72618.00,Diesel,Manual,First,12.05 ,2179,120,7.00,8000.00
2012.00,62005.00,Diesel,Manual,First,18.3 ,1991,147.9,5.00,9800.00
2012.00,61250.00,Diesel,Manual,First,25.44 ,936,57.6,5.00,2700.00
2014.00,28469.00,Diesel,Automatic,First,18.25 ,1968,187.74,5.00,24370.00
2018.00,21488.00,Petrol,Automatic,First,14.3 ,1598,103.52,5.00,9720.00
2014.00,197000.00,Diesel,Manual,First,23.4 ,1248,74,5.00,5000.00
2009.00,138205.00,Diesel,Manual,Second,11.5 ,2982,171,7.00,10500.00
2012.00,160000.00,Diesel,Manual,Second,22.9 ,1248,74,5.00,3900.00
2012.00,67590.00,Petrol,Manual,First,17.0 ,1497,118,5.00,5650.00
2012.00,52000.00,Diesel,Automatic,First,15.26 ,2143,203.2,5.00,29950.00
2008.00,100000.00,Diesel,Manual,Second,17.8 ,1248,75,5.00,3000.00
2017.00,60048.00,Diesel,Manual,First,26.1 ,1498,99,5.00,6000.00
2009.00,48000.00,Petrol,Manual,First,20.36 ,1197,78.9,5.00,2110.00
2010.00,47000.00,Petrol,Manual,First,14.6 ,,,,1490.00
2011.00,100000.00,Petrol,Manual,First,19.7 ,796,46.3,5.00,1500.00
2013.00,62601.00,Diesel,Manual,First,23.59 ,1364,null,5.00,4670.00
2006.00,80010.00,Petrol,Manual,Second,20.4 ,1197,81.80,5.00,2850.00
2017.00,26493.00,Diesel,Automatic,First,19.27 ,2143,170,5.00,33640.00
2011.00,96000.00,Diesel,Manual,Second,17.88 ,1396,52.8,5.00,910.00
2014.00,45700.00,Petrol,Manual,Second,22.74 ,796,47.3,5.00,2420.00
2005.00,13000.00,Petrol,Automatic,First,9.3 ,2771,193.1,5.00,3250.00
2013.00,38000.00,Petrol,Manual,First,16.47 ,1198,73.9,5.00,2800.00
2019.00,8018.00,Petrol,Automatic,First,22.0 ,1197,81.80,5.00,8300.00
2010.00,144400.00,Diesel,Manual,Third,12.05 ,2179,120,8.00,5250.00
2010.00,152000.00,Diesel,Manual,First,17.8 ,1248,75,5.00,2900.00
2013.00,71000.00,Diesel,Automatic,First,18.88 ,1995,184,5.00,15000.00
2012.00,80000.00,Petrol,Manual,Second,25.4 ,624,37.5,4.00,530.00
2014.00,87143.00,Diesel,Manual,First,12.99 ,2494,100,8.00,12500.00
2012.00,25000.00,Petrol,Manual,First,18.4 ,1198,86.8,5.00,2750.00
2018.00,2000.00,Petrol,Automatic,First,23.84 ,1199,83.83,5.00,5000.00
2014.00,45239.00,Diesel,Manual,First,12.05 ,2179,120,8.00,7090.00
2011.00,101999.00,Diesel,Automatic,First,16.73 ,1995,218,5.00,19990.00
2014.00,74219.00,Diesel,Manual,First,21.43 ,1364,87.2,5.00,10750.00
2016.00,25000.00,Petrol,Automatic,First,18.0 ,1497,117.3,5.00,9450.00
2008.00,109606.00,Diesel,Manual,First,22.0 ,1582,126.2,5.00,2900.00
2015.00,36000.00,Diesel,Manual,First,26.59 ,1248,74,5.00,4700.00
2016.00,41810.00,Petrol,Manual,First,20.73 ,1373,91.1,5.00,7110.00
2014.00,93321.00,Diesel,Manual,First,22.7 ,1498,89.84,5.00,6250.00
2011.00,81000.00,Petrol,Manual,First,20.92 ,998,67.1,5.00,2200.00
2019.00,25717.00,Petrol,Automatic,First,19.0 ,1199,88.76,5.00,8860.00
2015.00,37000.00,Diesel,Manual,First,15.1 ,2179,140,7.00,9300.00
2017.00,56380.00,Diesel,Manual,First,18.49 ,1493,100,7.00,7570.00
2017.00,8000.00,Petrol,Manual,First,18.2 ,1199,88.7,5.00,7900.00
2018.00,14589.00,Petrol,Manual,First,16.1 ,1298,88.2,5.00,5650.00
2013.00,65088.00,Petrol,Manual,First,16.47 ,1198,73.9,5.00,3250.00
2019.00,24864.00,Diesel,Manual,First,20.5 ,1582,126.2,5.00,16270.00
2011.00,64831.00,Petrol,Manual,First,18.6 ,1199,79.4,5.00,3210.00
2013.00,38001.00,Diesel,Manual,First,25.8 ,1498,98.6,5.00,3900.00
2008.00,77000.00,Petrol,Automatic,Second,10.0 ,2496,157.7,5.00,6500.00
2016.00,27000.00,Diesel,Automatic,First,18.59 ,2993,265,5.00,48000.00
2016.00,39000.00,Diesel,Automatic,First,20.38 ,1968,143,5.00,18900.00
2015.00,131000.00,Diesel,Manual,First,26.59 ,1248,74,5.00,3600.00
2015.00,43000.00,Diesel,Manual,First,26.59 ,1248,74,5.00,5500.00
2011.00,68000.00,Diesel,Manual,Second,12.8 ,2494,102,7.00,7000.00
2016.00,45165.00,Diesel,Automatic,First,16.09 ,1995,184,5.00,41750.00
2007.00,120000.00,Diesel,Automatic,First,16.73 ,1995,218,5.00,10500.00
2014.00,86091.00,Diesel,Manual,First,15.1 ,2179,140,7.00,10090.00
2009.00,71499.00,Petrol,Manual,First,17.0 ,1497,118,5.00,3000.00
2014.00,50000.00,Diesel,Manual,First,17.0 ,2200,139.01,7.00,12000.00
2015.00,66000.00,Diesel,Manual,First,20.14 ,1498,88,5.00,4910.00
2010.00,45000.00,Petrol,Manual,First,16.0 ,1198,90,5.00,2000.00
2015.00,69189.00,Diesel,Manual,First,23.59 ,1364,67.06,5.00,5300.00
2014.00,40206.00,Diesel,Manual,First,19.01 ,1461,108.5,5.00,7220.00
2017.00,36723.00,Diesel,Automatic,First,18.56 ,1995,190,5.00,32570.00
2010.00,57500.00,Petrol,Manual,First,18.5 ,1197,80,5.00,2750.00
2018.00,43912.00,CNG,Manual,First,15.1,1196,73,5.00,4330.00
2011.00,52000.00,Diesel,Manual,First,17.8 ,1399,68,5.00,3750.00
2014.00,60952.00,Petrol,Automatic,First,16.8 ,1497,118,5.00,5910.00
2013.00,87192.00,Diesel,Manual,First,25.2 ,1248,74,5.00,4350.00
2014.00,58000.00,Diesel,Manual,First,24.0 ,1120,70,5.00,3250.00
2017.00,59500.00,Diesel,Automatic,First,14.75 ,2967,245,7.00,68000.00
2016.00,16650.00,Petrol,Manual,First,17.0 ,1198,74,5.00,5500.00
2018.00,34696.00,Petrol,Automatic,First,18.0 ,1497,117.3,5.00,12080.00
2018.00,42243.00,Diesel,Manual,First,27.39 ,1248,74,5.00,7480.00
2016.00,57824.00,Diesel,Manual,First,24.0 ,1120,70,5.00,5500.00
2011.00,110000.00,Diesel,Manual,First,19.3 ,1248,73.9,5.00,3500.00
2006.00,63000.00,Petrol,Manual,First,16.1 ,,,,1600.00
2013.00,72000.00,Diesel,Automatic,First,0.0 ,2179,115,5.00,15500.00
2013.00,63455.00,Diesel,Manual,First,11.5 ,2982,171,7.00,19000.00
2017.00,17151.00,Diesel,Manual,First,27.3 ,1498,98.6,5.00,8400.00
2016.00,31001.00,Diesel,Manual,First,24.3 ,1248,88.5,5.00,7250.00
2014.00,42109.00,Diesel,Manual,First,23.4 ,1248,74,5.00,4250.00
2015.00,55000.00,Diesel,Automatic,Second,21.66 ,1498,103.52,5.00,5700.00
2013.00,46000.00,Diesel,Automatic,Second,0.0 ,2179,115,5.00,26000.00
2013.00,30852.00,Petrol,Manual,First,22.74 ,796,47.3,5.00,2490.00
2011.00,65000.00,Petrol,Manual,Second,16.47 ,1198,73.9,5.00,3000.00
2015.00,65000.00,Diesel,Manual,First,26.0 ,1498,98.6,5.00,5950.00
2013.00,72000.00,Diesel,Manual,First,23.4 ,1248,74,5.00,2690.00
2014.00,29000.00,Diesel,Automatic,First,17.11 ,1968,174.33,5.00,26000.00
2015.00,32000.00,Petrol,Manual,First,17.8 ,1497,117.3,5.00,5500.00
2016.00,29875.00,Petrol,Manual,First,18.16 ,1196,86.8,5.00,4850.00
2018.00,32539.00,Diesel,Manual,First,24.3 ,1248,88.5,5.00,8390.00
2015.00,83090.00,Diesel,Manual,First,19.01 ,1461,108.45,5.00,7990.00
2016.00,62679.00,Diesel,Manual,First,21.19 ,1396,88.73,5.00,6950.00
2010.00,93000.00,Petrol,Manual,First,15.7 ,1390,75,5.00,1500.00
2006.00,44000.00,Petrol,Manual,First,17.7 ,1497,78,5.00,1550.00
2010.00,78400.00,Petrol,Manual,Second,15.6 ,1196,70,5.00,2750.00
2014.00,71300.00,Petrol,Manual,First,13.06 ,1598,102.53,5.00,4250.00
2015.00,18000.00,Petrol,Manual,First,20.36 ,1197,78.9,5.00,2850.00
2019.00,24013.00,Diesel,Automatic,First,12.81 ,1999,148.31,7.00,56140.00
2009.00,99100.00,Petrol,Automatic,Second,9.74 ,1984,208,5.00,10000.00
2003.00,62000.00,Petrol,Manual,Second,11.3 ,1298,83.1,8.00,1250.00
2017.00,14000.00,Diesel,Manual,First,26.59 ,1248,74,5.00,7500.00
2015.00,44811.00,Diesel,Automatic,First,17.11 ,1968,174.33,5.00,25810.00
2014.00,44000.00,Petrol,Manual,First,16.47 ,1198,74,5.00,4300.00
2010.00,136000.00,Diesel,Manual,Second,11.5 ,2982,171,7.00,11000.00
2010.00,144113.00,Diesel,Manual,Second,11.5 ,2982,171,7.00,11750.00
2012.00,94989.00,Petrol,Manual,First,12.8 ,2354,177.6,5.00,6580.00
2012.00,58133.00,Diesel,Manual,First,22.9 ,1248,74,5.00,4800.00
2008.00,61000.00,Petrol,Manual,Second,17.5 ,1198,70,5.00,1650.00
2017.00,27000.00,Diesel,Manual,First,17.1 ,1956,170,5.00,15000.00
2014.00,18050.00,Petrol,Manual,Second,25.4 ,624,37.5,4.00,1000.00
2007.00,145277.00,Petrol,Manual,First,15.3 ,1596,101,5.00,1650.00
2015.00,42000.00,Diesel,Manual,First,27.62 ,793,47,5.00,3600.00
2011.00,86000.00,Diesel,Manual,First,11.5 ,2982,171,7.00,11500.00
2015.00,42150.00,Diesel,Manual,First,27.62 ,793,47,5.00,3600.00
2015.00,30158.00,Petrol,Manual,First,21.1 ,814,55.2,5.00,3050.00
2011.00,47000.00,Diesel,Manual,Second,23.5 ,1498,90,5.00,6000.00
2013.00,39000.00,Petrol,Manual,First,16.47 ,1198,74,5.00,3750.00
2016.00,32125.00,Petrol,Manual,First,16.2 ,1199,74,5.00,6170.00
2017.00,58829.00,Diesel,Manual,First,24.3 ,1248,88.5,5.00,9050.00
2013.00,67559.00,Petrol,Manual,First,19.4 ,1198,86.8,5.00,4050.00
2013.00,55000.00,Petrol,Manual,First,17.5 ,1298,85.8,5.00,4250.00
2018.00,30000.00,Petrol,Manual,First,23.1 ,998,67.04,5.00,3750.00
2016.00,28000.00,Petrol,Automatic,First,13.0 ,1591,121.3,5.00,11850.00
2016.00,31826.00,Diesel,Manual,First,22.7 ,1498,89.84,5.00,8240.00
2016.00,64000.00,Diesel,Manual,First,17.8 ,1248,null,5.00,5990.00
2008.00,100009.00,Petrol,Manual,Second,13.1 ,1997,141.1,5.00,6500.00
2019.00,17201.00,Diesel,Automatic,First,12.51 ,2179,187.7,7.00,58910.00
2014.00,74345.00,Diesel,Manual,First,15.1 ,2179,140,7.00,8000.00
2015.00,58134.00,Petrol,Manual,First,16.47 ,1198,74,5.00,4640.00
2010.00,30566.00,Petrol,Automatic,First,19.2 ,1197,80,5.00,3320.00
2012.00,55231.00,Petrol,Manual,Second,20.36 ,1197,78.9,5.00,2780.00
2016.00,67774.00,Diesel,Automatic,First,14.81 ,1998,163.7,5.00,8950.00
2013.00,50319.00,Petrol,Automatic,First,12.0 ,1991,181.03,5.00,21950.00
2013.00,45000.00,Petrol,Manual,First,11.7 ,2359,134,5.00,7900.00
2007.00,43627.00,Petrol,Automatic,First,11.74 ,1796,186,5.00,29000.00
2013.00,45000.00,Diesel,Manual,First,22.07 ,1199,73.9,5.00,3250.00
2014.00,10500.00,Petrol,Manual,First,17.4 ,1497,117.3,5.00,5900.00
2017.00,21789.00,Diesel,Manual,First,24.3 ,1248,88.5,5.00,9880.00
2019.00,21134.00,Petrol,Manual,First,18.6 ,1197,81.86,5.00,8780.00
2011.00,90000.00,Diesel,Manual,Second,13.93 ,2179,138.1,7.00,2750.00
2014.00,51553.00,Diesel,Manual,First,21.64 ,1461,84.8,5.00,5980.00
2011.00,31000.00,Petrol,Automatic,First,10.9 ,2497,215,5.00,31000.00
2011.00,67422.00,Petrol,Manual,Second,14.53 ,1798,138,5.00,3550.00
2015.00,60519.00,Diesel,Manual,First,22.32 ,1582,126.32,5.00,6240.00
2009.00,34000.00,Diesel,Manual,First,19.3 ,1248,73.9,5.00,2190.00
2013.00,68434.00,Diesel,Manual,First,28.4 ,1248,73.75,5.00,5500.00
2014.00,17000.00,Petrol,Manual,First,24.07 ,998,67.1,5.00,2100.00
2011.00,43686.00,Petrol,Automatic,First,10.5 ,5000,503,4.00,50660.00
2012.00,22000.00,Diesel,Automatic,First,14.84 ,2143,170,5.00,14000.00
2013.00,79225.00,Diesel,Manual,First,22.0 ,1582,126.2,5.00,5500.00
2007.00,63000.00,Petrol,Manual,Third,14.2 ,1598,102,5.00,1200.00
2014.00,61922.00,Petrol,Manual,First,20.4 ,1197,81.80,5.00,5300.00
2015.00,85000.00,Diesel,Manual,First,23.9 ,1582,126.2,5.00,6300.00
2017.00,26192.00,Diesel,Automatic,First,17.9 ,2143,168,5.00,40470.00
2013.00,65000.00,Diesel,Manual,First,13.0 ,2982,168.5,7.00,16100.00
2014.00,44999.00,Diesel,Automatic,First,12.8 ,1968,167.6,5.00,25000.00
2008.00,81308.00,Diesel,Automatic,Second,13.2 ,1995,170,5.00,7950.00
2016.00,35000.00,Petrol,Manual,First,24.7 ,796,47.3,5.00,2650.00
2012.00,65349.00,Petrol,Manual,First,20.92 ,998,67.1,5.00,2810.00
2012.00,80000.00,Petrol,Automatic,First,15.64 ,1798,167.62,5.00,17500.00
2012.00,61000.00,Petrol,Manual,First,16.1 ,1197,85,5.00,3300.00
2019.00,31817.00,Petrol,Manual,First,22.5 ,998,67.04,5.00,5340.00
2016.00,41000.00,Diesel,Manual,First,21.14 ,1498,103.52,5.00,8500.00
2010.00,82606.00,Petrol,Manual,Second,16.0 ,1198,90,5.00,2690.00
2015.00,52000.00,Diesel,Manual,First,16.0 ,2179,140,7.00,11500.00
2011.00,50318.00,Petrol,Manual,First,18.5 ,1197,85.80,5.00,4060.00
2016.00,50000.00,Diesel,Automatic,First,17.9 ,2143,201.15,5.00,49000.00
2012.00,72000.00,Diesel,Manual,First,20.5 ,1598,103.5,5.00,4600.00
2015.00,63776.00,Diesel,Manual,First,24.0 ,1120,70,5.00,3960.00
2015.00,28133.00,Petrol,Manual,First,18.6 ,1197,81.86,5.00,5600.00
2017.00,45000.00,Diesel,Manual,First,22.95 ,1248,74,5.00,3750.00
2015.00,55697.00,Diesel,Manual,First,22.54 ,1396,88.73,5.00,5500.00
2012.00,62000.00,Diesel,Manual,Second,20.5 ,1598,103.5,5.00,3000.00
2011.00,48000.00,Petrol,Manual,First,16.0 ,1368,90,5.00,3000.00
2010.00,90246.00,Petrol,Manual,First,16.1 ,1298,88.2,5.00,2950.00
2015.00,80500.00,Diesel,Manual,First,25.0 ,1396,69,5.00,2450.00
2012.00,119000.00,Diesel,Automatic,First,14.84 ,2143,170,5.00,13990.00
2016.00,28541.00,Diesel,Automatic,First,11.57 ,2987,254.79,5.00,60750.00
2008.00,45500.00,Petrol,Manual,Second,0.0 ,1086,null,5.00,1170.00
2012.00,41000.00,Petrol,Manual,Second,16.8 ,1497,116.3,5.00,4500.00
2010.00,58000.00,Petrol,Manual,Second,18.5 ,1197,80,5.00,2500.00
2015.00,99000.00,Diesel,Manual,First,13.0 ,2982,168.5,7.00,20500.00
2014.00,31200.00,Petrol,Manual,First,18.9 ,1197,82,5.00,3900.00
2009.00,85000.00,Diesel,Manual,Second,15.0 ,1896,105,5.00,3500.00
2016.00,60924.00,Petrol,Automatic,First,15.63 ,1499,110.4,5.00,8300.00
2012.00,45000.00,Petrol,Manual,First,21.1 ,814,55.2,5.00,2500.00
2011.00,44000.00,Petrol,Automatic,First,19.15 ,1198,75.94,5.00,2650.00
2016.00,30534.00,Petrol,Automatic,First,19.0 ,1199,88.7,5.00,7420.00
2016.00,46399.00,Petrol,Manual,First,16.47 ,1198,74,5.00,4630.00
2008.00,42000.00,Petrol,Manual,First,19.7 ,796,46.3,5.00,1090.00
2011.00,67000.00,Diesel,Manual,First,22.32 ,1582,126.32,5.00,3800.00
2013.00,58000.00,Diesel,Automatic,First,10.0 ,2148,170,5.00,15750.00
2015.00,27000.00,Petrol,Manual,First,17.57 ,1193,88.7,5.00,5270.00
2012.00,39566.00,Petrol,Manual,Second,18.4 ,1198,86.8,5.00,2750.00
2016.00,14980.00,Diesel,Manual,First,27.3 ,1498,98.6,5.00,7400.00
2017.00,18491.00,Petrol,Automatic,First,24.07 ,998,67.1,5.00,3900.00
2000.00,90000.00,Petrol,Manual,Second,17.3 ,993,60,5.00,700.00
2015.00,118211.00,Diesel,Manual,First,22.54 ,1396,88.73,5.00,5900.00
2016.00,63316.00,Diesel,Manual,First,22.7 ,1598,118,5.00,9580.00
2014.00,42000.00,Diesel,Automatic,First,14.21 ,2143,203,5.00,24950.00
2015.00,25648.00,Petrol,Manual,First,13.7 ,1399,98.82,7.00,4290.00
2011.00,67612.00,Diesel,Automatic,Second,14.21 ,2143,203,5.00,11500.00
2016.00,33000.00,Diesel,Manual,First,16.0 ,2179,140,7.00,9650.00
2015.00,20000.00,Petrol,Manual,First,20.36 ,1197,78.9,5.00,3750.00
2007.00,143000.00,Petrol,Manual,Second,14.2 ,1341,82.9,5.00,1100.00
2014.00,118218.00,Diesel,Automatic,First,12.07 ,2967,241.4,7.00,31410.00
2012.00,99000.00,Diesel,Manual,Third,12.05 ,2179,120,8.00,6000.00
2016.00,22700.00,Petrol,Manual,First,18.7 ,1199,88.7,5.00,5550.00
2017.00,28000.00,Diesel,Manual,First,14.0 ,2179,138.1,7.00,10910.00
2014.00,62000.00,Diesel,Manual,First,15.1 ,2179,140,7.00,7250.00
2012.00,107023.00,Diesel,Manual,First,22.07 ,1199,73.9,5.00,3900.00
2012.00,71082.00,Diesel,Manual,First,19.3 ,1248,73.9,5.00,3950.00
2013.00,60000.00,Diesel,Automatic,First,15.73 ,1968,174.33,5.00,22000.00
2014.00,21701.00,Petrol,Manual,First,23.1 ,998,67.04,5.00,3380.00
2011.00,56000.00,Petrol,Manual,First,16.8 ,1497,116.3,5.00,3450.00
2016.00,32450.00,Petrol,Manual,First,18.6 ,1197,81.83,5.00,5750.00
2016.00,12500.00,Petrol,Manual,First,25.17 ,799,53.3,5.00,2750.00
2019.00,20483.00,Diesel,Automatic,First,17.9 ,2143,136,5.00,30300.00
2014.00,45800.00,Diesel,Manual,First,22.7 ,1498,89.84,5.00,7500.00
2015.00,35441.00,Petrol,Manual,First,18.6 ,1197,81.83,5.00,6870.00
2015.00,86398.00,Diesel,Manual,First,12.99 ,2494,100.6,7.00,15200.00
2012.00,150000.00,Diesel,Manual,First,21.64 ,1461,84.8,5.00,3500.00
2014.00,89000.00,Diesel,Manual,First,25.2 ,1248,74,5.00,5850.00
2010.00,68375.00,Petrol,Manual,First,19.0 ,998,66.1,5.00,2500.00
2013.00,52000.00,Petrol,Manual,First,18.6 ,1197,85.8,5.00,3950.00
2017.00,39000.00,Diesel,Automatic,First,17.9 ,2143,136,5.00,27000.00
2014.00,68000.00,Petrol,Manual,Second,16.02 ,1373,93.7,7.00,6750.00
2007.00,71000.00,Petrol,Manual,Second,18.9 ,998,67.1,5.00,1500.00
2012.00,72003.00,Diesel,Manual,First,22.07 ,1199,73.9,5.00,3900.00
2014.00,135670.00,Diesel,Manual,First,22.7 ,1498,89.84,5.00,6550.00
2017.00,65850.00,Diesel,Manual,First,25.1 ,1498,98.6,5.00,9440.00
2015.00,53920.00,Petrol,Manual,First,14.28 ,1798,138.03,5.00,10770.00
2014.00,58000.00,Diesel,Manual,First,15.1 ,2179,140,7.00,7500.00
2016.00,4000.00,Petrol,Manual,First,24.7 ,796,47.3,5.00,3000.00
2010.00,58000.00,Diesel,Automatic,First,18.59 ,2993,265,5.00,11750.00
2016.00,29832.00,Petrol,Manual,First,21.1 ,814,55.2,5.00,3290.00
2016.00,71156.00,Diesel,Manual,First,26.59 ,1248,74,5.00,6500.00
2015.00,64687.00,CNG,Manual,First,31.79,998,58.33,5.00,3800.00
2011.00,54000.00,Diesel,Automatic,First,16.55 ,1968,147.51,5.00,18000.00
2009.00,75000.00,Petrol,Automatic,Second,13.7 ,1798,157.75,5.00,4950.00
2015.00,39208.00,Petrol,Manual,First,17.57 ,1193,88.7,5.00,4520.00
2014.00,41000.00,Diesel,Manual,First,17.0 ,2149,139.07,7.00,8000.00
2013.00,38622.00,Petrol,Manual,First,17.4 ,1497,117.3,5.00,6260.00
2016.00,18000.00,Petrol,Manual,First,16.95 ,1498,97.7,5.00,7500.00
2012.00,52000.00,Petrol,Manual,First,16.1 ,,,,3650.00
2011.00,45000.00,Petrol,Automatic,First,14.4 ,1598,103.6,5.00,3350.00
2014.00,48656.00,Petrol,Automatic,First,15.74 ,1591,121.3,5.00,5500.00
2012.00,79000.00,Diesel,Automatic,First,22.0 ,1582,126.2,5.00,5250.00
2012.00,88000.00,Diesel,Automatic,First,16.55 ,1968,140,5.00,16250.00
2009.00,92000.00,Petrol,Manual,First,15.5 ,1586,103.3,5.00,2700.00
2019.00,9000.00,Diesel,Automatic,First,12.62 ,2198,158,7.00,32900.00
2008.00,50121.00,Petrol,Manual,First,20.4 ,1197,83.11,5.00,3410.00
2014.00,79000.00,Diesel,Manual,First,24.0 ,1120,70,5.00,4150.00
2014.00,46000.00,Diesel,Manual,Second,20.14 ,1498,88.8,5.00,5900.00
2012.00,100000.00,Petrol,Automatic,First,10.0 ,2496,157.7,5.00,11500.00
2015.00,41000.00,Petrol,Manual,First,18.6 ,1197,81.83,5.00,4750.00
2015.00,25000.00,Petrol,Automatic,First,24.07 ,998,67.1,5.00,3500.00
2014.00,71899.00,Diesel,Manual,First,20.77 ,1248,88.76,7.00,7250.00
2016.00,7100.00,Petrol,Automatic,First,23.1 ,998,67.04,5.00,4350.00
2018.00,38171.00,Petrol,Automatic,Second,22.5 ,999,67,5.00,4990.00
2013.00,70359.00,Diesel,Manual,First,12.05 ,2179,120,8.00,7650.00
2011.00,200000.00,Diesel,Manual,First,12.8 ,2494,102,7.00,9000.00
2017.00,26969.00,Diesel,Manual,First,22.07 ,1199,73.9,5.00,6900.00
2011.00,56500.00,Diesel,Manual,First,20.0 ,1399,68,5.00,2900.00
2014.00,40000.00,Diesel,Manual,First,20.45 ,1461,83.8,5.00,5750.00
2014.00,41000.00,Diesel,Manual,First,17.0 ,2200,139.01,7.00,8000.00
2017.00,53105.00,Petrol,Automatic,First,22.5 ,999,67,5.00,4410.00
2013.00,23000.00,Diesel,Manual,First,21.14 ,1498,103.52,5.00,4950.00
2016.00,80999.00,Diesel,Automatic,First,16.0 ,2179,140,7.00,14400.00
2012.00,82000.00,Diesel,Manual,First,20.0 ,1399,68.05,5.00,2950.00
2017.00,68557.00,Diesel,Manual,First,15.96 ,2523,62.1,7.00,8140.00
2016.00,34000.00,Diesel,Manual,First,20.64 ,1498,108.5,5.00,8450.00
2015.00,77000.00,Diesel,Manual,First,12.99 ,2494,100,8.00,12500.00
2012.00,48000.00,Diesel,Manual,First,15.1 ,2179,140,7.00,6500.00
2015.00,28232.00,Petrol,Manual,Second,15.8 ,1499,110,5.00,7720.00
2011.00,110000.00,Diesel,Automatic,First,16.96 ,1968,138.1,5.00,8000.00
2009.00,120000.00,Diesel,Manual,Second,13.93 ,2179,138,7.00,3000.00
2013.00,49000.00,Diesel,Automatic,First,8.2 ,2993,245,4.00,29000.00
2014.00,22000.00,Petrol,Manual,First,16.47 ,1198,74,5.00,4110.00
2015.00,14925.00,Petrol,Manual,First,18.5 ,1197,82.9,5.00,5370.00
2013.00,75000.00,Diesel,Manual,First,20.77 ,1248,88.8,7.00,6550.00
2015.00,23000.00,Petrol,Manual,First,17.4 ,1497,117.3,5.00,7000.00
2014.00,57000.00,Petrol,Manual,First,17.0 ,1497,118,5.00,5480.00
2013.00,76718.00,Diesel,Automatic,First,16.96 ,1968,138.03,5.00,6510.00
2016.00,138000.00,Diesel,Manual,First,25.8 ,1498,98.6,5.00,5150.00
2013.00,140000.00,Diesel,Manual,Second,15.1 ,2179,140,7.00,9000.00
2008.00,110000.00,Petrol,Automatic,Second,14.53 ,1798,138.1,5.00,2750.00
2005.00,126000.00,Petrol,Manual,Second,17.0 ,1086,null,5.00,1200.00
2012.00,73000.00,Diesel,Automatic,First,22.69 ,1995,190,5.00,12500.00
2017.00,63423.00,Diesel,Manual,First,23.0 ,1498,98.96,5.00,7690.00
2013.00,62132.00,Petrol,Manual,First,18.5 ,1197,82.85,5.00,4570.00
2013.00,51000.00,Petrol,Automatic,First,16.8 ,1497,118,5.00,4500.00
2015.00,75000.00,Diesel,Manual,First,23.2 ,1248,73.94,5.00,4900.00
2008.00,55410.00,Petrol,Manual,First,19.81 ,1086,68.05,5.00,1650.00
2015.00,41000.00,Petrol,Manual,First,18.2 ,1199,82.4,5.00,3250.00
2012.00,45000.00,Diesel,Manual,First,22.32 ,1582,126.32,5.00,6250.00
2018.00,53322.00,Petrol,Manual,First,15.8 ,1591,121.3,5.00,12130.00
2013.00,48000.00,Petrol,Manual,First,18.2 ,1199,82.4,5.00,3250.00
2013.00,72000.00,Diesel,Automatic,First,14.16 ,1968,174.3,5.00,29000.00
2013.00,50266.00,Petrol,Manual,First,17.0 ,1497,118,5.00,5530.00
2017.00,21800.00,Petrol,Manual,First,17.0 ,1497,121.36,5.00,8750.00
2014.00,45000.00,Diesel,Automatic,Second,12.07 ,2967,241.4,7.00,37900.00
2010.00,62000.00,Petrol,Manual,First,20.36 ,1197,78.9,5.00,2400.00
2014.00,41681.00,Petrol,Manual,First,17.0 ,1197,80,5.00,4550.00
2011.00,69313.00,Petrol,Manual,Second,17.5 ,1197,85.8,5.00,2650.00
2017.00,49000.00,Diesel,Manual,Second,25.0 ,1396,69,5.00,1600.00
2012.00,40471.00,Diesel,Automatic,Second,16.2 ,2993,235,5.00,25720.00
2013.00,60000.00,Diesel,Manual,First,22.9 ,1248,74,5.00,4150.00
2018.00,1001.00,Petrol,Manual,First,19.0 ,1194,94.68,5.00,7230.00
2008.00,38000.00,Petrol,Manual,Second,13.9 ,1599,103.2,5.00,2600.00
2008.00,66000.00,Diesel,Automatic,Second,16.07 ,1995,181,5.00,7250.00
2017.00,33901.00,Diesel,Manual,First,12.8 ,2494,102,8.00,14290.00
2011.00,57000.00,Diesel,Automatic,Second,14.94 ,2143,204,5.00,17250.00
2013.00,170000.00,Diesel,Manual,First,22.54 ,1582,126.2,5.00,7500.00
2014.00,60000.00,Diesel,Manual,First,23.2 ,1248,73.94,5.00,4350.00
2016.00,85000.00,Diesel,Manual,First,24.3 ,1248,88.5,5.00,8900.00
2016.00,146000.00,Petrol,Manual,Second,19.1 ,1197,82,5.00,3500.00
2014.00,56002.00,Diesel,Manual,First,26.0 ,1498,98.6,5.00,6100.00
2016.00,8554.00,Petrol,Manual,First,25.17 ,799,53.3,5.00,3200.00
2014.00,62322.00,Diesel,Manual,First,23.59 ,1364,67.06,5.00,4900.00
2015.00,37929.00,Petrol,Manual,First,24.07 ,998,67.1,5.00,3690.00
2016.00,5400.00,Petrol,Manual,First,23.84 ,1199,84,5.00,3980.00
2013.00,60000.00,Diesel,Manual,First,21.9 ,1396,90,5.00,2950.00
2014.00,55730.00,Diesel,Automatic,First,16.55 ,1968,147.51,5.00,15210.00
2015.00,62000.00,Diesel,Manual,First,28.4 ,1248,74,5.00,6300.00
2017.00,14576.00,Petrol,Manual,First,17.0 ,1198,73.75,5.00,6690.00
2017.00,17000.00,Petrol,Automatic,First,16.0 ,1497,117.3,7.00,9500.00
2009.00,28000.00,Petrol,Manual,First,17.0 ,1197,80,5.00,2650.00
2012.00,58200.00,Diesel,Manual,First,14.66 ,2199,194.3,7.00,7500.00
2002.00,53000.00,Petrol,Manual,Second,0.0 ,,,,1850.00
2018.00,12278.00,Petrol,Automatic,First,23.1 ,998,67.04,5.00,5630.00
2018.00,17665.00,Petrol,Manual,First,15.8 ,1591,121.3,5.00,11780.00
2004.00,200000.00,Diesel,Manual,Second,17.88 ,1396,52.8,5.00,850.00
2011.00,55893.00,Petrol,Manual,First,15.04 ,1598,103.6,5.00,3350.00
2015.00,60586.00,Petrol,Manual,First,23.1 ,998,67.04,5.00,4110.00
2015.00,13500.00,Diesel,Automatic,First,17.9 ,2143,136,5.00,25510.00
2017.00,30000.00,Petrol,Manual,First,22.74 ,796,47.3,5.00,3100.00
2018.00,12000.00,Diesel,Automatic,First,10.91 ,3198,197,7.00,33500.00
2017.00,65000.00,Petrol,Manual,First,17.57 ,1193,88.7,5.00,4800.00
2014.00,38000.00,Petrol,Manual,First,16.09 ,1598,103.5,5.00,3490.00
2012.00,25000.00,Petrol,Manual,Second,17.5 ,1373,91.1,7.00,5150.00
2011.00,100000.00,Diesel,Automatic,First,14.0 ,2987,224,5.00,14410.00
2014.00,13710.00,Petrol,Manual,First,16.2 ,1199,74,5.00,4750.00
2015.00,100000.00,Diesel,Automatic,First,12.55 ,2982,168.5,7.00,19000.00
2017.00,17000.00,Petrol,Manual,First,23.1 ,998,67.04,5.00,4900.00
2008.00,89000.00,Diesel,Automatic,Second,16.07 ,1995,181,4.00,6300.00
2006.00,100173.00,Petrol,Manual,Second,16.9 ,1497,100,5.00,2400.00
2009.00,97000.00,Petrol,Manual,First,13.17 ,1999,114,5.00,3000.00
2016.00,40190.00,Petrol,Manual,First,18.06 ,1198,74.93,5.00,4250.00
2016.00,29647.00,Diesel,Manual,First,20.14 ,1498,88,5.00,6300.00
2018.00,43639.00,Petrol,Manual,First,21.1 ,998,100,5.00,8150.00
2012.00,37333.00,Petrol,Manual,First,20.36 ,1197,78.9,5.00,3220.00
2018.00,48407.00,Petrol,Manual,First,18.6 ,1197,81.83,5.00,7650.00
2011.00,25000.00,Petrol,Automatic,First,10.37 ,2979,306,2.00,30000.00
2010.00,72400.00,Petrol,Manual,Second,20.36 ,1197,78.9,5.00,2300.00
2012.00,18000.00,Petrol,Automatic,First,13.6 ,1598,181,4.00,22000.00
2012.00,65167.00,Petrol,Manual,First,19.4 ,1198,86.8,5.00,3280.00
2016.00,25418.00,Petrol,Manual,First,20.73 ,1373,91.2,5.00,7090.00
2013.00,38995.00,Diesel,Manual,First,19.3 ,1248,73.9,5.00,6460.00
2012.00,60000.00,Diesel,Manual,First,22.07 ,1199,73.9,5.00,4000.00
2011.00,72000.00,Diesel,Automatic,First,17.05 ,1995,184,5.00,11000.00
2016.00,31075.00,Diesel,Automatic,Second,12.07 ,2967,241.4,7.00,49790.00
2015.00,4311.00,Diesel,Manual,First,25.83 ,1498,99,5.00,4800.00
2017.00,21000.00,Diesel,Automatic,First,21.76 ,1995,190,5.00,35000.00
2011.00,54000.00,Diesel,Automatic,First,14.0 ,2987,224,5.00,21990.00
2007.00,50000.00,Petrol,Manual,Second,17.3 ,1061,64,5.00,1100.00
2018.00,13000.00,Petrol,Manual,First,21.4 ,1197,83.1,5.00,6600.00
2013.00,74000.00,Petrol,Manual,First,22.0 ,1197,81.80,5.00,4500.00
2009.00,75000.00,Petrol,Manual,Second,14.7 ,1150,76,5.00,1000.00
2017.00,25000.00,Diesel,Manual,First,20.14 ,1498,88,5.00,6900.00
2012.00,139000.00,Diesel,Automatic,First,0.0 ,2179,115,5.00,16750.00
2015.00,52000.00,Diesel,Automatic,First,14.16 ,1968,174.3,5.00,25490.00
2015.00,20000.00,Diesel,Automatic,First,18.53 ,1968,187.74,5.00,35500.00
2018.00,32663.00,Diesel,Manual,First,24.0 ,1186,73.97,5.00,6280.00
2012.00,76777.00,Diesel,Manual,Second,12.05 ,2179,120,8.00,4880.00
2016.00,100303.00,Diesel,Manual,First,22.95 ,1248,74,5.00,3700.00
2015.00,43993.00,Petrol,Manual,First,21.1 ,814,55.2,5.00,3450.00
2016.00,72118.00,Diesel,Manual,First,15.4 ,2179,120,8.00,10230.00
2010.00,83000.00,Petrol,Automatic,Second,11.1 ,2354,142,5.00,6500.00
2016.00,7523.00,Petrol,Manual,First,16.2 ,1199,74,5.00,6150.00
2014.00,34670.00,Petrol,Manual,First,15.1 ,1196,73,7.00,2900.00
2016.00,30000.00,Diesel,Manual,First,24.0 ,1120,70,5.00,5500.00
2017.00,17000.00,Diesel,Automatic,First,10.91 ,3198,197,7.00,31000.00
2015.00,59261.00,Diesel,Manual,First,24.0 ,1186,73.97,5.00,4250.00
2016.00,65210.00,Diesel,Manual,First,22.9 ,1248,74,5.00,5480.00
2016.00,19000.00,Petrol,Manual,First,18.6 ,1197,81.83,5.00,7250.00
2012.00,50000.00,Petrol,Manual,First,17.5 ,1298,85.8,5.00,3000.00
2015.00,47000.00,Diesel,Automatic,First,22.69 ,1995,190,5.00,29500.00
2007.00,75000.00,Petrol,Manual,Second,17.7 ,1497,78,5.00,1490.00
2013.00,54534.00,Petrol,Automatic,First,16.95 ,1197,78.9,5.00,3650.00
2018.00,13000.00,Diesel,Manual,First,23.0 ,1498,98.96,5.00,10900.00
2015.00,48808.00,Petrol,Manual,First,23.1 ,998,67.04,5.00,4300.00
2012.00,63001.00,Diesel,Manual,Second,20.77 ,1248,88.76,7.00,6110.00
2015.00,64771.00,Diesel,Manual,First,12.8 ,2494,102,8.00,15500.00
2016.00,34634.00,Petrol,Manual,First,17.8 ,1497,117.3,5.00,6900.00
2012.00,69242.00,Petrol,Manual,First,19.1 ,1197,85.8,5.00,4690.00
2011.00,33292.00,Petrol,Manual,First,18.5 ,1197,85.80,5.00,3190.00
2012.00,55000.00,Petrol,Automatic,Second,15.0 ,1396,98.6,5.00,3750.00
2019.00,1000.00,Petrol,Manual,First,17.19 ,1197,81.86,5.00,8600.00
2011.00,80000.00,Petrol,Manual,Second,17.0 ,1497,118,5.00,3850.00
2016.00,65003.00,Diesel,Automatic,First,13.6 ,4134,382,5.00,67830.00
2019.00,16573.00,Petrol,Manual,First,17.8 ,1198,86.7,5.00,9310.00
2008.00,152633.00,Petrol,Automatic,First,12.9 ,1799,130,5.00,3000.00
2015.00,53000.00,Petrol,Manual,First,18.6 ,1197,81.83,5.00,5500.00
2017.00,50129.00,Diesel,Manual,First,19.67 ,1582,126.2,5.00,13300.00
2013.00,63716.00,Diesel,Automatic,First,15.73 ,1968,174.33,5.00,23000.00
2018.00,11000.00,Petrol,Manual,First,24.7 ,796,47.3,5.00,3350.00
2012.00,115000.00,Diesel,Automatic,Third,15.06 ,1995,177,5.00,10000.00
2013.00,63265.00,Petrol,Manual,First,20.36 ,1197,78.9,5.00,2950.00
2016.00,20000.00,Diesel,Manual,First,21.66 ,1498,108.62,5.00,6750.00
2010.00,79000.00,Petrol,Manual,Third,16.47 ,1198,73.9,5.00,2440.00
2015.00,41000.00,Petrol,Manual,First,20.73 ,1373,91.1,5.00,5850.00
2015.00,26323.00,Petrol,Automatic,First,17.21 ,1197,103.5,5.00,7400.00
2016.00,76000.00,Diesel,Manual,First,24.4 ,1120,71,5.00,3800.00
2008.00,69972.00,Petrol,Manual,First,13.5 ,1799,130,5.00,3800.00
2008.00,69000.00,Petrol,Manual,First,17.7 ,1497,78,5.00,2700.00
2016.00,65000.00,Diesel,Manual,First,15.96 ,2523,62.1,7.00,7210.00
2016.00,29512.00,Petrol,Manual,First,17.4 ,1497,117.3,5.00,7900.00
2017.00,51000.00,Diesel,Manual,First,25.4 ,1186,73.97,5.00,4200.00
2014.00,58003.00,Diesel,Manual,First,19.01 ,1461,108.45,5.00,5750.00
2013.00,56500.00,Petrol,Automatic,First,16.98 ,998,66.1,5.00,3450.00
2014.00,29063.00,Diesel,Automatic,First,17.11 ,1968,174.33,5.00,25750.00
2018.00,46811.00,Diesel,Manual,First,16.0 ,2179,140,7.00,16590.00
2014.00,31897.00,Petrol,Manual,First,18.06 ,1198,74.96,5.00,4690.00
2009.00,52100.00,Diesel,Automatic,Second,13.2 ,1995,170,5.00,7500.00
2016.00,73000.00,Diesel,Manual,First,13.68 ,2393,147.8,7.00,16500.00
2009.00,31423.00,Petrol,Manual,First,17.0 ,1497,118,5.00,1990.00
2014.00,75180.00,Diesel,Manual,First,22.9 ,1248,74,5.00,5250.00
2013.00,75000.00,Diesel,Manual,Second,19.64 ,1461,108.45,5.00,5400.00
2014.00,15000.00,Petrol,Manual,First,16.47 ,1198,74,5.00,3900.00
2015.00,12000.00,Petrol,Manual,First,17.19 ,1197,81.86,5.00,5800.00
2014.00,32000.00,Diesel,Automatic,First,18.12 ,1995,190,5.00,30500.00
2017.00,44504.00,Diesel,Manual,First,23.4 ,1248,74,5.00,5600.00
2012.00,66000.00,Diesel,Automatic,First,0.0 ,2987,165,5.00,23000.00
2015.00,39437.00,Diesel,Manual,First,28.4 ,1248,74,5.00,5150.00
2017.00,36931.00,Diesel,Automatic,First,19.08 ,1582,126.2,5.00,9480.00
2016.00,17800.00,Petrol,Automatic,Second,21.9 ,624,37.48,4.00,2380.00
2009.00,71346.00,Petrol,Manual,First,17.5 ,1298,85.8,5.00,3800.00
2015.00,45000.00,Petrol,Manual,Second,18.6 ,1197,81.83,5.00,5500.00
2010.00,85155.00,Petrol,Manual,First,17.0 ,1197,80,5.00,3550.00
2015.00,48823.00,Petrol,Manual,First,20.73 ,1373,91.1,5.00,6350.00
2015.00,37000.00,Diesel,Automatic,First,12.7 ,2179,187.7,5.00,36000.00
2005.00,92000.00,Diesel,Manual,Second,16.1 ,1405,70,5.00,1100.00
2014.00,36000.00,Petrol,Manual,First,17.57 ,1193,88.7,5.00,3700.00
2016.00,24569.00,Diesel,Manual,First,16.0 ,1997,140,7.00,13500.00
2008.00,95000.00,Petrol,Automatic,Third,11.7 ,2354,177.6,5.00,2850.00
2015.00,25811.00,Petrol,Manual,Second,25.4 ,624,37.5,4.00,2130.00
2015.00,65000.00,Diesel,Manual,First,22.7 ,1582,126.2,5.00,7750.00
2017.00,100400.00,Diesel,Manual,First,25.0 ,1396,69,5.00,2850.00
2014.00,76414.00,Diesel,Manual,First,25.8 ,1498,98.6,5.00,4950.00
2012.00,82103.00,Diesel,Manual,First,15.1 ,2179,140,7.00,6200.00
2013.00,98000.00,Diesel,Automatic,First,18.56 ,1995,190,5.00,17500.00
2010.00,45252.00,Petrol,Manual,First,18.9 ,1197,81.86,5.00,2250.00
2017.00,10300.00,Petrol,Manual,First,21.4 ,1197,83.1,5.00,6750.00
2016.00,42024.00,Diesel,Automatic,First,19.08 ,1582,126.2,5.00,9730.00
2018.00,51236.00,Diesel,Manual,First,25.47 ,1248,88.50,7.00,8490.00
2013.00,52000.00,Petrol,Automatic,First,13.6 ,1598,181,4.00,25000.00
2015.00,42894.00,Diesel,Manual,First,23.2 ,1248,73.94,5.00,5590.00
2011.00,68000.00,Diesel,Automatic,First,15.6 ,1896,106,5.00,4800.00
2014.00,69000.00,Diesel,Manual,First,22.7 ,1498,89.84,5.00,5450.00
2017.00,10000.00,Petrol,Manual,First,18.6 ,1197,81.83,5.00,6500.00
2015.00,16000.00,Petrol,Manual,First,19.4 ,1198,86.8,5.00,4350.00
2013.00,46992.00,Diesel,Manual,First,25.8 ,1498,98.6,5.00,3750.00
2010.00,170000.00,Diesel,Automatic,Third,18.48 ,1995,177,5.00,12000.00
2014.00,58000.00,Diesel,Automatic,First,12.07 ,2967,241.4,7.00,32000.00
2015.00,50000.00,Diesel,Manual,Second,24.0 ,1120,70,5.00,4000.00
2011.00,39010.00,Diesel,Manual,First,23.08 ,1461,63.1,5.00,2600.00
2016.00,26946.00,Petrol,Manual,First,18.9 ,1197,82,5.00,4450.00
2015.00,28700.00,Petrol,Manual,First,21.1 ,814,55.2,5.00,2600.00
2011.00,60000.00,Petrol,Automatic,First,11.74 ,1796,186,5.00,16000.00
2014.00,38999.00,Diesel,Automatic,First,12.7 ,2179,187.7,5.00,32500.00
2016.00,39000.00,Diesel,Automatic,First,11.18 ,2696,184,7.00,13850.00
2018.00,7784.00,Petrol,Manual,First,20.73 ,1373,91.1,5.00,8760.00
2014.00,45710.00,Petrol,Automatic,First,11.8 ,3498,272,7.00,23680.00
2017.00,42000.00,Petrol,Automatic,First,22.0 ,1197,81.80,5.00,5500.00
2013.00,75995.00,Diesel,Automatic,Second,11.49 ,4367,335.3,5.00,65810.00
2013.00,57000.00,Diesel,Manual,First,19.01 ,1461,108.45,5.00,4990.00
2013.00,85350.00,Diesel,Manual,Second,22.32 ,1582,126.32,5.00,5700.00
2016.00,82725.00,Petrol,Automatic,First,14.28 ,1798,138.03,5.00,11990.00
2016.00,19000.00,Diesel,Automatic,Second,21.76 ,1995,190,5.00,29990.00
2018.00,13900.00,Petrol,Manual,First,18.88 ,1499,110.4,5.00,9500.00
2014.00,108000.00,Diesel,Manual,First,25.2 ,1248,74,5.00,5500.00
2016.00,36000.00,Diesel,Automatic,First,11.72 ,2199,194.3,7.00,23000.00
2013.00,62188.00,Diesel,Manual,First,17.2 ,1396,53.5,5.00,2950.00
2015.00,58397.00,Diesel,Manual,First,24.0 ,1120,70,5.00,4900.00
2006.00,85000.00,Petrol,Manual,Third,0.0 ,1086,null,5.00,1300.00
2016.00,30000.00,Petrol,Automatic,First,22.5 ,998,67,5.00,4250.00
2018.00,29907.00,Diesel,Manual,First,16.0 ,2179,140,7.00,16360.00
2009.00,46000.00,Diesel,Automatic,First,16.55 ,1968,147.51,5.00,9950.00
2012.00,65000.00,Diesel,Manual,First,20.54 ,1598,103.6,5.00,5500.00
2016.00,22000.00,Diesel,Manual,First,24.3 ,1248,88.5,5.00,8250.00
2002.00,99024.00,Petrol,Manual,First,17.3 ,993,60,5.00,950.00
2016.00,34952.00,Petrol,Manual,First,19.81 ,1086,68.05,5.00,4010.00
2019.00,13913.00,Petrol,Manual,First,17.5 ,1199,88.7,5.00,8200.00
2014.00,71000.00,Diesel,Manual,Second,25.1 ,1498,98.6,5.00,6200.00
2012.00,97000.00,Diesel,Automatic,First,11.5 ,2982,169,7.00,16750.00
2017.00,21000.00,Diesel,Automatic,First,16.0 ,2179,140,7.00,16500.00
2007.00,116000.00,Diesel,Manual,Third,10.9 ,2499,null,7.00,3750.00
2012.00,110438.00,Diesel,Manual,First,20.0 ,1399,68.05,5.00,3500.00
2017.00,66507.00,Petrol,Automatic,Second,19.0 ,1199,88.7,5.00,5430.00
2017.00,54650.00,Diesel,Automatic,First,10.91 ,3198,197,7.00,30350.00
2014.00,32000.00,Petrol,Automatic,First,17.97 ,1498,99.6,5.00,7990.00
2011.00,75378.00,Diesel,Manual,First,18.7 ,1896,66,5.00,3590.00
2012.00,82697.00,Diesel,Manual,First,25.44 ,936,57.6,5.00,1900.00
2009.00,135000.00,Petrol,Automatic,First,12.1 ,2362,164.7,5.00,4700.00
2012.00,149000.00,Diesel,Manual,First,19.01 ,1461,108.45,5.00,7250.00
2016.00,26212.00,Diesel,Automatic,First,17.9 ,2143,136,5.00,24460.00
2014.00,23500.00,Petrol,Manual,Second,17.57 ,1193,88.7,5.00,3900.00
2013.00,56127.00,Petrol,Manual,First,18.5 ,1197,80,5.00,5150.00
2015.00,26000.00,Petrol,Automatic,First,21.5 ,1197,81.80,5.00,3650.00
2016.00,26000.00,Diesel,Manual,First,25.4 ,1186,73.97,5.00,5000.00
2009.00,42000.00,Petrol,Manual,First,17.0 ,1497,118,5.00,2300.00
2001.00,130000.00,Petrol,Manual,Second,13.2 ,1495,94,5.00,750.00
2009.00,137148.00,Petrol,Manual,Second,13.9 ,1599,103.2,5.00,1850.00
2010.00,114703.00,Petrol,Manual,First,15.6 ,1196,70,5.00,1800.00
2014.00,97439.00,Diesel,Manual,First,25.8 ,1498,98.6,5.00,4410.00
2006.00,40000.00,Petrol,Manual,First,18.9 ,998,67.1,5.00,2000.00
2014.00,81609.00,Diesel,Manual,First,17.8 ,1248,null,5.00,5550.00
2014.00,28000.00,Diesel,Automatic,First,13.0 ,2987,258,5.00,31750.00
2015.00,37500.00,Diesel,Automatic,First,17.68 ,1968,174.33,5.00,32000.00
2010.00,37000.00,Diesel,Automatic,First,13.5 ,2987,282,5.00,21000.00
2010.00,83000.00,Diesel,Manual,First,19.3 ,1248,73.9,5.00,2750.00
2005.00,79012.00,Petrol,Manual,First,13.4 ,1794,125,5.00,2640.00
2018.00,27395.00,Diesel,Manual,First,15.4 ,2179,120,7.00,14190.00
2017.00,35362.00,Petrol,Manual,First,22.5 ,998,67.04,5.00,3850.00
2014.00,117000.00,Diesel,Manual,First,13.0 ,2982,168.5,7.00,15500.00
2010.00,23000.00,Petrol,Manual,First,18.2 ,1061,64,5.00,1900.00
2014.00,59508.00,Petrol,Manual,First,25.4 ,624,37.48,4.00,1260.00
2009.00,69000.00,Petrol,Manual,Second,18.5 ,1197,80,5.00,2400.00
2010.00,58000.00,Diesel,Automatic,First,22.69 ,1995,190,5.00,11500.00
2014.00,88511.00,Diesel,Manual,First,16.0 ,2179,140,7.00,8250.00
2011.00,66000.00,Petrol,Manual,First,15.8 ,1598,105,5.00,2750.00
2009.00,65000.00,Petrol,Manual,Second,17.5 ,1198,70,5.00,1400.00
2015.00,30676.00,Petrol,Manual,First,25.4 ,624,37.5,4.00,2900.00
2011.00,76000.00,Diesel,Manual,First,20.0 ,1399,68,5.00,2400.00
2013.00,23627.00,Petrol,Automatic,First,14.8 ,1598,105,5.00,4750.00
2018.00,52827.00,Diesel,Automatic,First,12.7 ,2179,187.7,5.00,44760.00
2015.00,64465.00,Diesel,Manual,First,26.0 ,1498,98.6,5.00,6220.00
2018.00,14000.00,Petrol,Automatic,First,22.5 ,999,67,5.00,4500.00
2015.00,26000.00,Petrol,Manual,First,18.9 ,1197,82,5.00,4250.00
2011.00,78203.00,Diesel,Automatic,First,18.1 ,1991,147.9,4.00,5500.00
2017.00,27000.00,Diesel,Manual,First,22.54 ,1396,88.73,5.00,6950.00
2018.00,31919.00,Petrol,Automatic,First,24.07 ,998,67.1,5.00,4560.00
2016.00,47392.00,Diesel,Manual,First,20.5 ,1582,126.2,5.00,13820.00
2016.00,17362.00,Petrol,Manual,First,18.0 ,1198,86.7,5.00,5650.00
2016.00,49716.00,Diesel,Manual,First,21.19 ,1396,88.73,5.00,6200.00
2014.00,48000.00,Petrol,Manual,First,23.1 ,998,67.04,5.00,3250.00
2009.00,46000.00,Diesel,Automatic,First,16.55 ,1968,147.51,5.00,8500.00
2016.00,79000.00,Diesel,Manual,First,24.8 ,1396,88.7,5.00,7250.00
2013.00,57000.00,Diesel,Manual,First,21.8 ,1461,78,5.00,4610.00
2016.00,29754.00,Petrol,Manual,First,16.2 ,1199,74,5.00,5300.00
2012.00,50123.00,Diesel,Manual,First,17.0 ,1405,70,5.00,1900.00
2012.00,57184.00,Petrol,Manual,First,20.36 ,1197,78.9,5.00,3090.00
2007.00,75000.00,Diesel,Automatic,Second,16.46 ,2993,258,5.00,9500.00
2015.00,26000.00,Diesel,Automatic,First,17.01 ,1582,126.2,5.00,12650.00
2016.00,22129.00,Petrol,Manual,First,18.9 ,1197,82,5.00,4250.00
2011.00,127887.00,Diesel,Manual,First,21.1 ,1248,73.9,5.00,2950.00
2006.00,92000.00,Diesel,Manual,First,10.5 ,2179,120,8.00,3450.00
2011.00,60634.00,Petrol,Manual,First,19.81 ,1086,68.05,5.00,3300.00
2014.00,90000.00,Diesel,Manual,First,14.0 ,2179,138.1,7.00,8000.00
2009.00,59000.00,Petrol,Manual,First,13.5 ,1799,130,5.00,2710.00
2012.00,59293.00,Petrol,Manual,First,18.2 ,998,67.1,5.00,2700.00
2012.00,80753.00,Diesel,Manual,Second,23.4 ,1248,74,5.00,4500.00
2015.00,40000.00,Diesel,Manual,Second,13.0 ,2982,168.5,7.00,18750.00
2014.00,103000.00,Diesel,Manual,Second,28.4 ,1248,74,5.00,5250.00
2012.00,72389.00,LPG,Manual,First,26.2,998,58.2,5.00,3200.00
2017.00,48000.00,Diesel,Manual,First,28.4 ,1248,73.75,5.00,6000.00
2014.00,41000.00,Petrol,Manual,First,18.9 ,1197,82,5.00,3140.00
2016.00,26000.00,Petrol,Manual,First,25.17 ,799,53.3,5.00,2550.00
2012.00,30000.00,Petrol,Manual,Second,15.64 ,1193,64.08,5.00,2300.00
2014.00,74624.00,Diesel,Manual,First,20.0 ,1399,68.05,5.00,5650.00
2015.00,47877.00,Diesel,Automatic,First,15.15 ,2967,240,5.00,48220.00
2016.00,35000.00,Petrol,Manual,First,24.07 ,998,67.1,5.00,3000.00
2015.00,52123.00,Diesel,Manual,First,20.34 ,1498,103.2,5.00,7500.00
2005.00,90000.00,Diesel,Manual,First,10.5 ,2179,120,8.00,2600.00
2018.00,1400.00,Diesel,Automatic,First,18.56 ,1995,190,5.00,61250.00
2009.00,122000.00,Petrol,Manual,Second,17.0 ,1497,118,5.00,3500.00
2016.00,21110.00,Petrol,Automatic,First,17.44 ,1998,189.08,4.00,28950.00
2015.00,78000.00,Diesel,Automatic,First,13.5 ,2477,175.56,6.00,15000.00
2012.00,72000.00,Diesel,Manual,First,19.3 ,1248,73.9,5.00,4250.00
2006.00,48000.00,Petrol,Automatic,First,8.6 ,5998,552,4.00,59000.00
2013.00,43486.00,Diesel,Manual,First,20.77 ,1248,88.76,7.00,6600.00
2007.00,199000.00,Diesel,Manual,Second,12.8 ,2494,102,7.00,5200.00
2010.00,34000.00,Petrol,Manual,First,11.7 ,1796,178,5.00,10000.00
2016.00,37944.00,Diesel,Automatic,First,14.84 ,2143,167.62,5.00,35000.00
2017.00,30000.00,Diesel,Manual,First,22.7 ,1498,89.84,5.00,8750.00
2015.00,64005.00,Petrol,Manual,First,17.71 ,1197,78.9,5.00,4570.00
2012.00,62000.00,Petrol,Manual,First,20.36 ,1197,78.9,5.00,2500.00
2005.00,105000.00,Petrol,Manual,First,0.0 ,999,null,5.00,1750.00
2014.00,59885.00,Diesel,Automatic,First,12.39 ,2179,147.51,5.00,20110.00
2011.00,144471.00,Diesel,Manual,First,12.8 ,2494,102,8.00,7800.00
2011.00,63991.00,Petrol,Manual,First,18.5 ,1197,80,5.00,3610.00
2007.00,72000.00,Petrol,Manual,Second,17.0 ,1086,null,5.00,1110.00
2015.00,34895.00,Petrol,Automatic,First,19.15 ,1198,75.94,5.00,4600.00
2015.00,97003.00,Diesel,Automatic,First,15.87 ,2993,308.43,5.00,85000.00
2015.00,45000.00,Petrol,Automatic,First,16.8 ,1497,118,5.00,5250.00
2013.00,45000.00,Diesel,Manual,Second,25.8 ,1498,98.6,5.00,3300.00
2013.00,100000.00,Diesel,Manual,Second,11.5 ,2982,171,7.00,17750.00
2016.00,70000.00,Diesel,Automatic,First,12.97 ,2179,187.7,5.00,35000.00
2016.00,37023.00,Diesel,Manual,First,19.67 ,1582,126.2,5.00,13390.00
2012.00,81000.00,Diesel,Manual,First,25.44 ,936,56.3,5.00,2500.00
2017.00,20789.00,Diesel,Automatic,First,11.36 ,2755,171.5,7.00,18360.00
2015.00,68310.00,Diesel,Manual,First,23.4 ,1248,74,5.00,5950.00
2015.00,47250.00,Diesel,Manual,Second,19.67 ,1582,126.2,5.00,11000.00
2014.00,47000.00,Diesel,Automatic,Second,12.65 ,2993,255,5.00,64750.00
2017.00,128000.00,Diesel,Manual,First,25.8 ,1498,98.6,5.00,6300.00
2017.00,17702.00,Petrol,Manual,First,15.29 ,1591,121.3,5.00,11940.00
2014.00,34987.00,Petrol,Automatic,First,18.19 ,1197,103.5,5.00,5950.00
2017.00,37000.00,Diesel,Manual,First,26.0 ,1498,98.6,5.00,11000.00
2017.00,38271.00,Petrol,Manual,First,15.29 ,1591,121.3,5.00,12530.00
2012.00,32510.00,Diesel,Manual,Second,20.0 ,1399,68,5.00,3750.00
2014.00,88000.00,Diesel,Automatic,First,14.69 ,2993,258,5.00,27000.00
2012.00,116000.00,Diesel,Manual,First,10.5 ,2835,107.2,6.00,9950.00
2013.00,156000.00,Diesel,Manual,First,19.87 ,1461,83.8,5.00,4200.00
2010.00,75319.00,Petrol,Manual,Second,21.1 ,1197,85.80,5.00,2000.00
2013.00,28000.00,Petrol,Manual,First,18.9 ,1197,82,5.00,3250.00
2017.00,16500.00,Diesel,Automatic,First,17.9 ,2143,136,5.00,34000.00
2016.00,75637.00,Diesel,Automatic,First,22.48 ,1995,190,5.00,30370.00
2018.00,32854.00,Petrol,Automatic,First,13.0 ,1591,121.3,5.00,12600.00
2019.00,6568.00,Petrol,Manual,First,25.17 ,799,53.3,5.00,5090.00
2014.00,30000.00,Diesel,Automatic,First,14.94 ,2967,241.4,5.00,24500.00
2018.00,17804.00,Diesel,Manual,Second,28.09 ,1248,88.5,5.00,7970.00
2011.00,69768.00,Petrol,Manual,First,16.0 ,1198,90,5.00,2900.00
2016.00,62404.00,Diesel,Automatic,First,22.69 ,1995,190,5.00,21330.00
2012.00,97000.00,Diesel,Automatic,Second,19.08 ,1582,126.32,5.00,6500.00
2016.00,55687.00,Diesel,Manual,First,21.38 ,1396,88.7,5.00,12150.00
2014.00,17000.00,Petrol,Manual,First,15.04 ,1598,103.2,5.00,4250.00
2017.00,34232.00,Diesel,Automatic,First,21.76 ,1995,190,5.00,35840.00
2004.00,135000.00,Petrol,Automatic,Third,14.4 ,1997,152,5.00,3000.00
2012.00,80000.00,Diesel,Manual,First,19.72 ,1461,108.45,5.00,6750.00
2014.00,31045.00,Petrol,Manual,Second,18.6 ,1197,81.83,5.00,5650.00
2013.00,58000.00,Diesel,Automatic,Second,16.96 ,1968,138.03,5.00,7500.00
2018.00,35480.00,Diesel,Manual,First,19.67 ,1582,126.2,5.00,13340.00
2016.00,62287.00,Diesel,Manual,First,28.09 ,1248,88.5,5.00,7900.00
2015.00,46162.00,Diesel,Manual,First,22.54 ,1396,88.73,5.00,6980.00
2014.00,9200.00,Petrol,Manual,First,17.01 ,1591,121.3,5.00,5750.00
2012.00,55339.00,Diesel,Manual,First,22.07 ,1199,73.9,5.00,2650.00
2011.00,55476.00,Diesel,Manual,First,22.07 ,1199,73.9,5.00,2490.00
2007.00,68553.00,Petrol,Manual,Second,15.0 ,1586,104.68,5.00,1500.00
2016.00,67376.00,Diesel,Manual,First,24.5 ,1498,98.6,7.00,6500.00
2013.00,42000.00,Diesel,Manual,First,19.64 ,1461,108.45,5.00,8000.00
2019.00,28069.00,Diesel,Automatic,First,12.9 ,2755,174.5,7.00,30850.00
2014.00,93144.00,Diesel,Automatic,First,14.7 ,1984,181,5.00,17150.00
2014.00,24300.00,Petrol,Automatic,First,23.1 ,998,67.04,5.00,4550.00
2015.00,47883.00,Diesel,Manual,Second,26.21 ,1248,88.5,5.00,7400.00
2013.00,12467.00,Diesel,Automatic,First,12.8 ,1968,167.6,5.00,25640.00
2013.00,56683.00,Diesel,Automatic,Second,17.05 ,1995,184,5.00,13500.00
2013.00,38000.00,Petrol,Manual,First,15.6 ,1196,70,5.00,3550.00
2018.00,35000.00,Diesel,Manual,First,22.7 ,1582,126.2,5.00,15000.00
2007.00,80000.00,Petrol,Manual,Second,13.9 ,1599,103.2,5.00,1950.00
2006.00,125000.00,Petrol,Manual,Second,13.5 ,1799,130,5.00,2300.00
2013.00,123000.00,Diesel,Manual,Second,12.55 ,2982,168.5,7.00,15000.00
2012.00,70000.00,Petrol,Manual,First,20.36 ,1197,78.9,5.00,3150.00
2012.00,87982.00,Diesel,Manual,First,21.64 ,1461,84.8,5.00,5000.00
2013.00,40714.00,Diesel,Automatic,Second,18.12 ,1995,190,5.00,24750.00
2008.00,83000.00,Diesel,Manual,Second,16.52 ,1991,123.7,5.00,2600.00
2011.00,86000.00,Petrol,Manual,First,20.36 ,1197,78.9,5.00,3750.00
2009.00,60002.00,Diesel,Manual,Second,17.5 ,1896,106,5.00,4850.00
2013.00,60000.00,Diesel,Automatic,First,10.0 ,2148,170,5.00,27000.00
2014.00,84677.00,Diesel,Manual,First,25.8 ,1498,98.6,5.00,3000.00
2017.00,23000.00,Diesel,Automatic,First,20.68 ,1995,190,5.00,28750.00
2016.00,81424.00,Diesel,Manual,First,12.99 ,2494,100.6,8.00,14490.00
2013.00,36400.00,Diesel,Automatic,First,7.5 ,4806,394.3,4.00,72000.00
2012.00,70000.00,Diesel,Manual,Second,22.71 ,1461,84.8,5.00,4000.00
2015.00,40000.00,Diesel,Manual,Second,26.59 ,1248,74,5.00,4500.00
2019.00,600.00,Petrol,Automatic,First,21.5 ,1197,81.80,5.00,6250.00
2015.00,65320.00,Diesel,Automatic,Second,16.96 ,1968,138.03,5.00,11500.00
2009.00,79000.00,Petrol,Manual,Third,9.8 ,2354,180,5.00,3100.00
2018.00,5000.00,Petrol,Manual,First,17.8 ,1497,117.3,5.00,10110.00
2019.00,6028.00,Petrol,Manual,First,17.01 ,1591,121.3,5.00,11540.00
2006.00,86000.00,Petrol,Manual,Second,18.9 ,998,67.1,5.00,1000.00
2013.00,160000.00,Diesel,Manual,Second,23.4 ,1248,74,5.00,2500.00
2011.00,59967.00,Petrol,Automatic,First,9.74 ,1984,208,5.00,18000.00
2018.00,43127.00,Diesel,Manual,First,23.59 ,1364,67.04,5.00,6850.00
2012.00,65727.00,Petrol,Manual,First,19.81 ,1086,68.05,5.00,2970.00
2013.00,70000.00,Petrol,Manual,First,17.01 ,1591,121.3,5.00,4750.00
2018.00,39861.00,Diesel,Manual,First,20.14 ,1498,88.8,5.00,7380.00
2017.00,16485.00,Diesel,Automatic,First,22.48 ,1995,187.74,5.00,42750.00
2010.00,77332.00,Diesel,Manual,Second,23.0 ,1396,90,5.00,3650.00
2017.00,17489.00,Petrol,Automatic,First,18.9 ,1197,82,5.00,5990.00
2012.00,125000.00,Diesel,Automatic,First,11.5 ,2982,169,7.00,13500.00
2016.00,35129.00,Petrol,Automatic,First,21.4 ,1197,83.1,5.00,7000.00
2016.00,22982.00,Petrol,Automatic,First,13.0 ,1591,121.3,5.00,10950.00
2013.00,54500.00,Petrol,Manual,Third,20.36 ,1197,78.9,5.00,2950.00
2017.00,16235.00,Diesel,Manual,First,24.7 ,1047,69,5.00,5500.00
2017.00,73641.00,Petrol,Automatic,First,14.67 ,1798,177.46,5.00,17080.00
2015.00,59572.00,Diesel,Manual,First,26.59 ,1248,74,5.00,6850.00
2014.00,112827.00,Petrol,Automatic,First,13.1 ,1997,141.1,5.00,10500.00
2010.00,118000.00,Diesel,Manual,First,12.8 ,2494,102,8.00,8750.00
2010.00,60000.00,Petrol,Manual,First,17.0 ,1497,118,5.00,2700.00
2012.00,75059.00,Petrol,Automatic,First,17.0 ,1591,121.3,5.00,4250.00
2018.00,3000.00,Diesel,Manual,First,23.59 ,1364,67.04,5.00,7900.00
2011.00,78000.00,Petrol,Automatic,Second,13.7 ,1798,157.75,5.00,4500.00
2012.00,47000.00,Diesel,Manual,First,21.64 ,1461,84.8,5.00,4000.00
2012.00,42000.00,Petrol,Manual,First,17.0 ,1497,118,5.00,4750.00
2018.00,6820.00,Diesel,Manual,First,22.54 ,1396,88.76,5.00,7650.00
2013.00,55176.00,Petrol,Manual,Second,17.4 ,1599,104,5.00,3470.00
2016.00,39854.00,Petrol,Manual,First,18.0 ,1198,86.7,5.00,5640.00
2013.00,24000.00,Petrol,Manual,First,16.47 ,1198,73.9,5.00,2950.00
2016.00,55000.00,Diesel,Manual,First,22.9 ,1248,74,5.00,5650.00
2012.00,45840.00,Diesel,Automatic,First,11.4 ,2953,153.86,7.00,8410.00
2006.00,155000.00,Petrol,Manual,Third,15.4 ,1590,94,5.00,850.00
2003.00,125000.00,Petrol,Manual,Second,18.9 ,998,67.1,5.00,800.00
2014.00,52951.00,Diesel,Manual,First,20.14 ,1498,88,5.00,5650.00
2013.00,49000.00,Petrol,Manual,First,17.1 ,1591,121.3,5.00,4500.00
2015.00,52000.00,Diesel,Manual,First,28.09 ,1248,88.5,5.00,6900.00
2001.00,227000.00,Diesel,Manual,Fourth & Above,0.0 ,2446,null,8.00,2200.00
2013.00,120005.00,Diesel,Manual,First,21.64 ,1461,84.8,5.00,4000.00
2015.00,33000.00,Petrol,Manual,First,15.0 ,1598,103.52,5.00,5600.00
2016.00,126000.00,Petrol,Manual,First,15.1 ,1196,73,7.00,2200.00
2013.00,66700.00,Petrol,Manual,First,15.0 ,1598,103.5,5.00,4000.00
2014.00,122000.00,Diesel,Manual,Second,12.55 ,2982,168.5,7.00,16000.00
2016.00,29000.00,Diesel,Manual,First,19.67 ,1582,126.2,5.00,12600.00
2014.00,42315.00,Petrol,Manual,First,18.5 ,1197,82.9,5.00,4790.00
2015.00,22001.00,CNG,Manual,First,26.6,998,58.16,5.00,3650.00
2016.00,84580.00,Diesel,Manual,First,26.0 ,1498,98.6,5.00,6830.00
2002.00,75000.00,Petrol,Manual,First,16.1 ,796,37,4.00,510.00
2006.00,85000.00,Petrol,Manual,Second,13.8 ,1299,70,5.00,690.00
2015.00,24296.00,Petrol,Manual,First,20.85 ,1197,83.14,5.00,4650.00
2014.00,40000.00,Petrol,Manual,First,16.8 ,1497,116.3,5.00,6490.00
2009.00,64514.00,Diesel,Manual,First,16.8 ,1493,110,5.00,2900.00
2016.00,35000.00,Petrol,Manual,First,17.01 ,1591,121.3,5.00,7400.00
2016.00,41000.00,Petrol,Manual,Second,25.17 ,799,53.3,5.00,3250.00
2008.00,60123.00,Petrol,Manual,Second,18.9 ,998,67.1,5.00,1950.00
2015.00,53000.00,Petrol,Manual,Second,18.9 ,1197,82,5.00,4000.00
2017.00,9000.00,Petrol,Manual,First,18.6 ,1197,81.83,5.00,6850.00
2015.00,53497.00,Petrol,Manual,First,18.0 ,1198,86.7,5.00,5450.00
2007.00,68000.00,Diesel,Manual,First,17.8 ,1399,68,5.00,1990.00
2014.00,65000.00,Diesel,Automatic,First,19.08 ,1582,126.32,5.00,8990.00
2014.00,45155.00,Diesel,Manual,First,23.59 ,1364,67.04,5.00,6500.00
2018.00,20026.00,Petrol,Automatic,First,19.0 ,1199,88.7,5.00,9270.00
2015.00,60000.00,Diesel,Manual,First,23.9 ,1582,126.2,5.00,6990.00
2019.00,15976.00,Diesel,Automatic,First,17.9 ,2143,136,5.00,36760.00
2017.00,30523.00,Petrol,Automatic,First,14.7 ,1798,177.5,5.00,17080.00
2013.00,26300.00,Diesel,Manual,First,25.44 ,936,57.6,5.00,2800.00
2011.00,66000.00,Diesel,Manual,First,22.07 ,1199,73.9,5.00,2490.00
2016.00,70000.00,Diesel,Manual,First,23.65 ,1248,88.5,5.00,8850.00
2011.00,46000.00,Petrol,Manual,First,16.8 ,1497,116.3,5.00,4150.00
2017.00,28000.00,Diesel,Manual,First,20.64 ,1498,108.5,5.00,10000.00
2017.00,46000.00,Petrol,Manual,First,18.9 ,1197,81.86,5.00,4750.00
2017.00,33000.00,Petrol,Automatic,First,24.04 ,999,67,5.00,3200.00
2017.00,27718.00,Petrol,Manual,First,22.74 ,796,47.3,5.00,3280.00
2013.00,58000.00,Petrol,Manual,First,15.8 ,1499,110,5.00,7500.00
2018.00,33150.00,Petrol,Manual,First,21.4 ,1197,83.1,5.00,7390.00
2013.00,77000.00,Diesel,Manual,First,23.2 ,1248,73.94,5.00,3650.00
2007.00,70000.00,Diesel,Automatic,First,11.0 ,2987,198.5,5.00,11000.00
2012.00,97000.00,Diesel,Manual,First,23.2 ,1248,73.94,5.00,3000.00
2012.00,75300.00,Diesel,Manual,Second,25.44 ,936,57.6,5.00,2250.00
2010.00,69918.00,Petrol,Manual,First,15.5 ,1586,103.3,5.00,2830.00
2019.00,4721.00,Petrol,Manual,First,14.0 ,796,35,5.00,4110.00
2014.00,39163.00,Diesel,Manual,First,13.5 ,2477,178,7.00,14700.00
2013.00,80000.00,Petrol,Automatic,First,13.0 ,2987,210,5.00,25000.00
2015.00,66000.00,Diesel,Manual,First,25.44 ,936,56.3,5.00,2350.00
2017.00,36154.00,Diesel,Manual,Second,25.83 ,1498,99,5.00,6410.00
2012.00,34000.00,Petrol,Manual,First,17.4 ,1497,117.3,5.00,5750.00
2016.00,60000.00,Diesel,Automatic,Second,17.9 ,2143,136,5.00,17550.00
2015.00,32000.00,Diesel,Manual,First,21.38 ,1396,88.7,5.00,10250.00
2012.00,79985.00,Diesel,Manual,First,17.8 ,1399,67,5.00,3160.00
2014.00,37600.00,Diesel,Automatic,Second,16.55 ,1968,147.51,5.00,22500.00
2015.00,31965.00,Petrol,Manual,First,19.81 ,1086,68.05,5.00,3550.00
2010.00,70749.00,Petrol,Automatic,First,12.05 ,1995,154,5.00,9860.00
2013.00,38000.00,Diesel,Automatic,First,16.46 ,2993,258,5.00,45000.00
2017.00,41534.00,Petrol,Manual,First,17.01 ,1591,121.3,5.00,7990.00
2017.00,54455.00,Diesel,Automatic,First,22.0 ,1498,108.495,5.00,6500.00
2007.00,42000.00,Petrol,Manual,First,14.49 ,1399,92.7,5.00,750.00
2018.00,52073.00,Diesel,Manual,Second,18.3 ,1991,147.9,5.00,9870.00
2018.00,40175.00,Diesel,Manual,Second,22.54 ,1396,88.73,5.00,6360.00
2017.00,16503.00,Petrol,Automatic,First,16.0 ,1497,117.3,7.00,9500.00
2017.00,15029.00,Petrol,Manual,First,19.1 ,1197,82,5.00,6050.00
2013.00,26200.00,CNG,Manual,First,30.46,796,47.3,5.00,2150.00
2015.00,76362.00,Diesel,Manual,First,24.0 ,1120,70,5.00,5500.00
2007.00,18700.00,Petrol,Manual,Second,19.7 ,796,46.3,5.00,1250.00
2015.00,67585.00,Diesel,Manual,First,12.99 ,2494,100.6,7.00,11990.00
2010.00,57000.00,Petrol,Automatic,Second,16.95 ,1197,78.9,5.00,2500.00
2019.00,22321.00,Petrol,Automatic,First,18.0 ,1497,117.3,5.00,11660.00
1998.00,95150.00,Petrol,Manual,Third,17.3 ,993,60,5.00,530.00
2015.00,36428.00,Petrol,Manual,First,20.51 ,998,67.04,5.00,3100.00
2012.00,73500.00,Diesel,Manual,Second,20.0 ,1399,68,5.00,2600.00
2015.00,47234.00,Petrol,Manual,First,18.0 ,1198,86.7,5.00,5090.00
2008.00,62364.00,Petrol,Manual,First,13.2 ,1495,94,5.00,2300.00
2012.00,89000.00,Diesel,Manual,First,22.32 ,1582,126.32,5.00,6000.00
2013.00,58653.00,Diesel,Manual,First,25.2 ,1248,74,5.00,4400.00
2013.00,30000.00,Petrol,Automatic,Second,14.8 ,1595,120.7,5.00,11000.00
2014.00,64042.00,Diesel,Manual,First,17.3 ,1998,163.7,5.00,5700.00
2013.00,120000.00,Diesel,Automatic,First,20.0 ,1968,138.1,5.00,6950.00
2014.00,90000.00,Diesel,Manual,First,12.05 ,2179,120,8.00,7900.00
2018.00,30733.00,Diesel,Automatic,First,20.68 ,1995,190,5.00,29300.00
2009.00,43600.00,Petrol,Automatic,First,10.93 ,3498,272,5.00,10240.00
2010.00,71473.00,Petrol,Automatic,Second,13.7 ,1798,157.75,5.00,5350.00
2014.00,39000.00,Petrol,Automatic,Second,16.5 ,1198,86.8,5.00,3490.00
2009.00,84045.00,Petrol,Manual,First,20.36 ,1197,78.9,5.00,2850.00
2014.00,57004.00,Petrol,Manual,First,17.4 ,1497,117.3,5.00,5350.00
2012.00,75464.00,Petrol,Manual,First,15.6 ,1196,70,5.00,3620.00
2006.00,142000.00,Diesel,Manual,First,12.8 ,2494,102,7.00,6250.00
2012.00,118683.00,Diesel,Manual,Second,21.0 ,1461,64.1,5.00,3190.00
2018.00,42000.00,Petrol,Manual,First,18.15 ,1198,82,6.00,5500.00
2019.00,12800.00,Petrol,Manual,First,18.6 ,1197,81.83,5.00,7670.00
2011.00,80000.00,Petrol,Manual,First,12.0 ,2092,127,7.00,5500.00
2014.00,76126.00,Diesel,Manual,First,19.3 ,1248,73.9,5.00,6600.00
2017.00,21000.00,Diesel,Automatic,Second,15.97 ,2993,258,5.00,55000.00
2013.00,85000.00,Diesel,Automatic,First,17.68 ,1968,174.33,5.00,21000.00
2017.00,27000.00,Petrol,Manual,First,21.4 ,1197,83.1,5.00,4500.00
2016.00,45794.00,Diesel,Automatic,First,13.01 ,2199,194.3,7.00,20670.00
2013.00,57352.00,Diesel,Automatic,First,14.39 ,1998,163.7,5.00,6500.00
2018.00,41467.00,Diesel,Automatic,First,15.0 ,2143,204,5.00,37980.00
2009.00,42000.00,Petrol,Manual,First,17.92 ,1086,62.1,5.00,1450.00
2014.00,62549.00,CNG,Manual,First,26.6,998,58.16,5.00,2950.00
2015.00,67048.00,Diesel,Manual,First,28.09 ,1248,88.5,5.00,7900.00
2018.00,11732.00,Petrol,Manual,First,17.4 ,1497,117.3,5.00,10070.00
2016.00,37000.00,Diesel,Manual,First,20.45 ,1461,83.8,5.00,6500.00
2015.00,30000.00,Diesel,Automatic,First,18.88 ,1995,184,5.00,22000.00
2016.00,53000.00,Diesel,Manual,First,26.0 ,1498,98.6,5.00,9750.00
2014.00,60000.00,Diesel,Manual,First,20.45 ,1461,83.8,5.00,6000.00
2014.00,65000.00,Diesel,Manual,First,24.0 ,1120,70,5.00,3990.00
2008.00,51000.00,Petrol,Manual,First,17.0 ,1086,null,5.00,1750.00
2015.00,92000.00,Diesel,Automatic,First,12.55 ,2982,168.5,7.00,19750.00
2017.00,31000.00,Diesel,Manual,First,13.68 ,2393,147.8,7.00,16950.00
2017.00,43917.00,Petrol,Manual,First,21.4 ,1197,83.1,5.00,6800.00
2007.00,46707.00,Petrol,Manual,First,17.0 ,1086,null,5.00,990.00
2013.00,84000.00,Petrol,Manual,First,19.81 ,1086,68.05,5.00,2950.00
2015.00,55662.00,Diesel,Automatic,First,12.07 ,2967,241.4,7.00,42830.00
2014.00,51000.00,Diesel,Automatic,First,27.03 ,1969,190,5.00,21500.00
2015.00,24398.00,Petrol,Manual,First,17.8 ,1497,117.3,5.00,7900.00
2011.00,78000.00,Petrol,Manual,Second,20.92 ,998,67.1,5.00,2300.00
2012.00,40315.00,Petrol,Manual,First,18.5 ,1198,86.8,5.00,2750.00
2011.00,83000.00,Diesel,Manual,First,12.05 ,2179,120,8.00,6710.00
2017.00,58151.00,Diesel,Automatic,First,19.6 ,1461,108.45,5.00,9600.00
2017.00,30519.00,Diesel,Manual,First,19.67 ,1582,126.2,5.00,12810.00
2019.00,20712.00,Petrol,Manual,First,23.84 ,1199,84,5.00,6940.00
2015.00,48000.00,Diesel,Manual,First,16.0 ,2179,140,7.00,9450.00
2015.00,85000.00,Diesel,Manual,First,20.34 ,1498,103.2,5.00,6000.00
2013.00,32000.00,Petrol,Automatic,First,14.8 ,1595,120.7,5.00,11000.00
2011.00,52000.00,Petrol,Manual,First,15.5 ,1586,103.3,5.00,2600.00
2007.00,58307.00,Petrol,Manual,First,15.3 ,1341,83,5.00,1950.00
2013.00,30000.00,Diesel,Automatic,First,17.54 ,2993,313,4.00,45000.00
2014.00,40000.00,Diesel,Automatic,First,17.11 ,1968,174.33,5.00,22000.00
2015.00,36000.00,Petrol,Manual,First,18.6 ,1197,81.83,5.00,4900.00
2015.00,58817.00,Diesel,Manual,First,19.87 ,1461,83.14,5.00,6250.00
2013.00,55000.00,Diesel,Manual,Second,20.54 ,1598,103.6,5.00,6100.00
2011.00,39000.00,Petrol,Manual,First,20.36 ,1197,78.9,5.00,2600.00
2011.00,6500.00,Petrol,Automatic,Third,6.4 ,5204,560,2.00,120000.00
2012.00,35000.00,Diesel,Automatic,First,14.74 ,2993,270.9,5.00,29000.00
2010.00,49900.00,Petrol,Manual,Second,17.5 ,1298,85.8,5.00,3300.00
2013.00,99500.00,Diesel,Manual,Second,22.3 ,1248,74,5.00,3050.00
2012.00,33249.00,Diesel,Manual,First,21.27 ,1396,88.76,5.00,3250.00
2014.00,52000.00,Petrol,Manual,First,19.1 ,1197,81.86,5.00,3750.00
2015.00,45000.00,Diesel,Manual,First,12.99 ,2494,100.6,7.00,13250.00
2017.00,22000.00,Petrol,Manual,First,23.84 ,1199,84,5.00,4800.00
2019.00,7858.00,Petrol,Manual,First,25.17 ,799,53.3,5.00,3800.00
2011.00,112000.00,Diesel,Manual,First,12.8 ,2494,102,7.00,8500.00
2016.00,41082.00,Diesel,Automatic,First,13.0 ,2143,204,5.00,38760.00
2009.00,72000.00,Petrol,Automatic,First,16.8 ,1497,116.4,5.00,3200.00
2011.00,84912.00,Petrol,Manual,First,20.36 ,1197,78.9,5.00,3500.00
2015.00,70000.00,Diesel,Manual,First,19.67 ,1582,126.2,5.00,12250.00
2014.00,21000.00,Petrol,Manual,First,19.5 ,1199,86.76,5.00,4750.00
2016.00,27000.00,Petrol,Manual,First,18.78 ,999,74,5.00,4500.00
2012.00,29000.00,Petrol,Manual,First,20.36 ,1197,78.9,5.00,2350.00
2014.00,48425.00,Diesel,Manual,First,23.08 ,1461,63.12,5.00,3400.00
2016.00,19000.00,Diesel,Automatic,First,21.5 ,1498,108.5,5.00,10000.00
2012.00,210000.00,Diesel,Manual,First,12.99 ,2494,100,7.00,9000.00
2013.00,64000.00,Petrol,Manual,Second,14.53 ,1798,138.1,5.00,5200.00
2006.00,200000.00,Diesel,Manual,Second,16.8 ,1493,110,5.00,1850.00
2013.00,100000.00,Diesel,Automatic,Second,11.3 ,2987,254.8,7.00,38000.00
2013.00,69140.00,Diesel,Manual,First,20.46 ,1461,83.8,5.00,5110.00
2019.00,21214.00,Petrol,Manual,First,15.41 ,1598,103.52,5.00,9660.00
2015.00,28000.00,Petrol,Manual,First,20.36 ,1197,78.9,5.00,3400.00
2017.00,29085.00,Petrol,Manual,First,18.15 ,1198,82,6.00,5840.00
2016.00,30000.00,Petrol,Automatic,First,23.1 ,998,67.04,5.00,3800.00
2012.00,32910.00,Petrol,Automatic,First,16.98 ,998,66.1,5.00,2500.00
2015.00,30000.00,Diesel,Manual,First,25.1 ,1498,98.6,5.00,6950.00
2010.00,35102.00,Petrol,Automatic,First,12.6 ,1798,161.6,5.00,5500.00
2017.00,22831.00,Petrol,Manual,First,18.9 ,1197,82,5.00,6190.00
2013.00,74911.00,Diesel,Manual,First,20.45 ,1461,83.8,5.00,6000.00
2015.00,21000.00,Petrol,Manual,First,18.9 ,1197,82,5.00,3750.00
2018.00,37160.00,Diesel,Manual,First,22.77 ,1498,98.59,5.00,9460.00
2011.00,41000.00,Petrol,Manual,Second,16.95 ,1498,97.7,5.00,3000.00
2016.00,37294.00,Diesel,Manual,First,25.83 ,1498,99,5.00,5750.00
2009.00,56927.00,Petrol,Manual,First,13.5 ,1799,130,5.00,4410.00
2017.00,21954.00,Petrol,Manual,First,25.17 ,799,53.3,5.00,3700.00
2014.00,50000.00,Petrol,Manual,Second,19.4 ,1198,86.8,5.00,2500.00
2012.00,78212.00,Petrol,Manual,First,16.1 ,1298,88.2,5.00,5350.00
2013.00,64500.00,Diesel,Manual,First,21.9 ,1396,88.8,5.00,3650.00
2014.00,51000.00,Diesel,Automatic,First,17.2 ,1968,138.03,5.00,13000.00
2012.00,52000.00,Petrol,Manual,First,18.9 ,998,67.1,5.00,2450.00
2015.00,120000.00,Diesel,Automatic,First,21.21 ,1498,103.2,5.00,5750.00
2017.00,65792.00,Diesel,Manual,First,26.0 ,1498,98.6,5.00,8110.00
2018.00,30000.00,Diesel,Manual,First,22.54 ,1396,88.73,5.00,7750.00
2017.00,54387.00,Petrol,Automatic,First,19.15 ,1198,75.94,5.00,5850.00
2018.00,1617.00,Petrol,Manual,First,25.17 ,799,53.3,5.00,4290.00
2015.00,82000.00,Diesel,Manual,First,25.6 ,1498,98.6,5.00,8000.00
2017.00,20000.00,Diesel,Manual,First,13.68 ,2393,147.8,8.00,16500.00
2015.00,98000.00,Diesel,Manual,First,27.39 ,1248,74,5.00,5500.00
2015.00,57000.00,Diesel,Manual,First,22.77 ,1498,98.59,5.00,6350.00
2013.00,250000.00,Diesel,Manual,Second,12.99 ,2494,100.6,8.00,7900.00
2014.00,56549.00,Diesel,Manual,First,22.7 ,1498,89.84,5.00,7200.00
2012.00,78500.00,Diesel,Manual,First,22.07 ,1199,73.9,5.00,3650.00
2016.00,55036.00,Diesel,Manual,First,22.54 ,1396,88.73,5.00,6350.00
2016.00,55000.00,Diesel,Manual,First,19.87 ,1461,83.8,5.00,7800.00
2007.00,90000.00,Petrol,Manual,Second,13.8 ,1299,70,5.00,1400.00
2007.00,155000.00,Diesel,Manual,First,13.1 ,2499,141,7.00,5500.00
2018.00,17810.00,Diesel,Manual,First,27.39 ,1248,74,5.00,8500.00
2011.00,42408.00,Diesel,Automatic,First,14.84 ,2143,170,5.00,10480.00
2005.00,81000.00,Petrol,Manual,Second,15.9 ,1298,85,5.00,750.00
2008.00,52000.00,Petrol,Manual,Second,12.85 ,1396,99.6,5.00,1300.00
2013.00,35000.00,Diesel,Automatic,First,16.73 ,2993,218,5.00,21000.00
2013.00,60000.00,Petrol,Manual,First,17.92 ,1086,62.1,5.00,2300.00
2015.00,27000.00,Diesel,Automatic,First,19.5 ,1968,141,5.00,14950.00
2017.00,55975.00,Diesel,Automatic,Second,17.68 ,1968,174.33,5.00,35920.00
2016.00,115000.00,Diesel,Manual,First,25.83 ,1498,99,5.00,4500.00
2016.00,132000.00,Diesel,Manual,First,14.95 ,2489,93.7,7.00,5500.00
2015.00,40337.00,Petrol,Automatic,First,23.1 ,998,67.04,5.00,4450.00
2008.00,192000.00,Diesel,Manual,First,12.8 ,2494,102,8.00,6850.00
2016.00,50000.00,Diesel,Manual,First,24.0 ,1120,70,5.00,5500.00
2016.00,28147.00,Petrol,Manual,First,18.9 ,1197,81.86,5.00,5070.00
2015.00,20000.00,Petrol,Manual,First,18.9 ,1197,82,5.00,3850.00
2016.00,11000.00,Petrol,Manual,First,18.6 ,1197,81.86,5.00,7950.00
2009.00,63000.00,Petrol,Manual,Second,18.2 ,998,67.1,5.00,1250.00
2014.00,36967.00,Petrol,Manual,First,20.92 ,998,67.1,5.00,3640.00
2016.00,73053.00,Diesel,Manual,First,13.0 ,2982,168.5,7.00,20000.00
2019.00,16392.00,Diesel,Manual,First,16.55 ,2498,105,6.00,10360.00
2007.00,79000.00,Petrol,Manual,First,17.0 ,1086,null,5.00,1850.00
2013.00,67000.00,Petrol,Manual,Second,16.78 ,1496,88.73,5.00,4050.00
2015.00,48600.00,Diesel,Automatic,First,12.0 ,2987,224,7.00,48500.00
2014.00,70000.00,Diesel,Manual,First,19.6 ,1461,108.45,5.00,8250.00
2014.00,84000.00,Diesel,Manual,First,22.9 ,1248,74,5.00,5250.00
2013.00,49106.00,Petrol,Manual,First,15.04 ,1598,103.2,5.00,4400.00
2017.00,35000.00,Diesel,Automatic,First,18.19 ,1968,174.5,5.00,25750.00
2014.00,51240.00,Diesel,Automatic,First,8.2 ,2993,245,4.00,29520.00
2011.00,37000.00,Petrol,Manual,Second,18.9 ,998,67.1,5.00,2100.00
2017.00,32587.00,Petrol,Manual,First,25.17 ,799,53.3,5.00,3710.00
2009.00,180000.00,Diesel,Manual,First,10.9 ,2499,143,7.00,7500.00
2017.00,21248.00,Diesel,Manual,First,24.3 ,1248,88.5,5.00,9440.00
2006.00,47200.00,Petrol,Manual,Second,17.0 ,1086,null,5.00,1200.00
2014.00,40000.00,Petrol,Automatic,First,10.5 ,1796,157.7,5.00,24000.00
2019.00,4000.00,Diesel,Automatic,First,0.0 ,1950,194,5.00,35000.00
2017.00,23700.00,CNG,Manual,First,17.5,1373,80.46,7.00,8250.00
2011.00,57000.00,Diesel,Automatic,Second,16.55 ,1968,147.51,5.00,9750.00
2014.00,37000.00,Petrol,Manual,First,18.9 ,1197,82,5.00,3450.00
2014.00,70000.00,Diesel,Manual,Second,13.5 ,2477,175.56,7.00,11850.00
2012.00,92469.00,Diesel,Automatic,Second,19.71 ,2143,201.15,5.00,16140.00
2015.00,55000.00,CNG,Manual,First,26.6,998,58.16,5.00,3700.00
2017.00,20000.00,Petrol,Automatic,First,24.07 ,998,67.1,5.00,4000.00
2015.00,42000.00,Petrol,Manual,Second,18.6 ,1197,81.83,5.00,5800.00
2014.00,28000.00,Diesel,Manual,First,23.4 ,1248,74,5.00,4650.00
2010.00,93000.00,Petrol,Automatic,Second,11.8 ,3498,272,7.00,15000.00
2015.00,23000.00,Petrol,Automatic,First,15.63 ,1499,110.4,5.00,6800.00
2016.00,36000.00,Diesel,Manual,First,25.1 ,1498,98.6,5.00,10250.00
2014.00,52000.00,Petrol,Manual,First,20.92 ,998,67.1,5.00,2700.00
2015.00,59245.00,Diesel,Manual,First,20.77 ,1248,88.8,7.00,8500.00
2018.00,31000.00,Diesel,Manual,First,22.54 ,1396,88.73,5.00,7750.00
2015.00,83000.00,Petrol,Manual,First,15.64 ,1193,64.08,5.00,2700.00
2004.00,81500.00,Petrol,Manual,Second,19.7 ,796,46.3,5.00,1300.00
2008.00,51000.00,Petrol,Manual,Second,19.5 ,1061,null,,1750.00
2018.00,9900.00,Petrol,Manual,First,15.8 ,1591,121.3,5.00,13200.00
2004.00,94000.00,Petrol,Manual,Second,18.9 ,998,67.1,5.00,1000.00
2017.00,27100.00,Petrol,Manual,First,16.78 ,1496,88.73,5.00,6370.00
2015.00,12000.00,Petrol,Manual,First,16.78 ,1496,88.73,5.00,4500.00
2013.00,29000.00,Diesel,Manual,First,19.01 ,1461,108.45,5.00,6500.00
2013.00,65000.00,Diesel,Manual,Second,19.3 ,1248,73.9,5.00,4990.00
2017.00,50794.00,Diesel,Automatic,First,17.9 ,2143,170,5.00,43300.00
2014.00,59000.00,Diesel,Manual,First,22.7 ,1498,89.84,5.00,6500.00
2012.00,72000.00,CNG,Manual,First,26.2,998,58.2,5.00,2250.00
2017.00,15234.00,Petrol,Automatic,First,19.12 ,1373,91.1,5.00,9950.00
2015.00,44000.00,Diesel,Manual,First,22.7 ,1498,89.84,5.00,7350.00
2016.00,125000.00,Diesel,Manual,First,22.95 ,1248,74,5.00,4600.00
2011.00,100000.00,Diesel,Automatic,First,11.4 ,2953,153.86,7.00,8500.00
2017.00,34686.00,Diesel,Automatic,First,19.6 ,1461,108.45,5.00,11860.00
2011.00,98000.00,Diesel,Manual,First,14.42 ,1995,147.6,5.00,8000.00
2015.00,90000.00,Diesel,Automatic,First,12.55 ,2982,168.5,7.00,21500.00
2007.00,81000.00,Petrol,Manual,First,15.26 ,1150,74.9,5.00,1300.00
2012.00,55000.00,Diesel,Manual,First,20.5 ,1598,103.5,5.00,5900.00
2013.00,52910.00,Diesel,Manual,Second,15.1 ,2179,140,7.00,9500.00
2010.00,100000.00,Diesel,Manual,First,19.3 ,1248,73.9,5.00,4500.00
2003.00,132000.00,Diesel,Manual,First,18.7 ,1896,66,5.00,2250.00
2014.00,18000.00,Petrol,Manual,First,13.7 ,1399,98.82,7.00,3350.00
2005.00,50000.00,Petrol,Manual,First,13.2 ,1495,94,5.00,700.00
2012.00,33000.00,Petrol,Automatic,First,14.74 ,1991,184,5.00,16000.00
2014.00,30000.00,Diesel,Manual,First,20.45 ,1461,83.8,5.00,8000.00
2015.00,8000.00,Petrol,Automatic,First,12.5 ,5000,488.1,2.00,100000.00
2012.00,58646.00,Diesel,Manual,First,22.32 ,1582,126.32,5.00,4740.00
2016.00,21000.00,Diesel,Automatic,First,13.0 ,2143,204,5.00,36000.00
2015.00,57026.00,Petrol,Manual,First,15.04 ,1598,103.6,5.00,5540.00
2017.00,42000.00,Diesel,Automatic,First,18.19 ,1968,174.5,5.00,22990.00
2017.00,26741.00,Diesel,Manual,First,15.4 ,1997,120,7.00,10080.00
2010.00,85000.00,Petrol,Manual,First,17.5 ,1798,null,5.00,2850.00
2000.00,78000.00,Petrol,Manual,First,16.1 ,796,37,4.00,550.00
2018.00,29091.00,Diesel,Automatic,First,13.22 ,2967,241.4,5.00,45520.00
2018.00,37323.00,Diesel,Manual,Second,17.45 ,1493,100,7.00,7290.00
2011.00,55595.00,Diesel,Manual,Second,20.54 ,1598,103.6,5.00,4300.00
2015.00,49900.00,Petrol,Manual,First,20.85 ,1197,83.14,5.00,4800.00
2012.00,52500.00,Petrol,Manual,Second,16.02 ,1373,93.7,7.00,5250.00
2016.00,5700.00,Petrol,Manual,First,24.7 ,796,47.3,5.00,2800.00
2014.00,53340.00,Diesel,Manual,First,21.9 ,1396,88.76,5.00,4350.00
2014.00,57000.00,Diesel,Manual,First,22.7 ,1498,89.84,5.00,5490.00
2015.00,59525.00,CNG,Manual,Second,32.26,998,58.2,4.00,3100.00
2014.00,58000.00,Diesel,Manual,First,20.34 ,1498,103.2,5.00,6500.00
2011.00,73000.00,Diesel,Manual,First,12.05 ,2179,120,8.00,6400.00
2016.00,33554.00,Diesel,Manual,First,25.83 ,1498,99,5.00,6220.00
2012.00,106000.00,Diesel,Manual,First,12.99 ,2494,100,8.00,8400.00
2018.00,27000.00,Diesel,Manual,First,28.4 ,1248,73.75,5.00,5900.00
2018.00,1000.00,Petrol,Manual,First,25.17 ,799,53.3,5.00,3400.00
2011.00,119000.00,Diesel,Manual,Third,13.1 ,2499,141,7.00,6500.00
2002.00,75000.00,Diesel,Manual,First,0.0 ,2112,null,6.00,1700.00
2015.00,64000.00,Petrol,Manual,First,18.88 ,999,123.24,5.00,6000.00
2016.00,63738.00,Diesel,Manual,First,19.67 ,1582,126.2,5.00,11900.00
2016.00,16000.00,Diesel,Automatic,First,14.69 ,2993,258,5.00,48000.00
2017.00,28000.00,Petrol,Automatic,First,18.69 ,1462,103,7.00,8000.00
2007.00,91000.00,Diesel,Automatic,Second,15.6 ,1896,106,5.00,2450.00
2013.00,25000.00,Petrol,Manual,First,18.6 ,1199,79.4,5.00,1750.00
2014.00,65630.00,Diesel,Automatic,First,15.73 ,1968,174.33,5.00,21750.00
2014.00,48094.00,Petrol,Manual,First,17.0 ,1497,118,5.00,7250.00
2009.00,90456.00,Petrol,Manual,Second,16.1 ,1298,88.2,5.00,3000.00
2012.00,140000.00,Diesel,Manual,First,20.0 ,1399,68,5.00,2510.00
2015.00,95000.00,Diesel,Automatic,First,12.55 ,2982,168.5,7.00,19600.00
2013.00,79000.00,Diesel,Manual,Second,15.8 ,2148,170,5.00,15500.00
2012.00,96000.00,Diesel,Manual,First,12.99 ,2494,100,7.00,11500.00
2004.00,186679.00,Petrol,Manual,Second,13.0 ,1493,100,5.00,1760.00
2015.00,91000.00,Diesel,Manual,First,25.8 ,1498,98.6,5.00,4680.00
2010.00,109703.00,Petrol,Automatic,Second,14.28 ,1798,138.03,5.00,4000.00
2012.00,110000.00,Diesel,Manual,First,22.3 ,1248,74,5.00,2800.00
2012.00,35000.00,Diesel,Manual,First,16.0 ,2179,140,7.00,8250.00
2010.00,47722.00,Diesel,Manual,First,21.1 ,1248,73.9,5.00,1700.00
2013.00,25000.00,Petrol,Automatic,First,14.74 ,1991,181.04,5.00,14850.00
2018.00,8000.00,Petrol,Automatic,First,17.0 ,1591,121.3,5.00,12850.00
2012.00,65000.00,Diesel,Automatic,First,14.94 ,2143,204,5.00,16000.00
2018.00,1048.00,Petrol,Manual,First,18.9 ,998,67.1,5.00,4700.00
2014.00,42000.00,Petrol,Manual,Second,16.02 ,1373,93.7,7.00,5940.00
2013.00,55000.00,Diesel,Manual,First,20.5 ,1598,103.5,5.00,8000.00
2010.00,72000.00,Diesel,Manual,First,12.8 ,2494,102,8.00,5450.00
2018.00,17773.00,Petrol,Automatic,First,13.7 ,1991,183,5.00,26760.00
2013.00,65000.00,Diesel,Manual,Second,20.14 ,1498,88,5.00,3500.00
2008.00,65000.00,Petrol,Manual,Second,0.0 ,1086,62,5.00,1390.00
2013.00,53280.00,Diesel,Manual,First,22.32 ,1582,126.3,5.00,4700.00
2016.00,34005.00,Petrol,Manual,First,17.0 ,1198,73.75,5.00,5750.00
2017.00,14618.00,Petrol,Manual,First,18.6 ,1197,81.83,5.00,8110.00
2006.00,65771.00,Petrol,Manual,Second,17.3 ,1061,64,5.00,750.00
2006.00,78000.00,Petrol,Manual,Second,13.5 ,1405,60,5.00,1000.00
2016.00,105545.00,Diesel,Manual,First,14.0 ,2498,112,7.00,5300.00
2017.00,25000.00,Diesel,Manual,First,12.4 ,2499,134,5.00,8000.00
2010.00,80561.00,Petrol,Manual,First,18.5 ,1197,80,5.00,2740.00
2017.00,6000.00,Petrol,Manual,First,21.4 ,1197,83.1,5.00,7500.00
2016.00,39000.00,Diesel,Automatic,First,17.6 ,2179,153.86,7.00,13500.00
2011.00,55001.00,Petrol,Manual,First,16.47 ,1198,73.9,5.00,2200.00
2012.00,63720.00,Petrol,Automatic,First,11.74 ,1796,186,5.00,13250.00
2013.00,70000.00,Diesel,Manual,First,23.59 ,1364,null,5.00,3880.00
2005.00,100000.00,Petrol,Manual,Second,15.3 ,1341,83,5.00,850.00
2017.00,15386.00,Petrol,Manual,First,23.84 ,1199,84,5.00,5110.00
2013.00,102486.00,Diesel,Manual,First,19.87 ,1461,83.8,5.00,4250.00
2013.00,58629.00,Diesel,Automatic,Second,18.25 ,1968,187.74,5.00,16520.00
2008.00,86000.00,Diesel,Manual,Third,13.93 ,2179,138,7.00,600.00
2012.00,68238.00,Diesel,Manual,First,22.9 ,1248,74,5.00,4800.00
2011.00,42036.00,Petrol,Automatic,First,13.7 ,1798,157.75,5.00,6250.00
2014.00,55619.00,Petrol,Manual,First,16.3 ,1797,147.5,5.00,8300.00
2009.00,60000.00,Petrol,Manual,Third,17.0 ,1497,118,5.00,3250.00
2015.00,30000.00,Diesel,Manual,First,19.87 ,1461,83.8,5.00,7750.00
2016.00,31150.00,Diesel,Automatic,First,16.36 ,2179,187.7,5.00,30540.00
2010.00,70000.00,LPG,Manual,First,26.2,998,58.2,5.00,2270.00
2010.00,70290.00,Petrol,Manual,Second,17.24 ,1198,73.9,5.00,2960.00
2016.00,10000.00,Petrol,Manual,First,17.57 ,1193,88.7,5.00,4000.00
2014.00,68010.00,Petrol,Manual,Second,18.5 ,1197,82.85,5.00,5250.00
2013.00,91903.00,Diesel,Automatic,First,17.68 ,1968,174.33,5.00,17560.00
2011.00,38000.00,Petrol,Manual,First,16.09 ,1598,103.5,5.00,3250.00
2015.00,67600.00,Petrol,Manual,First,23.1 ,998,67.04,5.00,4000.00
2007.00,66800.00,Petrol,Manual,First,15.3 ,1341,83,5.00,2200.00
2016.00,37208.00,Diesel,Manual,First,24.3 ,1248,88.5,5.00,7430.00
2009.00,102002.00,Diesel,Automatic,First,8.7 ,2987,224.34,5.00,10750.00
2011.00,68000.00,Diesel,Manual,First,19.3 ,1248,73.9,5.00,2750.00
2013.00,40000.00,Diesel,Automatic,Second,17.85 ,2967,300,4.00,45000.00
2015.00,33500.00,Petrol,Automatic,First,19.16 ,2494,158.2,5.00,19750.00
2013.00,33746.00,Petrol,Manual,First,18.5 ,1198,86.8,5.00,3200.00
2009.00,53000.00,Petrol,Automatic,First,0.0 ,3597,262.6,5.00,4750.00
2011.00,45004.00,Diesel,Manual,First,12.8 ,2494,102,7.00,9480.00
2015.00,70602.00,Diesel,Manual,First,25.8 ,1498,98.6,5.00,4830.00
2014.00,27365.00,Diesel,Manual,First,28.4 ,1248,74,5.00,4750.00
2015.00,100000.00,Diesel,Manual,First,24.4 ,1120,71,5.00,4000.00
2012.00,55000.00,Diesel,Manual,Second,14.0 ,2498,112,8.00,2900.00
2013.00,46000.00,Petrol,Manual,First,18.9 ,998,67.1,5.00,2650.00
2011.00,47000.00,Diesel,Manual,First,25.44 ,936,57.6,5.00,2500.00
