Year,Kilometers_Driven,Fuel_Type,Transmission,Owner_Type,Mileage,Engine,Power,Seats,Price,Transmission_Manual,Fuel_Type_Petrol,First_Owner
2010,72000,CNG,Manual,First,26.6,998,58.16,5,1750,1,0,1
2015,41000,Diesel,Manual,First,19.67,1582,126.2,5,12500,1,0,1
2011,46000,Petrol,Manual,First,18.2,1199,88.7,5,4500,1,1,1
2012,87000,Diesel,Manual,First,20.77,1248,88.76,7,6000,1,0,1
2013,40670,Diesel,Automatic,Second,15.2,1968,140.8,5,17740,0,0,0
2012,75000,LPG,Manual,First,21.1,814,55.2,5,2350,1,0,1
2013,86999,Diesel,Manual,First,23.08,1461,63.1,5,3500,1,0,1
2016,36000,Diesel,Automatic,First,11.36,2755,171.5,8,17500,0,0,1
2013,64430,Diesel,Manual,First,20.54,1598,103.6,5,5200,1,0,1
2012,65932,Diesel,Manual,Second,22.3,1248,74,5,1950,1,0,0
2018,25692,Petrol,Manual,First,21.56,1462,103.25,5,9950,1,1,1
2012,60000,Petrol,Automatic,First,16.8,1497,116.3,5,4490,0,1,1
2015,64424,Diesel,Manual,First,25.2,1248,74,5,5600,1,0,1
2014,72000,Diesel,Automatic,First,12.7,2179,187.7,5,27000,0,0,1
2014,110000,Diesel,Manual,First,13.5,2477,175.56,7,15000,1,0,1
2016,58950,Diesel,Manual,First,25.8,1498,98.6,5,5400,1,0,1
2017,25000,Diesel,Manual,First,28.4,1248,74,5,5990,1,0,1
2014,77469,Diesel,Manual,First,20.45,1461,83.8,5,6340,1,0,1
2014,78500,Diesel,Automatic,First,14.84,2143,167.62,5,28000,0,0,1
2014,32982,Diesel,Automatic,First,22.69,1995,190,5,18550,0,0,1
2015,55392,Diesel,Manual,Second,23.65,1248,88.5,5,8250,1,0,0
2015,55985,Petrol,Automatic,First,13.53,1984,177.01,5,23500,0,1,1
2010,45807,Petrol,Manual,First,18.5,1197,80,5,1870,1,1,1
2010,33000,Petrol,Automatic,First,14.4,1598,103.6,5,2850,0,1,1
2012,51920,Petrol,Manual,First,16.8,1497,116.3,5,4250,1,1,1
2012,54000,Diesel,Manual,First,23.08,1461,63.1,5,4250,1,0,1
2013,54000,Petrol,Manual,Second,20.92,998,67.1,5,2750,1,1,0
2018,37430,Petrol,Manual,First,17.5,1199,88.7,5,9900,1,1,1
2007,262000,Diesel,Manual,Fourth & Above,12.8,2494,102,7,4000,1,0,0
2013,62000,Diesel,Manual,First,19.01,1461,108.45,5,7750,1,0,1
2012,87615,Petrol,Manual,First,14.53,1798,138.1,5,6750,1,1,1
2013,72000,Diesel,Automatic,Second,11.18,2696,184,7,12500,0,0,0
2010,35000,Diesel,Automatic,First,12.4,2698,179.5,5,11500,0,0,1
2014,55431,Petrol,Manual,Second,16.09,1598,103.5,5,6980,1,1,0
2009,83816,Petrol,Manual,Second,14,1061,64,5,1850,1,1,0
2018,50075,Diesel,Manual,First,24.3,1248,88.5,5,8630,1,0,1
2017,52000,Petrol,Manual,First,18.15,1198,82,5,4850,1,1,1
2013,85000,Diesel,Automatic,First,11.74,2987,254.8,5,28000,0,0,1
2013,62000,Diesel,Manual,First,22.07,1199,73.9,5,5000,1,0,1
2008,90000,Petrol,Manual,Second,19.7,796,46.3,5,1250,1,1,0
2014,19698,Petrol,Manual,First,25.4,624,37.5,4,1530,1,1,1
2017,22033,Diesel,Manual,First,25.32,1198,77,6,5580,1,0,1
2014,35487,Petrol,Manual,First,18.5,1197,82.9,5,4740,1,1,1
2014,46374,Petrol,Automatic,First,14.62,1999,149.92,5,8850,0,1,1
2016,52001,Petrol,Automatic,First,14.28,1798,138.03,5,10110,0,1,1
2008,58005,Diesel,Manual,Second,14.9,1991,112.2,5,4250,1,0,0
2012,70704,Petrol,Manual,First,11.25,2694,163.7,7,10950,1,1,1
2014,75000,Diesel,Manual,First,24.4,1120,71,5,3850,1,0,1
2012,75800,Diesel,Manual,Second,16.55,2498,105,6,5500,1,0,0
2015,13648,Diesel,Automatic,First,17.11,1968,174.33,5,21430,0,0,1
2014,52000,Diesel,Manual,First,22.9,1248,74,5,4250,1,0,1
2014,53000,Diesel,Manual,First,17.8,1248,75,5,3300,1,0,1
2013,65650,Diesel,Manual,First,28.4,1248,74,5,3850,1,0,1
2015,54000,Petrol,Manual,Third,18.9,1197,82,5,3600,1,1,0
2015,39000,Petrol,Manual,First,15.04,1598,103.2,5,3990,1,1,1
2017,16542,Petrol,Manual,First,25.17,799,53.3,5,3300,1,1,1
2010,32000,Petrol,Manual,First,20.36,1197,78.9,5,2070,1,1,1
2010,121812,Diesel,Automatic,First,13.29,1995,147.6,5,7750,0,0,1
2010,39300,Petrol,Manual,First,18.2,998,67.1,5,2250,1,1,1
2017,22000,Diesel,Manual,First,13.68,2393,147.8,8,16500,1,0,1
2010,72000,Diesel,Manual,First,20,1399,68,5,2750,1,0,1
2015,58000,Petrol,Automatic,First,11.74,1796,186,5,26700,0,1,1
2011,65000,Diesel,Manual,Second,15.8,2148,170,5,10000,1,0,0
2016,178000,Diesel,Manual,First,25,1396,69,5,2500,1,0,1
2012,65664,Diesel,Automatic,First,16.55,1968,140,5,13500,0,0,1
2007,63000,Petrol,Automatic,Second,16.4,1497,78,5,1850,0,1,0
2019,15369,Diesel,Automatic,First,0,1950,194,5,35670,0,0,1
2016,63000,Diesel,Manual,First,24.52,1248,88.5,7,8150,1,0,1
2018,13000,Diesel,Manual,First,22.1,1396,88.7,5,10500,1,0,1
2008,73000,Petrol,Automatic,First,8.5,4806,500,5,14500,0,1,1
2015,55729,Diesel,Manual,First,15.1,2179,140,7,9650,1,0,1
2012,45178,Petrol,Automatic,First,16.95,1197,78.9,5,3480,0,1,1
2015,56066,Diesel,Manual,First,19.64,1461,108.5,5,6920,1,0,1
2016,37300,Petrol,Automatic,Second,16.5,1198,86.8,5,6460,0,1,0
2014,56000,Diesel,Automatic,Second,18.53,1968,187.74,5,29500,0,0,0
2006,230000,Petrol,Manual,Third,12.4,1998,132,8,4500,1,1,0
2012,104000,Diesel,Manual,First,12.8,2494,102,7,11750,1,0,1
2012,95100,Diesel,Manual,First,22.9,1248,74,5,3750,1,0,1
2017,70000,Petrol,Manual,First,17.57,1193,88.7,5,4500,1,1,1
2016,54944,Petrol,Manual,First,18,1198,86.7,5,4820,1,1,1
2012,70337,Diesel,Manual,First,20,1399,68,5,2800,1,0,1
2013,99638,Diesel,Manual,First,23.2,1248,73.94,5,3110,1,0,1
2009,52000,Petrol,Manual,First,17.8,1497,117.3,5,3250,1,1,1
2011,75000,Diesel,Automatic,Second,16.73,1995,218,5,13900,0,0,0
2009,95980,Petrol,Manual,First,20.36,1197,78.9,5,2250,1,1,1
2016,16000,Petrol,Manual,First,18.9,1197,82,5,5750,1,1,1
2016,18949,Petrol,Manual,First,17.8,1198,86.7,5,5000,1,1,1
2014,107000,Diesel,Manual,First,13,2982,168.5,7,16500,1,0,1
2018,48367,Diesel,Automatic,First,17.68,1968,174.33,5,39580,0,0,1
2013,57000,Diesel,Manual,First,22.7,1498,89.84,5,5500,1,0,1
2014,58000,Diesel,Manual,First,15.1,2179,140,7,8100,1,0,1
2015,30000,Diesel,Manual,First,25.8,1498,98.6,5,3500,1,0,1
2013,34212,Diesel,Manual,First,22.07,1199,73.9,5,2790,1,0,1
2010,70002,Diesel,Manual,First,16.2,1493,110,5,3450,1,0,1
2016,62000,Petrol,Manual,First,18.9,998,67.1,5,4450,1,1,1
2010,62001,Petrol,Manual,First,15.26,1598,103.5,5,2650,1,1,1
2011,78958,Diesel,Manual,Second,23,1396,90,5,3800,1,0,0
2014,30180,Petrol,Manual,First,18.5,1197,82.85,5,4650,1,1,1
2017,32851,Petrol,Manual,First,19.83,1198,67,7,3950,1,1,1
2010,30000,Diesel,Automatic,First,14.94,2967,241.4,5,9800,0,0,1
2009,66000,Petrol,Manual,Second,17,1197,80,5,2700,1,1,0
2010,93850,Petrol,Manual,First,14,796,35,5,2410,1,1,1
2014,53000,Petrol,Manual,First,17.71,1197,78.9,5,3900,1,1,1
2011,78000,Diesel,Automatic,Second,14.74,2993,270.9,5,24000,0,0,0
2012,65000,Diesel,Manual,Second,16,2179,140,7,5750,1,0,0
2014,40000,Diesel,Automatic,First,22.32,1582,126.32,5,5250,0,0,1
2017,30000,Diesel,Automatic,First,11.36,2755,171.5,7,19250,0,0,1
2017,38053,Petrol,Manual,First,15.1,1196,73,5,3910,1,1,1
2014,25500,Petrol,Manual,First,25.4,624,37.5,4,2150,1,1,1
2015,56087,Diesel,Automatic,First,22.69,1995,190,5,20750,0,0,1
2010,71088,Petrol,Manual,First,13.5,1799,130,5,3350,1,1,1
2014,55000,Diesel,Manual,First,12.99,2494,100.6,7,11110,1,0,1
2014,32700,Diesel,Automatic,First,23.3,1984,150,5,20000,0,0,1
2016,39882,Petrol,Automatic,First,19.15,1198,75.94,5,6550,0,1,1
2009,128000,Petrol,Automatic,First,10.8,2497,215,5,7000,0,1,1
2016,55000,Diesel,Manual,First,24.3,1248,88.5,5,7500,1,0,1
2014,53753,Diesel,Automatic,Second,15,2143,107.3,5,16750,0,0,0
2018,10250,Diesel,Manual,First,22,1582,126.2,5,10950,1,0,1
2011,43874,Petrol,Manual,First,18.9,998,67.1,5,2450,1,1,1
2017,32684,Petrol,Automatic,First,21.9,624,37.48,4,3230,0,1,1
2014,42000,Diesel,Manual,First,12.05,2179,120,8,7750,1,0,1
2009,28352,Petrol,Automatic,First,11.7,1796,178,5,9350,0,1,1
2013,89900,CNG,Manual,First,26.6,998,58.16,5,3250,1,0,1
2007,47700,Petrol,Manual,Second,10.8,2354,152,5,5250,1,1,0
2015,55000,Diesel,Automatic,First,21.21,1498,103.2,5,7250,0,0,1
2017,44285,Petrol,Manual,First,20.73,1373,91.1,5,7470,1,1,1
2016,54000,Diesel,Automatic,First,16,2179,140,7,13250,0,0,1
2016,30232,Petrol,Manual,First,21.1,1197,85.8,5,5810,1,1,1
2014,88500,Petrol,Manual,First,24.07,998,67.1,5,2600,1,1,1
2017,13372,Petrol,Automatic,First,19,2996,362.07,2,54000,0,1,1
2019,12645,Petrol,Automatic,First,17,1591,121.3,5,11500,0,1,1
2010,94385,Petrol,Manual,Second,19.7,796,46.3,5,1600,1,1,0
2015,31821,Diesel,Automatic,First,20.58,1995,143,5,17220,0,0,1
2015,12000,Petrol,Automatic,First,19,1199,88.7,5,6000,0,1,1
2012,88578,Petrol,Manual,First,13.5,1799,130,5,3950,1,1,1
2014,44965,Diesel,Automatic,First,19.27,2143,170,5,17950,0,0,1
2014,45044,Diesel,Manual,First,25.8,1498,98.6,5,3700,1,0,1
2016,34204,Petrol,Manual,First,22,1197,81.8,5,5430,1,1,1
2012,91235,Diesel,Manual,First,11.5,2982,171,7,13490,1,0,1
2014,38800,Petrol,Manual,First,18.6,1199,76.8,5,2850,1,1,1
2013,83000,Diesel,Manual,First,21.14,1498,103.52,5,4750,1,0,1
2018,41283,Petrol,Manual,First,20.73,1373,91.1,5,9900,1,1,1
2013,23000,Petrol,Automatic,First,11.05,2894,444,4,37000,0,1,1
2014,48000,Diesel,Automatic,First,21.76,1995,190,5,26500,0,0,1
2015,48214,Diesel,Automatic,First,17.11,1968,174.33,5,23320,0,0,1
2016,35000,Diesel,Manual,First,22.9,1248,74,5,6250,1,0,1
2010,35277,Petrol,Automatic,First,7.81,5461,362.9,5,30000,0,1,1
2016,54620,Diesel,Automatic,First,21.66,1498,103.52,5,9860,0,0,1
2012,136997,Diesel,Automatic,First,17.2,1968,138.1,5,8500,0,0,1
2019,14322,Petrol,Manual,First,21.1,814,55.2,5,4230,1,1,1
2012,65634,Diesel,Manual,First,22.07,1199,73.9,5,3500,1,0,1
2016,6000,Petrol,Manual,First,20.63,1198,67.06,5,2500,1,1,1
2013,33280,Petrol,Manual,First,19.4,1198,86.8,5,2390,1,1,1
2013,29000,Petrol,Automatic,First,14.8,1595,120.7,5,11250,0,1,1
2015,42831,Diesel,Manual,First,26,1498,98.6,5,7110,1,0,1
2016,90000,Diesel,Manual,First,12.99,2494,100.6,7,10900,1,0,1
2017,24005,Petrol,Manual,First,20.4,1197,81.8,5,6200,1,1,1
2012,32792,Diesel,Manual,First,15.1,2179,140,7,7900,1,0,1
2014,147898,Diesel,Manual,First,22.7,1498,89.84,5,4420,1,0,1
2012,131765,Diesel,Manual,First,13,2982,168.5,7,13500,1,0,1
2013,65000,Diesel,Automatic,First,21.5,1498,108.5,5,6250,0,0,1
2010,66123,Diesel,Manual,Second,20,1399,68,5,2100,1,0,0
2015,41000,Diesel,Automatic,First,15.3,2993,258,5,45000,0,0,1
2017,23550,Diesel,Automatic,First,19.27,2143,167.62,5,33660,0,0,1
2012,45000,Petrol,Manual,Second,19.4,1198,86.8,5,3650,1,1,0
2013,60000,Petrol,Manual,First,20.36,1197,78.9,5,2750,1,1,1
2016,44414,Diesel,Automatic,First,17.9,2143,170,5,42500,0,0,1
2019,1000,Petrol,Manual,First,18.9,1197,81.86,5,6500,1,1,1
2012,62500,Diesel,Automatic,Second,17.68,1968,174.33,5,19000,0,0,0
2013,21000,Petrol,Automatic,Second,14.4,1598,103.6,5,4450,0,1,0
2017,8525,Diesel,Automatic,Second,16.6,1998,112,5,23000,0,0,0
2014,29000,Diesel,Manual,First,22.54,1396,88.73,5,8350,1,0,1
2014,40000,Diesel,Automatic,First,17.68,1968,174.33,5,22950,0,0,1
2012,88000,Diesel,Manual,First,25.44,936,57.6,5,1500,1,0,1
2012,53537,Petrol,Automatic,First,13.7,1798,157.75,5,6890,0,1,1
2006,216000,Diesel,Manual,Second,17.8,1399,68,5,1450,1,0,0
2014,51000,Diesel,Automatic,First,22.48,1995,190,5,33500,0,0,1
2007,118500,Petrol,Manual,First,12.9,1598,102.5,5,1250,1,1,1
2012,63000,Diesel,Manual,First,22.07,1199,73.9,5,4200,1,0,1
2015,25000,Diesel,Manual,First,19.98,1461,108.5,8,6750,1,0,1
2014,37382,Diesel,Automatic,First,13,2143,201.1,5,32000,0,0,1
2017,24773,Petrol,Manual,First,21.4,1197,83.1,5,7500,1,1,1
2012,62000,Diesel,Manual,First,22.32,1582,126.32,5,4600,1,0,1
2017,52340,Petrol,Manual,First,19.81,1086,68.05,5,4040,1,1,1
2016,56739,Diesel,Manual,First,15.4,1997,120,7,10310,1,0,1
2018,36091,Diesel,Automatic,First,12.7,2179,187.7,5,55760,0,0,1
2010,120000,Diesel,Manual,First,20,1399,68,5,2600,1,0,1
2016,33000,Diesel,Manual,First,25.47,1248,88.5,7,8500,1,0,1
2014,52000,Diesel,Manual,First,25.8,1498,98.6,5,3500,1,0,1
2015,43571,Petrol,Manual,First,20.36,1197,78.9,5,3550,1,1,1
2013,50000,Diesel,Manual,First,25.8,1498,98.6,5,3250,1,0,1
2008,113000,Diesel,Manual,First,17.5,1896,106,5,4500,1,0,1
2014,90000,Diesel,Manual,First,19.87,1461,83.8,5,5350,1,0,1
2017,29000,Diesel,Manual,Second,17.45,1493,100,7,6500,1,0,0
2016,20000,Diesel,Manual,First,24.3,1248,88.5,5,9000,1,0,1
2016,61012,Petrol,Manual,First,18.6,1197,81.83,5,6000,1,1,1
2009,87459,Petrol,Manual,First,14.7,1390,85,5,2750,1,1,1
2010,70500,Petrol,Manual,First,15.64,1193,64.1,5,1500,1,1,1
2015,64103,Diesel,Automatic,First,15.73,1968,174.33,5,19900,0,0,1
2014,76000,Petrol,Automatic,First,14.7,1798,177.5,5,10000,0,1,1
2014,104000,Diesel,Manual,First,23.59,1364,67.06,5,3000,1,0,1
2014,37245,Petrol,Automatic,First,14.8,1595,120.7,5,11960,0,1,1
2013,45000,Diesel,Manual,First,27.4,1498,98.6,5,3250,1,0,1
2012,117837,Diesel,Manual,Second,22.32,1582,126.32,5,4750,1,0,0
2014,30000,Diesel,Manual,First,20.46,1461,83.8,5,5950,1,0,1
2015,27057,Petrol,Manual,Second,15.29,1591,121.3,5,8150,1,1,0
2016,8500,Petrol,Automatic,First,20.51,998,67,5,4220,0,1,1
2010,30500,Petrol,Automatic,First,11.74,1796,186,5,10500,0,1,1
2012,56000,Diesel,Automatic,First,11.8,2967,246.7,5,45000,0,0,1
2012,44000,Petrol,Manual,Second,19.81,1086,68.05,5,2900,1,1,0
2017,10500,Petrol,Automatic,First,14.3,1598,103.52,5,8900,0,1,1
2017,26000,Petrol,Automatic,First,14.67,1798,177.46,5,26000,0,1,1
2018,25166,Petrol,Manual,First,17.19,1197,81.86,5,8220,1,1,1
2014,64000,Diesel,Manual,Second,25.8,1498,98.6,5,3500,1,0,0
2004,61000,Petrol,Manual,Second,18.9,998,67.1,5,1250,1,1,0
2013,107000,Diesel,Manual,First,21.03,1461,65,5,3700,1,0,1
2018,29161,Diesel,Automatic,First,19.27,2143,167.62,5,39410,0,0,1
2013,32000,Petrol,Manual,First,22.5,998,67.04,5,2650,1,1,1
2015,46173,Diesel,Manual,Second,19.01,1461,108.5,5,8920,1,0,0
2017,26327,Petrol,Automatic,First,16.82,1998,189.08,4,35670,0,1,1
2007,200000,Diesel,Manual,Second,17.2,1396,53.5,5,850,1,0,0
2016,60813,Petrol,Manual,Second,18.6,1199,76.8,5,3320,1,1,0
2012,45000,Diesel,Manual,First,22.07,1199,73.9,5,3600,1,0,1
2016,64000,Diesel,Manual,First,22.9,1248,74,5,6800,1,0,1
2012,41284,Diesel,Manual,First,20,1399,68.05,5,2500,1,0,1
2019,14165,Diesel,Automatic,First,11.36,2755,171.5,7,19640,0,0,1
2011,67000,Diesel,Automatic,Second,11.72,2199,194.3,7,7000,0,0,0
2011,32572,Petrol,Manual,First,17.4,1497,117.3,5,3870,1,1,1
2018,14960,Petrol,Manual,First,18.6,1197,81.83,5,6270,1,1,1
2015,55980,Diesel,Automatic,First,19.27,2143,167.62,5,18120,0,0,1
2013,74000,Diesel,Manual,First,25.44,936,57.6,5,2650,1,0,1
2015,56847,Diesel,Manual,First,22.54,1396,88.73,5,7200,1,0,1
2015,121374,Diesel,Manual,First,12.99,2494,100.6,7,14300,1,0,1
2013,52000,Diesel,Manual,First,20.77,1248,88.76,7,6900,1,0,1
2014,118000,Diesel,Manual,First,12.8,2494,102,7,10750,1,0,1
2016,33915,Petrol,Manual,First,17.8,1497,117.3,5,8090,1,1,1
2014,82002,Diesel,Automatic,First,17.05,1995,184,5,18500,0,0,1
2017,33000,Diesel,Manual,First,24,1120,70,5,4750,1,0,1
2016,34000,Diesel,Manual,First,28.09,1248,88.5,5,8450,1,0,1
2012,55000,Diesel,Manual,First,20.5,1598,103.6,5,3500,1,0,1
2006,160538,Diesel,Manual,First,13.1,1493,82,5,1800,1,0,1
2014,60000,Diesel,Manual,Second,19.91,1498,103.6,5,3700,1,0,0
2017,49575,Petrol,Manual,First,18.7,1199,88.7,5,7170,1,1,1
2010,83000,Petrol,Manual,First,19.81,1086,68.05,5,1750,1,1,1
2018,51346,Diesel,Automatic,First,16.38,1995,183,5,21990,0,0,1
2017,43000,Diesel,Manual,First,13.68,2393,147.8,7,18650,1,0,1
2011,35000,Petrol,Manual,Third,19.7,796,35,5,1850,1,1,0
2017,27872,Petrol,Manual,Second,20.4,1197,81.8,5,5950,1,1,0
2014,16514,Petrol,Manual,First,18.9,1197,82,5,3750,1,1,1
2012,120000,Diesel,Manual,First,22.9,1248,74,5,3750,1,0,1
2008,143275,Diesel,Manual,First,22,1582,126.2,5,2600,1,0,1
2010,52000,Petrol,Manual,First,17,1197,80,5,2800,1,1,1
2017,29819,Diesel,Automatic,First,11.57,2987,254.79,5,61290,0,0,1
2014,57000,Diesel,Manual,Second,15.8,2148,170,5,18000,1,0,0
2014,88500,Diesel,Manual,First,23.2,1248,73.94,5,4350,1,0,1
2016,28000,Diesel,Manual,First,19.67,1582,126.2,5,13750,1,0,1
2010,67000,Petrol,Manual,First,19,998,66.1,5,2000,1,1,1
2016,26000,Diesel,Manual,First,19.64,1461,108.45,5,10000,1,0,1
2010,120000,Diesel,Manual,First,17.8,1248,76,5,1650,1,0,1
2017,51982,Diesel,Automatic,First,16.55,2993,258,5,45770,0,0,1
2010,36000,Petrol,Manual,Second,20.36,1197,78.9,5,3250,1,1,0
2016,47000,Diesel,Manual,First,12.8,2494,102,7,12800,1,0,1
2002,60000,Petrol,Manual,Third,17.3,993,60,5,550,1,1,0
2018,31025,Diesel,Manual,First,28.4,1248,74,5,7150,1,0,1
2013,105000,Diesel,Manual,Second,12.05,2179,120,8,7000,1,0,0
2017,121900,Diesel,Manual,First,22.95,1248,74,5,3750,1,0,1
2017,22695,Petrol,Manual,First,18.88,999,123.24,5,8500,1,1,1
2012,73000,Diesel,Manual,First,23.4,1248,74,5,4350,1,0,1
2016,32227,Petrol,Manual,First,22.74,796,47.3,5,3260,1,1,1
2011,55000,Petrol,Manual,First,17,1497,118,5,4210,1,1,1
2018,11287,Diesel,Automatic,First,12.07,2967,241.4,7,70360,0,0,1
2009,48000,Diesel,Automatic,Second,17,1896,105,5,2950,0,0,0
2012,54308,Petrol,Manual,First,17.1,1591,121.3,5,4280,1,1,1
2009,78442,Petrol,Automatic,First,16.8,1497,118,5,3570,0,1,1
2013,46000,Diesel,Manual,First,21.9,1396,88.8,5,3110,1,0,1
2014,45051,Petrol,Automatic,First,15,1396,98.6,5,5960,0,1,1
2011,69000,Diesel,Manual,First,20.54,1598,103.6,5,4700,1,0,1
2014,49000,Petrol,Manual,First,17.4,1497,117.3,5,6900,1,1,1
2018,45000,Diesel,Manual,First,22.95,1248,74,5,5250,1,0,1
2015,64000,Diesel,Automatic,First,18.48,1995,177,5,28000,0,0,1
2009,60000,Petrol,Manual,First,18.9,1061,67,5,1350,1,1,1
2015,62178,Petrol,Manual,First,18.2,1199,88.7,5,4850,1,1,1
2012,58006,Diesel,Manual,First,15,1896,105,5,6700,1,0,1
2010,74000,Petrol,Manual,First,20.36,1197,78.9,5,3100,1,1,1
2015,77771,Diesel,Automatic,First,19.27,2143,170,5,18640,0,0,1
2012,45275,Petrol,Manual,First,20.36,1197,78.9,5,2800,1,1,1
2016,48000,Diesel,Manual,First,13.68,2393,147.8,7,20250,1,0,1
2015,31652,Diesel,Automatic,First,17.68,1968,174.33,5,26780,0,0,1
2010,109000,Diesel,Manual,Second,12.99,2494,100.6,7,8260,1,0,0
2015,31978,Petrol,Manual,First,16.47,1198,73.9,5,3890,1,1,1
2011,70000,Petrol,Manual,First,20.92,998,67.1,5,2100,1,1,1
2017,15000,Petrol,Automatic,First,18,1497,117.3,5,12690,0,1,1
2013,59138,Diesel,Manual,First,17,1405,70,5,2580,1,0,1
2014,61726,Diesel,Automatic,First,17.68,1968,174.33,5,20770,0,0,1
2015,48000,Diesel,Automatic,First,17.9,2143,136,5,20260,0,0,1
2014,77815,Petrol,Automatic,First,23.1,998,67.04,5,4250,0,1,1
2017,29000,Diesel,Automatic,First,17.9,2143,201.15,5,57000,0,0,1
2017,44000,Diesel,Automatic,First,12.7,2179,187.7,5,44000,0,0,1
2011,108626,Diesel,Manual,First,20.54,1598,103.6,5,3650,1,0,1
2012,71791,Petrol,Manual,First,14,796,35,5,2050,1,1,1
2012,91931,Petrol,Manual,First,18.5,1198,86.8,5,3130,1,1,1
2000,158000,Diesel,Manual,Second,14.07,2956,83.1,7,1500,1,0,0
2012,91183,Diesel,Manual,First,18,1248,75,5,2850,1,0,1
2012,65000,Petrol,Manual,First,18.9,998,67.1,5,2650,1,1,1
2015,88428,Diesel,Manual,First,16,2179,140,7,10600,1,0,1
2008,138000,Diesel,Manual,Second,17.1,1396,70,5,1250,1,0,0
2018,18000,Petrol,Manual,First,16.02,1373,93.7,7,8250,1,1,1
2011,60000,Petrol,Automatic,First,11.7,2354,177.6,5,4450,0,1,1
2012,48000,Diesel,Manual,First,19.3,1248,73.9,5,3700,1,0,1
2009,160000,Diesel,Manual,First,17.8,1399,68,5,2800,1,0,1
2008,40000,Petrol,Manual,First,17.7,1497,78,5,1800,1,1,1
2014,51495,Diesel,Automatic,First,17.68,1968,174.33,5,21950,0,0,1
2011,30000,Diesel,Automatic,First,9.52,2993,313,4,49000,0,0,1
2017,97430,Diesel,Automatic,First,14.75,2967,245,7,62670,0,0,1
2008,42496,CNG,Manual,First,26.3,998,67.1,5,1400,1,0,1
2012,83000,Diesel,Manual,First,23,1396,90,5,5500,1,0,1
2009,37000,Petrol,Automatic,Third,16.95,1197,78.9,5,2950,0,1,0
2016,28503,Petrol,Automatic,First,19,1199,88.7,5,6860,0,1,1
2015,76496,Diesel,Manual,First,25.2,1248,74,5,6150,1,0,1
2011,79152,Petrol,Manual,Second,18.5,1197,82.85,5,3300,1,1,0
2011,32000,Petrol,Manual,First,16.47,1198,73.9,5,2550,1,1,1
2009,35000,Petrol,Manual,First,19.7,796,46.3,5,1500,1,1,1
2004,105000,Petrol,Automatic,Second,11.3,1794,125,5,2500,0,1,0
2006,56000,Petrol,Manual,Second,19.7,796,46.3,5,1400,1,1,0
2012,73000,Diesel,Manual,First,21.12,1248,88.8,5,3400,1,0,1
2012,38000,Petrol,Manual,First,19.7,796,46.3,5,2250,1,1,1
2013,775000,Diesel,Automatic,First,19.3,1968,141,5,7500,0,0,1
2008,80000,Petrol,Automatic,First,11.3,1794,125,5,2800,0,1,1
2016,24973,Petrol,Manual,First,18.6,1197,81.83,5,7660,1,1,1
2016,45000,Diesel,Manual,First,24.3,1248,88.5,5,7150,1,0,1
2010,87430,Petrol,Manual,First,17,1497,118,5,3500,1,1,1
2014,133944,Diesel,Manual,Second,18,1248,75,5,3500,1,0,0
2013,57000,Diesel,Manual,First,25.8,1498,98.6,5,3450,1,0,1
2016,27904,Petrol,Manual,First,21.1,814,55.2,5,3550,1,1,1
2015,30717,Diesel,Automatic,Second,21.76,1995,190,5,25990,0,0,0
2012,80000,Diesel,Manual,First,22.32,1582,126.32,5,5250,1,0,1
2013,47304,Diesel,Manual,First,21.02,1248,88.8,5,2900,1,0,1
2005,100000,Petrol,Automatic,First,14.45,1984,227,5,2050,0,1,1
2017,30000,Petrol,Manual,First,24.07,998,67.1,5,3750,1,1,1
2014,68000,Diesel,Manual,First,22.7,1498,89.84,5,6750,1,0,1
2011,21000,Petrol,Manual,Second,18,995,62,5,950,1,1,0
2017,21000,Diesel,Automatic,First,19.33,1999,177,5,52000,0,0,1
2007,119000,Petrol,Manual,Third,13.1,1997,141.1,5,3910,1,1,0
2019,13747,Petrol,Automatic,First,14.67,1798,177.46,5,27300,0,1,1
2009,620000,Petrol,Manual,First,20.36,1197,78.9,5,2700,1,1,1
2013,70000,Diesel,Manual,First,22.9,1248,74,5,3500,1,0,1
2016,18000,Petrol,Automatic,First,18.5,1197,83.14,5,6200,0,1,1
2011,83000,Diesel,Manual,First,23.08,1461,63.1,5,2750,1,0,1
2015,130000,Diesel,Manual,First,23.4,1248,74,5,3250,1,0,1
2012,63400,Diesel,Manual,First,17.8,1399,67,5,3250,1,0,1
2003,65000,Petrol,Manual,First,17.3,993,60,5,650,1,1,1
2017,8350,Petrol,Manual,First,13.8,1998,192,5,35000,1,1,1
2014,45000,Diesel,Manual,First,23.59,1364,67.05,5,3250,1,0,1
2018,26200,Petrol,Manual,First,24.7,796,47.3,5,2900,1,1,1
2011,11000,Petrol,Manual,Third,18.9,796,47,5,2900,1,1,0
2009,90000,Diesel,Automatic,Second,11,2993,235,5,17750,0,0,0
2015,74000,Petrol,Automatic,Second,11.07,2496,179.5,5,8250,0,1,0
2015,37081,Petrol,Automatic,First,18.9,1197,82,5,5770,0,1,1
2017,39000,Diesel,Manual,First,24.3,1248,88.5,5,9490,1,0,1
2008,99000,Diesel,Automatic,Third,12.07,2967,241.4,7,12950,0,0,0
2015,38000,Diesel,Automatic,First,17.9,2143,136,5,20000,0,0,1
2007,72000,Petrol,Manual,Third,16.1,796,37,4,1000,1,1,0
2015,93000,Diesel,Manual,Second,20.45,1461,83.8,5,7100,1,0,0
2017,5900,Diesel,Manual,First,21.43,1364,87.2,5,16500,1,0,1
2014,25000,Diesel,Manual,First,15.8,2148,170,5,26000,1,0,1
2010,68000,Diesel,Manual,Second,21.1,1248,73.9,5,3200,1,0,0
2017,35676,Petrol,Automatic,First,16,1497,117.3,7,9480,0,1,1
2015,74310,Diesel,Manual,First,24.4,1120,71,5,4000,1,0,1
2014,59364,Diesel,Automatic,First,14.21,2143,203,5,26500,0,0,1
2014,41380,Petrol,Automatic,Second,14.8,1595,120.7,5,11770,0,1,0
2017,33900,Diesel,Automatic,First,15,2143,204,5,37000,0,0,1
2016,28000,Petrol,Manual,First,17.8,1497,117.3,5,8750,1,1,1
2011,93982,Petrol,Manual,First,17,1497,118,5,3750,1,1,1
2010,95000,Petrol,Manual,First,16.2,1599,103.2,5,2500,1,1,1
2017,9000,Petrol,Automatic,First,13.5,1999,246.74,5,34500,0,1,1
2015,52516,Petrol,Manual,First,18,1198,86.7,5,4650,1,1,1
2015,20000,Petrol,Automatic,First,18.86,1598,122,4,32000,0,1,1
2017,56451,Diesel,Automatic,First,13.5,2987,282,5,62810,0,0,1
2014,37000,Petrol,Manual,First,21.1,814,55.2,5,3250,1,1,1
2014,17400,Petrol,Manual,First,20.51,998,67.04,5,3100,1,1,1
2011,90207,Diesel,Manual,First,21.1,1248,73.9,5,3910,1,0,1
2011,89616,Diesel,Automatic,First,16.07,1995,181,5,11000,0,0,1
2014,85000,Diesel,Manual,First,13.49,2179,138.03,5,3500,1,0,1
2014,79271,Diesel,Automatic,First,20.38,1968,143,5,16500,0,0,1
2012,56000,Diesel,Automatic,First,12.7,2179,187.7,5,30000,0,0,1
2010,85001,Diesel,Automatic,Second,12,2987,224,7,28000,0,0,0
2018,12000,Diesel,Automatic,First,13.5,2477,175.56,7,28000,0,0,1
2010,125000,Petrol,Manual,First,19.7,796,46.3,5,920,1,1,1
2013,53000,Petrol,Manual,First,14,1061,64,5,2750,1,1,1
2017,34990,Diesel,Automatic,First,12.7,2179,187.7,5,53830,0,0,1
2011,49768,Petrol,Manual,Second,17.01,1591,121.3,5,4950,1,1,0
2013,56000,Diesel,Automatic,First,16.73,2993,218,5,33500,0,0,1
2013,75000,Diesel,Automatic,First,14.74,2993,270.9,5,27950,0,0,1
2010,57000,Petrol,Automatic,First,13.7,1798,157.75,5,7250,0,1,1
2017,37542,Diesel,Automatic,First,15.73,1968,174.33,5,25710,0,0,1
2014,95649,Diesel,Automatic,First,12.7,2179,187.7,5,29670,0,0,1
2013,35299,Diesel,Automatic,First,14.84,2143,170,5,19000,0,0,1
2017,28464,Diesel,Manual,First,15.4,2179,120,7,13050,1,0,1
2015,41000,Diesel,Automatic,First,21.76,1995,190,5,25500,0,0,1
2017,9000,Petrol,Manual,First,15.4,1497,117.3,7,8500,1,1,1
2010,92098,Diesel,Automatic,Second,16,2400,215,5,7250,0,0,0
2005,5834,Petrol,Manual,First,13.2,1495,94,5,800,1,1,1
2017,40250,Petrol,Manual,First,17.19,1197,81.86,5,6900,1,1,1
2018,22397,Petrol,Automatic,First,11.5,2996,367,5,70990,0,1,1
2015,20800,Petrol,Manual,Second,21.1,814,55.2,5,2250,1,1,0
2018,40322,Petrol,Manual,First,18.9,1197,81.86,5,5500,1,1,1
2013,52576,Petrol,Manual,First,13,1493,100,5,4350,1,1,1
2010,55000,Petrol,Manual,First,16.47,1198,73.9,5,2250,1,1,1
2016,47000,Petrol,Automatic,First,15.26,1798,187.74,5,24500,0,1,1
2017,23163,Petrol,Manual,First,15.29,1591,121.3,5,12030,1,1,1
2011,50000,Petrol,Automatic,Second,11.74,1796,186,5,8500,0,1,0
2014,11900,Petrol,Automatic,First,16.82,1998,189.08,4,28500,0,1,1
2013,37000,Diesel,Manual,First,23.59,1364,67.04,5,5750,1,0,1
2014,30000,Petrol,Manual,Second,19.4,1198,86.8,5,3200,1,1,0
2018,12831,Petrol,Automatic,First,21.4,1197,83.1,5,9890,0,1,1
2012,143017,Diesel,Automatic,First,20,1968,138.1,5,6580,0,0,1
2018,13102,Petrol,Manual,First,21.1,814,55.2,5,4060,1,1,1
2019,24950,Diesel,Manual,First,20.37,1461,108.45,5,13370,1,0,1
2011,57832,Diesel,Automatic,First,16.2,2993,258,5,25820,0,0,1
2016,34267,Petrol,Manual,First,22.74,796,47.3,5,3740,1,1,1
2015,33000,Diesel,Automatic,Second,16.8,1984,150,5,22000,0,0,0
2007,55100,Petrol,Manual,First,18.9,998,67.1,5,1450,1,1,1
2008,40000,Petrol,Manual,First,17.7,1497,78,5,2000,1,1,1
2017,31841,CNG,Manual,First,15.1,1196,73,5,4700,1,0,1
2014,15000,Petrol,Manual,First,13.7,1399,98.79,8,3750,1,1,1
2016,82756,Diesel,Manual,First,15.96,2523,62.1,7,7700,1,0,1
2014,20600,Petrol,Manual,First,21.1,814,55.2,5,2600,1,1,1
2017,29952,Petrol,Automatic,First,13,1591,121.3,5,13770,0,1,1
2017,15000,Petrol,Manual,Second,16.09,1598,103.5,5,7100,1,1,0
2008,61938,Petrol,Automatic,Second,12.9,1799,130,5,2650,0,1,0
2014,67000,Diesel,Manual,First,22.3,1248,74,5,2500,1,0,1
2013,61672,Diesel,Manual,First,16,2179,140,7,7530,1,0,1
2017,26185,Petrol,Manual,First,18.6,1197,81.83,5,7980,1,1,1
2014,38000,Diesel,Automatic,Second,14.16,1968,174.3,5,39000,0,0,0
2011,67000,Petrol,Manual,Second,18.5,1197,85.8,5,2250,1,1,0
2010,66000,Petrol,Manual,Second,13.17,1999,114,5,3850,1,1,0
2015,80883,Diesel,Manual,First,12.8,2494,102,7,13500,1,0,1
2016,80219,Diesel,Manual,First,27.62,793,47,5,3500,1,0,1
2018,12923,Diesel,Manual,First,25.1,1248,88.5,5,8920,1,0,1
2016,86642,Diesel,Automatic,First,15.17,1968,181,5,20370,0,0,1
2016,19235,Diesel,Automatic,First,21.76,1995,190,5,36500,0,0,1
2016,51002,Diesel,Automatic,First,11.33,4134,335.2,7,48910,0,0,1
2016,6800,Petrol,Manual,First,18.6,1197,81.83,5,7200,1,1,1
2012,82749,Diesel,Manual,First,19.01,1461,108.45,5,5990,1,0,1
2016,51000,Diesel,Manual,First,24.4,1120,71,5,5250,1,0,1
2014,31465,Diesel,Manual,First,22.7,1498,89.84,5,6500,1,0,1
2013,76476,Petrol,Manual,First,16.47,1198,73.9,5,4400,1,1,1
2017,14000,Diesel,Manual,First,24,1120,70,5,4600,1,0,1
2013,47000,Diesel,Manual,First,21.12,1248,88.8,5,2950,1,0,1
2011,48466,Petrol,Manual,First,17,1497,118,5,3260,1,1,1
2008,46000,Petrol,Manual,Second,17.92,1086,62.1,5,2220,1,1,0
2012,162663,Diesel,Manual,First,12.99,2494,100,7,10500,1,0,1
2017,25142,Diesel,Manual,First,28.09,1248,88.5,5,8260,1,0,1
2013,69000,Diesel,Manual,First,12.55,2982,169,7,14450,1,0,1
2018,26405,Petrol,Automatic,First,12.6,1950,191.34,5,51430,0,1,1
2014,45000,Diesel,Manual,First,15.8,2148,170,5,23000,1,0,1
2012,64284,Diesel,Manual,First,17.72,1968,108.49,5,5500,1,0,1
2015,27000,Petrol,Manual,First,18.9,1197,82,5,4500,1,1,1
2018,3678,Petrol,Manual,First,18.16,1196,86.8,5,6800,1,1,1
2013,21000,Petrol,Manual,First,16.8,1395,138.02,5,8750,1,1,1
2015,67000,Diesel,Manual,Second,19.87,1461,83.8,5,7000,1,0,0
2015,24000,Diesel,Automatic,Second,15.68,1999,177,5,33500,0,0,0
2011,75000,Diesel,Manual,Second,20,1399,68,5,2250,1,0,0
2008,179000,Diesel,Automatic,Second,12.8,2953,156,7,4240,0,0,0
2017,47198,Diesel,Manual,First,12.55,2982,168.5,7,28420,1,0,1
2012,52000,Diesel,Manual,First,22.07,1199,73.9,5,2750,1,0,1
2011,91000,Diesel,Manual,First,23.2,1248,73.94,5,3000,1,0,1
2013,60000,Diesel,Manual,First,23.08,1461,63.1,5,3550,1,0,1
2013,37873,Diesel,Manual,First,22.32,1582,126.32,5,4800,1,0,1
2011,31000,Petrol,Automatic,First,10.8,2497,150,5,13500,0,1,1
2017,129000,Diesel,Automatic,First,11,2987,258,7,56000,0,0,1
2004,78000,Petrol,Automatic,First,12,2354,187.4,5,3990,0,1,1
2016,32000,Diesel,Automatic,First,17.01,1582,126.2,5,15500,0,0,1
2010,59000,Petrol,Manual,Second,19.81,1086,68.05,5,2320,1,1,0
2016,35437,Diesel,Automatic,First,20,2143,136,5,18580,0,0,1
2014,98000,Petrol,Manual,First,16.02,1373,93.7,7,5500,1,1,1
2006,72000,Diesel,Manual,Second,18.7,1896,66,5,3200,1,0,0
2015,79000,Petrol,Manual,First,18,1198,86.7,5,4000,1,1,1
2004,29000,Petrol,Manual,First,17.3,993,60,5,1600,1,1,1
2013,66012,Petrol,Manual,First,15.5,1586,103.3,5,4150,1,1,1
2014,35000,Petrol,Automatic,First,16.5,1198,86.8,5,4250,0,1,1
2011,75000,Petrol,Manual,First,18.9,998,67.1,5,2600,1,1,1
2008,80000,Petrol,Automatic,Second,12.1,2362,164.7,5,3430,0,1,0
2012,32717,Petrol,Manual,First,18.6,1199,79.4,5,2550,1,1,1
2017,25000,Diesel,Automatic,First,12.55,2982,168.5,7,32000,0,0,1
2014,79000,Diesel,Manual,First,22.7,1498,89.84,5,6250,1,0,1
2010,86000,Diesel,Manual,Second,17.8,1248,75,5,3600,1,0,0
2010,137000,Diesel,Automatic,First,13.5,2987,282,5,18500,0,0,1
2015,25000,Petrol,Manual,Second,17.3,1497,117.3,7,4250,1,1,0
2017,8500,Petrol,Manual,Second,18.9,1197,82,5,4800,1,1,0
2015,34000,Diesel,Automatic,First,16,2179,140,7,13000,0,0,1
2012,41629,Petrol,Manual,Second,14.83,1598,105,5,2250,1,1,0
2009,80227,Petrol,Manual,First,17.92,1086,62.1,5,2300,1,1,1
2019,8587,Petrol,Manual,First,15.29,1591,121.3,5,13560,1,1,1
2017,30000,Diesel,Manual,First,15.4,1997,120,7,12250,1,0,1
2013,64186,Diesel,Manual,First,20.5,1598,103.5,5,3760,1,0,1
2015,76427,Diesel,Manual,First,19.01,1461,108.45,5,8580,1,0,1
2011,75000,Diesel,Automatic,First,11.7,2993,245,5,27500,0,0,1
2013,27075,Petrol,Manual,First,17.6,1496,88.73,5,4950,1,1,1
2012,30000,Petrol,Manual,First,22.5,998,67.04,5,3300,1,1,1
2016,69434,Petrol,Manual,First,15.8,1591,121.3,5,8000,1,1,1
2014,56000,Petrol,Manual,First,23.1,998,67.04,5,2790,1,1,1
2017,49275,Diesel,Automatic,First,12.7,2179,187.7,5,45640,0,0,1
2014,8700,Petrol,Manual,First,18.6,1199,76.8,5,2550,1,1,1
2014,18000,Petrol,Manual,Second,25.4,624,37.5,4,1000,1,1,0
2017,41041,Diesel,Automatic,First,17.68,1968,174.33,5,37560,0,0,1
2009,80464,Diesel,Automatic,Second,11,2987,198.5,5,9290,0,0,0
2019,20667,Petrol,Manual,First,22,1197,81.8,5,6370,1,1,1
2013,60283,Petrol,Manual,First,14.6,1368,112,5,2980,1,1,1
2017,31696,Petrol,Manual,First,20.4,1197,81.8,5,5750,1,1,1
2010,100000,Diesel,Manual,First,11.5,2982,171,7,13000,1,0,1
2014,13361,Petrol,Manual,First,16.02,1373,93.7,7,6800,1,1,1
2010,48394,Petrol,Automatic,First,12.05,1995,154,5,10490,0,1,1
2014,47399,Petrol,Manual,First,16.02,1373,93.7,7,5600,1,1,1
2010,69000,Petrol,Automatic,Second,16.8,1497,118,5,2850,0,1,0
2013,65278,Diesel,Manual,First,14.66,2199,194.3,7,8360,1,0,1
2005,108000,Diesel,Manual,First,17,1405,70,5,1000,1,0,1
2010,50645,Petrol,Automatic,Second,10.93,2497,204,5,10750,0,1,0
2011,130002,Diesel,Manual,First,19.3,1248,73.9,5,3850,1,0,1
2012,107000,Diesel,Manual,First,17.8,1399,67,5,3000,1,0,1
2015,41950,Petrol,Automatic,First,18,1497,117.3,5,9600,0,1,1
2012,109000,Diesel,Manual,First,13,2982,168.5,7,13250,1,0,1
2016,9000,Petrol,Manual,First,18,1198,86.7,5,5750,1,1,1
2014,43900,Diesel,Manual,First,22.54,1396,88.73,5,6750,1,0,1
2013,64000,Diesel,Manual,Second,18.2,1248,73.8,7,4850,1,0,0
2019,13190,Petrol,Automatic,First,0,1950,181.43,5,38990,0,1,1
2009,77652,Petrol,Automatic,First,12.6,1586,103.2,5,2850,0,1,1
2012,55000,Diesel,Manual,First,12.99,2494,100,7,9510,1,0,1
2012,59900,Diesel,Automatic,Second,18.48,1995,177,5,18500,0,0,0
2015,73539,Diesel,Manual,First,19.01,1461,108.45,5,6750,1,0,1
2017,31645,Diesel,Automatic,First,20.68,1995,190,5,29400,0,0,1
2009,69690,Petrol,Manual,First,17.7,1497,78,5,3290,1,1,1
2016,41000,Diesel,Manual,First,28.09,1248,88.5,5,9500,1,0,1
2010,109200,Petrol,Manual,Second,17.5,1298,85.8,5,2200,1,1,0
2012,80000,Diesel,Manual,First,15.1,2179,140,7,6500,1,0,1
2007,51000,Petrol,Manual,First,13.5,1799,130,5,4900,1,1,1
2013,105000,Diesel,Manual,Second,25.47,1248,88.5,7,6750,1,0,0
2013,179000,Diesel,Manual,First,23.59,1364,67.04,5,3800,1,0,1
2013,12100,Petrol,Automatic,First,9.9,1984,207.8,2,29500,0,1,1
2017,31000,Diesel,Manual,First,21.13,1498,108.4,5,10500,1,0,1
2015,50000,Diesel,Manual,First,20.14,1498,88.8,5,6200,1,0,1
2009,48000,Diesel,Automatic,First,17,1896,105,5,5000,0,0,1
2007,35000,Diesel,Manual,First,19.2,1461,65,5,2300,1,0,1
2016,100200,Diesel,Automatic,First,11.36,2755,171.5,7,17000,0,0,1
2014,47000,Diesel,Automatic,First,18.88,1995,184,5,25500,0,0,1
2015,63642,Diesel,Manual,First,27.3,1498,98.6,5,5650,1,0,1
2015,62550,Diesel,Manual,First,25.8,1498,98.6,5,5600,1,0,1
2015,37340,Diesel,Automatic,First,16.36,2179,187.7,5,29980,0,0,1
2016,38461,Diesel,Manual,First,26.59,1248,74,5,7390,1,0,1
2018,29000,Diesel,Manual,First,17.1,1956,170,5,19000,1,0,1
2010,31000,Petrol,Manual,First,12.5,1794,132,5,5000,1,1,1
2011,42086,Petrol,Manual,First,17,1497,118,5,3350,1,1,1
2013,49000,Petrol,Manual,First,18.6,1197,85.8,5,4450,1,1,1
2019,77240,Diesel,Automatic,First,22.32,1582,126.32,5,8310,0,0,1
2012,105000,Diesel,Manual,Second,15.96,2523,62.1,7,6000,1,0,0
2014,35000,Diesel,Manual,First,22.9,1248,74,5,5250,1,0,1
2012,202082,Diesel,Automatic,First,17.68,1968,174.33,5,12300,0,0,1
2004,129000,Petrol,Manual,Third,13.8,1299,70,5,1500,1,1,0
2018,33558,Diesel,Manual,First,20.14,1498,88,5,8120,1,0,1
2012,60271,Diesel,Manual,First,13.6,2523,63,7,6120,1,0,1
2017,45366,Diesel,Manual,First,25.1,1498,98.6,5,10880,1,0,1
2014,9500,Petrol,Manual,First,18.2,1199,82.5,5,3500,1,1,1
2016,42362,Petrol,Manual,First,18.6,1197,81.83,5,6150,1,1,1
2016,21000,Diesel,Automatic,First,17.05,1995,184,5,33000,0,0,1
2012,15200,Diesel,Automatic,First,15.06,1995,177,5,13500,0,0,1
2015,43690,Diesel,Automatic,First,12.55,2982,168.5,7,17110,0,0,1
2014,79926,Diesel,Automatic,First,11.33,4134,335.2,7,29770,0,0,1
2013,53073,Diesel,Manual,First,20.77,1248,88.76,7,5950,1,0,1
2015,59000,Petrol,Manual,First,18.5,1197,80,5,5750,1,1,1
2006,47088,Petrol,Automatic,Second,10.13,3498,364.9,5,19000,0,1,0
2014,55000,Diesel,Manual,First,20.45,1461,83.8,5,4750,1,0,1
2013,80430,Diesel,Manual,Second,17.21,1493,100,7,3300,1,0,0
2013,71932,Diesel,Automatic,First,12.55,2982,168.5,7,16500,0,0,1
2014,19000,Diesel,Automatic,First,15.97,2993,258,7,44000,0,0,1
2011,81759,Diesel,Manual,First,19.3,1248,73.9,5,4390,1,0,1
2018,52010,Diesel,Manual,First,25.2,1248,74,5,6200,1,0,1
2016,58953,Petrol,Automatic,First,13.53,1984,177.01,5,24220,0,1,1
2008,93000,Diesel,Manual,Third,10.5,2835,107.2,6,5450,1,0,0
2016,10000,Diesel,Automatic,First,16.36,2179,187.7,5,44000,0,0,1
2019,40674,Diesel,Automatic,First,11.36,2755,171.5,7,24820,0,0,1
2015,50000,Diesel,Automatic,First,19.3,1968,141,5,11690,0,0,1
2018,1331,Petrol,Automatic,First,14.28,1798,138.03,5,20000,0,1,1
2010,60000,Petrol,Manual,First,19.7,796,35,8,1450,1,1,1
2018,10003,Diesel,Automatic,First,17.9,2143,170,5,48500,0,0,1
2016,25000,Diesel,Automatic,First,21.5,1498,108.5,5,9450,0,0,1
2015,73000,Diesel,Manual,First,16,2179,140,7,12500,1,0,1
2014,59962,Diesel,Manual,First,20.45,1461,83.8,5,6900,1,0,1
2012,72000,Diesel,Manual,Second,22.32,1582,126.32,5,5800,1,0,0
2016,20967,Diesel,Automatic,First,14.69,2993,258,5,44560,0,0,1
2015,35000,Diesel,Manual,Second,15.4,2179,120,7,8500,1,0,0
2017,38056,Diesel,Manual,First,23.9,1582,126.2,5,10700,1,0,1
2009,94000,Diesel,Automatic,Second,12.07,2967,241.4,7,12000,0,0,0
2010,64236,Petrol,Manual,First,14.7,1150,76,5,2440,1,1,1
2000,124000,Diesel,Manual,First,13.6,2523,63,7,1950,1,0,1
2014,7400,Petrol,Manual,First,19.1,1197,82,5,4350,1,1,1
2017,52000,Diesel,Manual,First,13.68,2393,147.8,8,17500,1,0,1
2015,68764,Petrol,Manual,First,21.1,814,55.2,5,2900,1,1,1
2013,64000,Diesel,Manual,First,22.07,1199,73.9,5,2900,1,0,1
2016,21558,Diesel,Manual,First,24.3,1248,88.5,5,8900,1,0,1
2013,37500,Diesel,Automatic,First,18.88,1995,184,5,16750,0,0,1
2016,14077,Petrol,Manual,First,21.1,814,55.2,5,3950,1,1,1
2009,70000,Petrol,Manual,First,17,1497,118,5,2100,1,1,1
2011,54316,Petrol,Manual,Second,12.8,2354,177.6,5,4290,1,1,0
2009,90764,Diesel,Manual,First,14,2498,112,8,3850,1,0,1
2009,137000,Diesel,Automatic,Second,13.2,1995,170,5,9000,0,0,0
2013,127000,Petrol,Manual,Second,16.8,1497,116.3,5,4500,1,1,0
2016,51884,Diesel,Manual,First,16,2179,140,7,12460,1,0,1
2014,67407,Diesel,Manual,First,21.27,1396,88.76,5,4650,1,0,1
2014,107825,Diesel,Manual,First,13,2982,168.5,7,20500,1,0,1
2006,82453,Diesel,Manual,First,13.6,2523,63,8,2900,1,0,1
2007,30441,Petrol,Manual,First,15.9,1298,85,5,1450,1,1,1
2016,11000,Diesel,Automatic,First,20.7,1496,113.98,5,29500,0,0,1
2015,61000,Diesel,Automatic,First,15.73,1968,174.33,5,25000,0,0,1
2013,48454,Petrol,Manual,Second,17,1197,80,5,3500,1,1,0
2017,37000,Diesel,Manual,First,14.1,2179,154,7,11250,1,0,1
2017,32249,Diesel,Manual,First,21.9,1498,98.6,7,10790,1,0,1
2013,58000,Diesel,Manual,First,19.33,1968,138.03,5,5900,1,0,1
2017,28360,Petrol,Manual,First,19.1,1197,81.86,5,5120,1,1,1
2017,7000,Petrol,Manual,First,20.89,1197,81.8,5,5700,1,1,1
2016,19658,Diesel,Automatic,First,18.12,1995,190,5,35840,0,0,1
2007,92000,Petrol,Manual,First,13.8,1299,70,5,1250,1,1,1
2013,25000,Petrol,Manual,First,20.36,1197,78.9,5,2650,1,1,1
2016,37882,Diesel,Manual,First,22.32,1582,126.3,5,9190,1,0,1
2014,69330,Diesel,Automatic,First,16.07,1995,181,5,23500,0,0,1
2011,61000,Petrol,Automatic,First,12.3,1796,185,5,12500,0,1,1
2010,35000,Petrol,Manual,Second,18.6,1199,79.4,5,1500,1,1,0
2012,72450,Diesel,Manual,First,15.1,2179,140,7,8100,1,0,1
2017,36381,Diesel,Manual,First,28.09,1248,88.5,5,9750,1,0,1
2017,25559,Diesel,Automatic,First,19.71,2143,201.15,5,37930,0,0,1
2005,100000,Petrol,Automatic,Third,16.4,1497,78,5,1960,0,1,0
2015,94000,Diesel,Automatic,First,11.5,2982,169,7,20500,0,0,1
2011,64357,Petrol,Manual,First,24.07,998,67.1,5,2750,1,1,1
2017,10501,Petrol,Automatic,First,9.43,1999,237.4,5,75000,0,1,1
2009,47000,Diesel,Manual,First,21.9,1396,90,5,2800,1,0,1
2017,18000,Petrol,Automatic,First,16,1497,117.3,7,9250,0,1,1
2007,89000,Petrol,Manual,First,13.4,1794,125,5,3000,1,1,1
2014,49964,Diesel,Automatic,First,17.68,1968,174.33,5,23890,0,0,1
2014,35000,Diesel,Manual,First,12.99,2494,100.6,7,12750,1,0,1
2014,64000,Diesel,Manual,First,24,1120,70,5,4150,1,0,1
2013,36000,Petrol,Automatic,First,14.8,1598,105,5,4650,0,1,1
2012,78600,Diesel,Manual,First,12.8,2494,102,7,8900,1,0,1
2008,170000,Diesel,Manual,Second,16.8,1493,110,5,1500,1,0,0
2015,65000,Diesel,Manual,Second,23.2,1248,73.94,5,3270,1,0,0
2008,120300,Diesel,Automatic,Second,12.07,2967,241.4,7,18000,0,0,0
2016,21000,Petrol,Manual,First,18.6,1197,81.83,5,6300,1,1,1
2017,18108,Diesel,Manual,First,24.3,1248,88.5,5,11310,1,0,1
2014,58407,Petrol,Manual,First,17.4,1497,117.3,5,6160,1,1,1
2014,49500,Petrol,Manual,First,20.73,1373,91.1,5,6000,1,1,1
2013,37199,Petrol,Automatic,First,17.5,1498,99.6,5,5430,0,1,1
2012,62000,Diesel,Manual,First,22.07,1199,73.9,5,4650,1,0,1
2015,59000,Diesel,Manual,First,20.77,1248,88.8,7,7500,1,0,1
2015,60000,Diesel,Manual,First,26.59,1248,74,5,6250,1,0,1
2007,39037,Diesel,Automatic,First,14.84,2143,170,5,9250,0,0,1
2013,17003,Petrol,Manual,First,19.4,1198,86.8,5,3150,1,1,1
2008,80400,Petrol,Manual,First,16,1086,66.7,5,2300,1,1,1
2012,75200,Diesel,Manual,First,22.32,1582,126.32,5,5250,1,0,1
2017,41217,Diesel,Manual,First,28.09,1248,88.5,5,7400,1,0,1
2006,98293,Petrol,Manual,Second,13.8,1299,70,5,1550,1,1,0
2017,54000,Petrol,Manual,Second,16.2,1199,74,5,6000,1,1,0
2016,17377,Petrol,Manual,First,18.7,1199,88.7,5,5900,1,1,1
2013,33800,Diesel,Manual,Second,25.8,1498,98.6,5,4700,1,0,0
2015,86157,Diesel,Manual,First,22.54,1396,88.73,5,6500,1,0,1
2012,146824,Diesel,Manual,First,21.1,1248,73.9,5,3550,1,0,1
2014,55000,Petrol,Manual,First,16.8,1497,116.3,5,7100,1,1,1
2010,53293,Petrol,Manual,First,13.14,1798,160,5,6000,1,1,1
2017,38000,Diesel,Manual,First,24.3,1248,88.5,5,7990,1,0,1
2009,64000,Petrol,Manual,Second,17,1197,80,5,4100,1,1,0
2017,25058,Petrol,Automatic,First,24.07,998,67.1,5,3950,0,1,1
2016,36700,Petrol,Manual,First,21.1,814,55.2,5,4380,1,1,1
2011,35000,Petrol,Manual,First,20.36,1197,78.9,5,2750,1,1,1
2016,22732,Petrol,Automatic,First,18.1,3498,306,2,55540,0,1,1
2014,48000,Diesel,Automatic,First,18.53,1968,187.74,5,29000,0,0,1
2013,62084,Diesel,Manual,First,22.77,1498,98.59,5,6600,1,0,1
2012,39273,Diesel,Automatic,First,14.3,1968,140,5,6990,0,0,1
2017,64798,Diesel,Manual,First,13.68,2393,147.8,7,18750,1,0,1
2010,100002,Diesel,Manual,Third,20,1399,68,5,1280,1,0,0
2006,78000,Petrol,Manual,Third,14.49,1399,92.7,5,1200,1,1,0
2013,57717,Petrol,Manual,First,18.5,1197,85.8,5,4310,1,1,1
2011,109000,Diesel,Automatic,First,12.39,2179,147.51,5,16500,0,0,1
2017,74515,Petrol,Manual,First,18.9,1197,82,5,5640,1,1,1
2017,50484,Diesel,Automatic,First,10.91,3198,197.2,7,31120,0,0,1
2013,13452,Diesel,Automatic,First,12.8,1968,167.6,5,25460,0,0,1
2017,37688,Petrol,Manual,First,17.01,1591,121.3,5,7880,1,1,1
2017,34000,Diesel,Automatic,First,13,2143,204,5,36000,0,0,1
2014,120000,Diesel,Automatic,First,0,2987,165,5,30000,0,0,1
2008,64000,Petrol,Manual,Second,17.5,1298,85.8,5,2850,1,1,0
2011,100000,Petrol,Manual,First,13,1343,90,5,3500,1,1,1
2014,75000,Diesel,Manual,First,20.46,1461,83.8,5,7500,1,0,1
2012,86000,Diesel,Automatic,First,14.84,2143,170,5,19000,0,0,1
2015,69000,Diesel,Automatic,First,15.97,2993,258,5,54000,0,0,1
2015,41721,Petrol,Manual,First,19.1,1197,82,5,4700,1,1,1
2017,13000,Petrol,Automatic,First,22,1197,81.8,5,8500,0,1,1
2013,38998,Diesel,Automatic,First,16.07,1995,181,4,17000,0,0,1
2017,54250,Petrol,Manual,First,22.74,796,47.3,5,3510,1,1,1
2013,45979,Diesel,Automatic,Second,17.11,1968,174.33,5,19500,0,0,0
2012,37000,Petrol,Automatic,Second,13.6,1598,181,4,17000,0,1,0
2015,46983,Diesel,Automatic,Second,12.07,2967,241.4,7,43350,0,0,0
2012,40700,Diesel,Manual,First,25.44,936,57.6,5,2650,1,0,1
2015,43828,Petrol,Manual,First,20.51,998,67.04,5,3520,1,1,1
2016,53000,Diesel,Manual,First,19.01,1461,108.5,5,6250,1,0,1
2015,100000,Diesel,Automatic,First,18.88,1995,184,5,24750,0,0,1
2015,19000,Petrol,Manual,First,20.85,1197,83.14,5,5250,1,1,1
2016,84000,Diesel,Manual,First,17.72,1968,108.5,5,11000,1,0,1
2018,37630,Petrol,Automatic,First,15.63,1499,110.4,5,9100,0,1,1
2010,67714,Petrol,Manual,First,18.5,1197,80,5,3250,1,1,1
2017,32000,Diesel,Manual,First,15,1248,88.5,5,8500,1,0,1
2010,51000,Petrol,Manual,First,16.2,1599,103.2,5,3100,1,1,1
2015,58390,Diesel,Automatic,First,18.88,1995,184,5,19860,0,0,1
2017,14000,Diesel,Manual,First,24,1186,73.97,5,4900,1,0,1
2014,55818,Petrol,Manual,Second,17.4,1497,117.3,5,5700,1,1,0
2012,52241,Diesel,Manual,First,25.2,1248,74,5,2900,1,0,1
2018,25433,Diesel,Manual,First,27.39,1248,74,5,7830,1,0,1
2015,40611,Diesel,Manual,First,14,2179,138.1,7,8150,1,0,1
2008,72000,Petrol,Manual,Second,13.2,1495,94,5,2000,1,1,0
2016,54631,Diesel,Manual,First,25.2,1248,74,5,6250,1,0,1
2016,24941,Petrol,Automatic,First,21.9,624,37.48,4,3190,0,1,1
2017,63939,Diesel,Manual,First,25.47,1248,88.5,7,7750,1,0,1
2014,35214,Petrol,Automatic,Second,23.1,998,67.04,5,3200,0,1,0
2015,63000,Diesel,Manual,First,25.2,1248,74,5,4900,1,0,1
2012,121377,Petrol,Manual,First,15.04,1598,103.6,5,3800,1,1,1
2009,100970,Diesel,Automatic,First,15.5,1896,105,5,4000,0,0,1
2014,60000,Diesel,Automatic,Second,20.7,1496,113.98,5,23500,0,0,0
2008,77650,Diesel,Manual,First,17.2,1396,53.5,5,1150,1,0,1
2015,18955,Petrol,Automatic,First,18,1497,117.3,5,10650,0,1,1
2016,47877,Diesel,Automatic,First,16.36,2179,187.7,5,35680,0,0,1
2017,43368,Diesel,Automatic,First,15,2143,204,5,31940,0,0,1
2011,73000,Diesel,Manual,Third,18.3,1991,147.9,5,4200,1,0,0
2015,72007,Diesel,Manual,First,15.1,2179,140,7,9900,1,0,1
2014,56778,Petrol,Automatic,First,11.74,1796,186,5,15460,0,1,1
2018,20024,Petrol,Manual,First,18.2,1199,88.7,5,8460,1,1,1
2013,42103,Petrol,Manual,First,16.78,1496,88.73,5,3250,1,1,1
2012,67147,Petrol,Manual,First,19.7,796,46.3,5,2600,1,1,1
2016,37806,Petrol,Manual,First,20.4,1197,81.8,5,5200,1,1,1
2009,85000,Petrol,Manual,Third,19,998,66.1,5,1800,1,1,0
2011,35000,Petrol,Manual,First,25.4,624,37.48,4,1600,1,1,1
2015,72035,Diesel,Manual,First,25.5,1498,99,5,2500,1,0,1
2011,48500,Petrol,Manual,First,16,1368,90,5,2500,1,1,1
2017,28854,Petrol,Manual,First,18.16,1196,86.8,5,6700,1,1,1
2005,92450,Petrol,Manual,First,15.4,1590,94,5,1200,1,1,1
2016,14351,Diesel,Automatic,First,18.88,1995,184,5,35550,0,0,1
2017,51087,Diesel,Manual,First,17.9,1998,163.7,5,7750,1,0,1
2005,50000,Diesel,Manual,First,12.7,2609,116.6,8,1940,1,0,1
2016,73000,Diesel,Manual,First,25,1396,69,5,2200,1,0,1
2011,60000,Diesel,Automatic,First,18.1,1991,147.9,4,3800,0,0,1
2016,50000,Diesel,Manual,First,12.8,2494,102,8,15650,1,0,1
2018,36797,Diesel,Automatic,First,19.27,2143,167.62,5,39470,0,0,1
2011,50000,Petrol,Manual,Second,18.5,1197,85.8,5,1500,1,1,0
2013,94000,Diesel,Manual,First,12.8,2494,102,8,8850,1,0,1
2013,74000,Diesel,Manual,Second,12.55,2982,168.5,7,17900,1,0,0
2014,41016,Petrol,Automatic,Second,16.95,1197,78.9,5,5080,0,1,0
2012,67000,Diesel,Manual,First,22.32,1582,126.32,5,6250,1,0,1
2015,76927,Diesel,Automatic,First,15.73,1968,174.33,5,22750,0,0,1
2010,17088,Petrol,Manual,First,18.6,1199,79.4,5,1460,1,1,1
2007,112808,Diesel,Manual,Second,17.8,1399,68,5,2050,1,0,0
2014,74980,Diesel,Manual,First,20,1399,68,5,4080,1,0,1
2014,44600,Petrol,Automatic,First,23.1,998,67.04,5,4550,0,1,1
2013,37000,Diesel,Automatic,First,20,2143,107.3,5,14000,0,0,1
2016,21000,Petrol,Manual,First,15.8,1591,121.3,5,10900,1,1,1
2010,81245,Petrol,Manual,First,18.9,998,67.1,5,2450,1,1,1
2013,70000,Diesel,Automatic,First,10,2148,170,5,15800,0,0,1
2017,4018,Petrol,Manual,First,18.88,1499,110.4,5,8250,1,1,1
2013,70000,Diesel,Automatic,Second,13.73,1995,148,5,8500,0,0,0
2016,56532,Diesel,Manual,First,16,2179,140,7,15540,1,0,1
2013,26875,Petrol,Manual,First,16.8,796,34.2,8,2350,1,1,1
2015,72599,Petrol,Manual,First,22.5,998,67.04,5,4320,1,1,1
2008,205000,Diesel,Manual,Second,13.1,2499,141,7,3900,1,0,0
2011,98000,Diesel,Manual,Second,22.32,1582,126.32,5,5200,1,0,0
2018,19500,Petrol,Manual,First,18.6,1197,81.83,5,5850,1,1,1
2013,68000,Petrol,Manual,Second,16.02,1373,93.7,7,6250,1,1,0
2019,19654,Diesel,Automatic,First,14,2179,155,7,17630,0,0,1
2017,26000,Diesel,Manual,First,23.65,1248,88.5,5,9750,1,0,1
2015,10000,Petrol,Automatic,First,18.1,3498,306,2,55000,0,1,1
2011,75020,Diesel,Manual,First,22.07,1199,73.9,5,4100,1,0,1
2011,157000,Diesel,Manual,First,12.55,2982,168.5,7,11990,1,0,1
2017,43773,Diesel,Manual,First,16,2179,140,7,13540,1,0,1
2016,21000,Diesel,Automatic,First,17.9,2143,201.15,5,56000,0,0,1
2016,23280,Petrol,Manual,First,18.7,1199,88.7,5,6500,1,1,1
2013,88000,Diesel,Manual,First,23.4,1248,74,5,4750,1,0,1
2014,67000,Petrol,Manual,First,17.01,1591,121.3,5,5600,1,1,1
2017,59636,Diesel,Automatic,First,10.91,3198,197,7,29200,0,0,1
2018,11000,Petrol,Manual,First,18.6,1197,81.83,5,6350,1,1,1
2013,60669,Petrol,Manual,First,16.8,1497,116.3,5,4950,1,1,1
2018,12000,Diesel,Manual,First,27.4,1498,98.6,5,8500,1,0,1
2013,35000,Petrol,Manual,First,17.1,1591,121.3,5,4500,1,1,1
2015,65000,Diesel,Manual,First,24.2,1498,98.6,7,5500,1,0,1
2013,39929,Diesel,Manual,First,20.77,1248,88.8,7,6560,1,0,1
2014,49000,Petrol,Manual,First,24.07,998,67.1,5,2300,1,1,1
2004,77757,Diesel,Manual,Second,13.1,2446,75,10,3500,1,0,0
2016,21456,Petrol,Manual,First,20.36,1197,78.9,5,4550,1,1,1
2009,74000,Diesel,Automatic,Second,17,1896,105,5,7750,0,0,0
2015,37000,Petrol,Manual,Second,18.6,1197,81.83,5,5250,1,1,0
2013,108640,Diesel,Automatic,First,11.5,2993,235,5,23290,0,0,1
2016,38000,Diesel,Automatic,First,22.69,1995,190,5,23990,0,0,1
2010,80000,Petrol,Manual,First,14.49,1399,92.7,5,1790,1,1,1
2011,47000,Diesel,Automatic,Second,14.21,2143,203,5,13900,0,0,0
2013,31000,Diesel,Automatic,First,17.68,1968,174.33,5,18950,0,0,1
2014,40000,Petrol,Manual,First,20.51,998,67.04,5,2490,1,1,1
2016,4152,Petrol,Manual,First,25.17,799,53.3,5,3150,1,1,1
2017,51000,Diesel,Manual,First,21.66,1498,108.62,5,6450,1,0,1
2013,55000,Diesel,Manual,First,22.07,1199,73.9,5,4250,1,0,1
2014,58500,Petrol,Manual,First,22.74,796,47.3,5,2750,1,1,1
2017,58620,Petrol,Manual,First,18.6,1197,81.83,5,7140,1,1,1
2012,71172,Petrol,Manual,Third,17,1197,80,5,3500,1,1,0
2017,12000,Diesel,Manual,First,22.54,1396,88.73,5,7300,1,0,1
2014,25000,Petrol,Manual,First,20.51,998,67.04,5,2750,1,1,1
2017,43000,Diesel,Manual,Second,22.54,1396,88.73,5,8200,1,0,0
2015,57022,Petrol,Automatic,First,17.21,1197,103.6,5,6510,0,1,1
2015,92000,Diesel,Manual,First,20,1399,68.05,5,4250,1,0,1
2014,33372,Petrol,Manual,Second,18.6,1197,85.8,5,6210,1,1,0
2016,52625,Diesel,Manual,First,24,1120,70,5,4580,1,0,1
2016,215000,Diesel,Manual,First,14.02,2179,118.3,7,7500,1,0,1
2012,65537,CNG,Manual,First,26.83,796,38.4,5,2100,1,0,1
2014,60138,Petrol,Manual,First,19.81,1086,68.05,5,4090,1,1,1
2014,84000,Diesel,Automatic,First,19.3,1968,141,5,10750,0,0,1
2014,47000,Diesel,Automatic,First,15.97,2993,258,7,41500,0,0,1
2014,33450,Petrol,Automatic,First,23.1,998,67.04,5,4400,0,1,1
2013,125000,Diesel,Manual,Second,20.54,1598,103.6,5,6250,1,0,0
2011,99606,Diesel,Automatic,Second,16.07,1995,181,5,10500,0,0,0
2014,64000,Diesel,Manual,First,20.77,1248,88.8,7,7250,1,0,1
2013,51000,Diesel,Manual,First,20,1399,68.05,5,3200,1,0,1
2014,57000,Petrol,Manual,First,16.47,1198,74,5,3950,1,1,1
2009,48040,Diesel,Automatic,Second,16.77,2967,241.38,5,12070,0,0,0
2017,43200,Diesel,Manual,First,13.68,2393,147.8,7,18600,1,0,1
2013,66000,Diesel,Automatic,First,22.32,1582,126.3,5,5700,0,0,1
2013,31000,Petrol,Manual,First,17.92,1086,62.1,5,1750,1,1,1
2011,46000,Diesel,Automatic,Second,16.55,1968,147.51,5,10990,0,0,0
2012,47346,Diesel,Automatic,First,16.55,1968,147.51,5,14500,0,0,1
2009,100000,Diesel,Manual,First,17,1896,105,5,3110,1,0,1
2015,63856,Petrol,Automatic,First,13.7,1997,153.86,5,13960,0,1,1
2015,72996,Diesel,Manual,First,22.32,1582,126.32,5,7110,1,0,1
2014,23000,Diesel,Manual,First,24.5,1498,98.6,7,6900,1,0,1
2018,15985,Petrol,Manual,First,18.6,1197,81.83,5,7770,1,1,1
2011,98000,Diesel,Manual,Second,12.8,2494,102,8,5500,1,0,0
2014,70089,Petrol,Manual,First,18.6,1197,81.83,5,5350,1,1,1
2011,99000,Diesel,Manual,Second,13.6,2523,63,7,4500,1,0,0
2014,72000,Diesel,Manual,First,20.34,1498,103.2,5,4750,1,0,1
2015,44194,Diesel,Automatic,First,16.36,2179,187.7,5,32800,0,0,1
2005,102000,Petrol,Manual,First,17.3,993,60,5,700,1,1,1
2018,56652,Diesel,Automatic,First,13,2987,258,5,50290,0,0,1
2010,41650,Diesel,Manual,Second,11.5,2982,171,7,10990,1,0,0
2015,61717,Petrol,Automatic,First,18.9,1197,82,5,5570,0,1,1
2018,25302,Diesel,Manual,First,25.4,1186,73.97,5,5900,1,0,1
2016,47016,Petrol,Manual,First,15.29,1591,121.3,5,9430,1,1,1
2010,69000,Petrol,Manual,First,20.36,1197,78.9,5,2900,1,1,1
2016,32700,Petrol,Manual,First,19.4,1198,86.8,5,3680,1,1,1
2015,101337,Diesel,Automatic,First,12.55,2982,168.5,7,21670,0,0,1
2011,59000,Diesel,Automatic,First,16.55,1968,140,5,12500,0,0,1
2018,41736,Diesel,Automatic,First,11.36,2755,171.5,7,19920,0,0,1
2014,71649,Diesel,Manual,First,25.1,1498,98.6,5,6750,1,0,1
2015,80606,Diesel,Manual,First,25.1,1498,98.6,5,6960,1,0,1
2017,63262,Petrol,Manual,First,21.7,999,67,5,3250,1,1,1
2018,5456,Diesel,Manual,First,28.4,1248,74,5,8650,1,0,1
2017,7500,Petrol,Automatic,First,23.1,998,67.04,5,5000,0,1,1
2011,66000,Diesel,Manual,First,15.1,2179,140,7,5500,1,0,1
2010,66770,Petrol,Manual,Second,20.36,1197,78.9,5,2600,1,1,0
2014,58472,Petrol,Manual,First,19.81,1086,68.05,5,3410,1,1,1
2011,46687,Petrol,Manual,First,22,1197,81.8,5,2700,1,1,1
2008,77000,Petrol,Automatic,Fourth & Above,9.7,1995,163.5,5,5500,0,1,0
2012,7000,Petrol,Automatic,First,14.33,1984,226.6,4,35000,0,1,1
2011,48000,Petrol,Automatic,Second,14.74,1991,184,5,9750,0,1,0
2013,47000,Diesel,Manual,First,21.64,1461,84.8,5,4250,1,0,1
2015,51530,Petrol,Manual,First,18.9,998,67.1,5,3200,1,1,1
2014,25789,Diesel,Manual,Second,23.4,1248,74,5,6850,1,0,0
2015,48000,Diesel,Manual,First,25.8,1498,98.6,5,4500,1,0,1
2012,52000,Diesel,Manual,First,28.4,1248,74,5,3550,1,0,1
2010,95637,CNG,Manual,Second,13.2,1495,93.7,5,1900,1,0,0
2008,131000,Diesel,Manual,First,10.5,2609,120,7,3600,1,0,1
2015,42076,Diesel,Automatic,First,13,2143,201.1,5,21800,0,0,1
2012,76000,Diesel,Manual,Second,13,2982,168.5,7,13500,1,0,0
2016,20487,Petrol,Manual,First,22.7,799,53.64,5,2660,1,1,1
2010,43000,Petrol,Manual,Second,16.8,1497,116.3,5,3750,1,1,0
2018,17000,Petrol,Automatic,First,19.16,2494,158.2,5,32000,0,1,1
2016,60805,Diesel,Manual,First,26,1498,98.6,5,8070,1,0,1
2012,58775,Diesel,Manual,First,19.33,1968,138.1,5,5640,1,0,1
2013,70181,Diesel,Automatic,First,17.68,1968,174.33,5,23990,0,0,1
2016,85827,Diesel,Manual,First,20.77,1248,88.76,7,7500,1,0,1
2016,58205,Diesel,Automatic,First,19.27,2143,167.62,5,27000,0,0,1
2008,91000,Diesel,Manual,Second,19.3,1248,73.9,5,2850,1,0,0
2012,74000,Diesel,Manual,First,19.01,1461,108.45,5,6350,1,0,1
2010,79324,Diesel,Manual,First,21.1,1248,73.9,5,3300,1,0,1
2013,38623,Petrol,Manual,First,19.1,1197,85.8,5,5000,1,1,1
2014,59923,Diesel,Manual,First,22.9,1248,74,5,6460,1,0,1
2017,23360,Petrol,Manual,First,21.1,814,55.2,5,3750,1,1,1
2003,61495,Petrol,Manual,Third,17.3,993,60,5,1520,1,1,0
2012,56661,Petrol,Manual,First,15.1,1196,73,7,3610,1,1,1
2017,40318,Diesel,Automatic,First,14.16,1968,174.3,5,43740,0,0,1
2014,60000,Diesel,Automatic,First,15.73,1968,174.33,5,20000,0,0,1
2010,130000,Diesel,Manual,First,19.3,1248,73.9,5,3650,1,0,1
2013,20000,Diesel,Manual,First,14.07,1978,83.1,10,5250,1,0,1
2016,76000,Diesel,Automatic,First,15.97,2993,258,7,58000,0,0,1
2015,30000,Petrol,Automatic,First,18,1497,117.3,5,8650,0,1,1
2015,150000,Diesel,Manual,First,25,1396,69.01,5,2500,1,0,1
2014,28000,Petrol,Automatic,First,16.93,1197,103.6,5,7750,0,1,1
2015,74000,Petrol,Manual,First,23.1,998,67.04,5,4150,1,1,1
2011,75000,Diesel,Manual,First,11.5,2982,171,7,10850,1,0,1
2010,76000,Petrol,Automatic,Second,11.3,2360,170,5,5530,0,1,0
2014,64889,Diesel,Automatic,First,15.5,1896,105,5,11500,0,0,1
2015,43000,Diesel,Manual,First,19.67,1582,126.2,5,9250,1,0,1
2011,47490,Petrol,Manual,First,17.5,1198,75,5,2290,1,1,1
2015,80000,Diesel,Manual,First,22.77,1498,98.59,5,7000,1,0,1
2007,60000,Petrol,Manual,Second,18.2,1061,64,5,1650,1,1,0
2017,6006,Petrol,Manual,First,20.73,1373,91.1,5,8250,1,1,1
2011,71703,Petrol,Automatic,First,14.74,1991,181.03,5,9140,0,1,1
2016,33000,Petrol,Manual,First,17.8,1198,86.7,5,6500,1,1,1
2015,91000,Diesel,Manual,First,19.87,1461,83.8,5,5750,1,0,1
2012,72000,LPG,Manual,First,26.2,998,58.2,5,2850,1,0,1
2011,43000,Petrol,Manual,Second,16.47,1198,73.9,5,2100,1,1,0
2017,63770,Diesel,Manual,First,19.67,1582,126.2,5,13550,1,0,1
2012,43510,Diesel,Automatic,First,14.74,2993,270.9,5,20500,0,0,1
2017,52000,Diesel,Manual,First,16.3,1956,170,5,20000,1,0,1
2018,31427,Diesel,Automatic,First,15.68,1999,177,5,59720,0,0,1
2016,29000,Diesel,Manual,First,27.39,1248,74,5,6500,1,0,1
2016,56000,Diesel,Manual,First,28.09,1248,88.5,5,7500,1,0,1
2007,76000,Petrol,Manual,Second,15,1586,104.68,5,2150,1,1,0
2015,53615,Diesel,Manual,First,22.7,1582,126.24,5,8440,1,0,1
2013,132000,Diesel,Manual,First,13.5,2477,175.56,7,12490,1,0,1
2017,14800,Petrol,Manual,First,17,1198,73.75,5,5480,1,1,1
2013,35433,Petrol,Manual,First,18.5,1197,85.8,5,4200,1,1,1
2013,82966,Diesel,Manual,First,16.8,1493,110,5,7200,1,0,1
2014,96000,Diesel,Manual,First,23.4,1248,74,5,4800,1,0,1
2017,39528,Diesel,Manual,First,25.32,1198,77,6,5830,1,0,1
2018,92056,Diesel,Manual,First,13.68,2393,147.8,7,18390,1,0,1
2016,14930,Petrol,Manual,First,21.4,1197,83.1,5,5850,1,1,1
2016,38000,Diesel,Manual,First,27.3,1498,98.6,5,6210,1,0,1
2013,71000,Petrol,Manual,First,17,1197,80,5,3650,1,1,1
2012,71000,Diesel,Manual,First,23,1396,90,5,3700,1,0,1
2015,50000,Diesel,Automatic,First,19.27,2143,167.62,5,30000,0,0,1
2016,48163,Petrol,Manual,First,19.1,1197,82,5,4850,1,1,1
2017,19168,Petrol,Automatic,First,18.9,1197,82,5,6930,0,1,1
2016,26000,Petrol,Manual,First,22.74,796,47.3,5,2600,1,1,1
2014,37400,Petrol,Manual,First,18.2,1199,82.5,5,1890,1,1,1
2018,8682,Diesel,Automatic,First,0,1950,194,5,39500,0,0,1
2012,95000,Petrol,Automatic,First,13.7,1798,157.75,5,10000,0,1,1
2009,34000,Diesel,Automatic,First,16.55,1968,147.51,5,9950,0,0,1
2014,95000,Diesel,Manual,Second,12.8,2494,102,8,9450,1,0,0
2017,13689,Diesel,Automatic,First,17.9,2143,136,5,28250,0,0,1
2008,84000,Petrol,Manual,Second,19.81,1086,68.05,5,1800,1,1,0
2008,47000,Petrol,Manual,Second,17.5,1298,85.8,5,1400,1,1,0
2015,60001,Diesel,Automatic,First,21.66,1498,103.52,5,7250,0,0,1
2012,96000,Diesel,Manual,First,21.1,1248,73.9,5,3600,1,0,1
2004,47300,Petrol,Manual,Second,14.4,1599,94,5,1200,1,1,0
2014,28246,Petrol,Manual,Second,17.8,1198,86.7,5,4940,1,1,0
2007,65000,Petrol,Manual,Second,18.9,998,67.1,5,1250,1,1,0
2013,68000,Diesel,Manual,Second,22.07,1199,73.9,5,4800,1,0,0
2019,11209,Diesel,Automatic,First,12.62,2198,158,7,31150,0,0,1
2011,41980,Petrol,Manual,Second,17,1197,80,5,3300,1,1,0
2012,65000,Diesel,Manual,First,25.44,936,57.6,5,2400,1,0,1
2010,38000,Petrol,Manual,First,14.8,1799,130.2,5,2000,1,1,1
2014,51000,Petrol,Manual,First,20.51,998,67.04,5,3100,1,1,1
2014,33855,Petrol,Manual,First,15,1598,103.6,5,5090,1,1,1
2006,146000,Petrol,Manual,Second,15.4,1590,94,5,1050,1,1,0
2015,47037,Diesel,Manual,Second,22.77,1498,98.59,5,7000,1,0,0
2010,58000,Petrol,Manual,Second,13.2,1495,94,5,2500,1,1,0
2012,61240,Diesel,Automatic,First,22.48,1995,190,5,17500,0,0,1
2011,91211,Petrol,Manual,First,20.92,998,67.1,5,2100,1,1,1
2013,84000,Diesel,Automatic,First,15.73,1968,174.33,5,17750,0,0,1
2008,64226,LPG,Manual,First,17.3,1061,57.5,5,1450,1,0,1
2005,67000,Petrol,Automatic,Second,11.3,1794,125,5,2450,0,1,0
2011,106976,Diesel,Automatic,First,13.5,2400,215,5,13800,0,0,1
2016,27210,Diesel,Manual,First,27.3,1498,98.6,5,5850,1,0,1
2017,26322,Diesel,Manual,First,28.09,1248,88.5,5,8900,1,0,1
2016,9107,Petrol,Manual,First,20.4,1197,81.8,5,5150,1,1,1
2015,63983,Diesel,Automatic,First,19.27,2143,170,5,16560,0,0,1
2010,134000,Petrol,Manual,Second,18.9,1061,67,5,1650,1,1,0
2015,11000,Petrol,Automatic,First,15.5,1595,120.7,5,16000,0,1,1
2017,24852,Diesel,Automatic,First,26.59,1248,74,5,8080,0,0,1
2014,37632,Petrol,Automatic,First,18.9,1197,82,5,4500,0,1,1
2013,55000,Petrol,Manual,Second,16.95,1498,97.7,5,4300,1,1,0
2010,81448,Petrol,Manual,First,19,998,66.1,5,2600,1,1,1
2018,1900,Petrol,Manual,First,25.17,799,53.3,5,4450,1,1,1
2012,54957,Petrol,Automatic,First,17.1,1591,121.4,5,5370,0,1,1
2008,55000,Petrol,Manual,Second,18.9,1061,67,5,1750,1,1,0
2013,21983,Diesel,Automatic,First,18.88,1995,184,5,16500,0,0,1
2013,76000,Diesel,Automatic,First,18.48,1995,177,5,19000,0,0,1
2016,65000,Diesel,Manual,First,25,1396,69.01,5,2800,1,0,1
2015,26000,Diesel,Manual,First,22.54,1396,88.73,5,6200,1,0,1
2019,11571,Petrol,Manual,First,16.8,796,34.2,8,3800,1,1,1
2014,81000,Diesel,Manual,First,25.2,1248,74,5,6100,1,0,1
2019,23154,Diesel,Manual,First,23,1498,98.96,5,11650,1,0,1
2014,26856,Petrol,Automatic,First,16.5,1198,86.8,5,4150,0,1,1
2017,67489,Diesel,Manual,First,13.68,2393,147.8,7,16500,1,0,1
2008,176000,Diesel,Manual,Second,10.5,2179,120,8,4300,1,0,0
2010,18000,Petrol,Manual,First,18.5,1197,80,5,2250,1,1,1
2014,63003,Diesel,Manual,First,22.32,1582,126.32,5,6750,1,0,1
2014,80000,Diesel,Manual,First,15.1,2179,140,7,9400,1,0,1
2014,56658,Diesel,Manual,First,20.64,1498,108.5,5,5390,1,0,1
2019,18592,Diesel,Manual,First,26.59,1248,74,5,8510,1,0,1
2010,75695,Petrol,Manual,First,13.7,1368,88.8,5,1850,1,1,1
2012,82000,Diesel,Manual,Second,22.9,1248,74,5,2500,1,0,0
2013,60000,Diesel,Manual,First,22.07,1199,73.9,5,4750,1,0,1
2009,138000,Petrol,Manual,Second,17,1497,118,5,3500,1,1,0
2014,67000,Diesel,Manual,First,23,1396,90,5,5500,1,0,1
2012,42750,Petrol,Manual,First,17,1497,118,5,6330,1,1,1
2014,52398,Diesel,Manual,First,25.44,936,57.6,5,2470,1,0,1
2014,36657,Petrol,Manual,First,16.2,995,62.1,5,3300,1,1,1
2011,77000,Diesel,Manual,Second,11.57,2179,138.1,7,3500,1,0,0
2014,85000,Diesel,Automatic,First,11.3,2987,254.8,7,38750,0,0,1
2008,112500,Diesel,Automatic,First,11.5,2993,235,5,7990,0,0,1
2013,105072,Diesel,Manual,First,14.24,2755,174.5,7,13280,1,0,1
2012,80000,Petrol,Automatic,First,11.25,1995,150,5,9500,0,1,1
2019,3102,Diesel,Manual,First,20.37,1461,108.45,5,14010,1,0,1
2016,14656,Diesel,Manual,First,24.4,1120,71,5,6990,1,0,1
2010,105000,Diesel,Automatic,Second,13.2,1995,170,5,11000,0,0,0
2008,61000,Petrol,Automatic,Second,10.8,2497,215,5,11000,0,1,0
2010,85046,Petrol,Manual,Second,18.06,1198,75,5,2300,1,1,0
2014,48000,Diesel,Automatic,First,16.36,2179,187.7,5,26500,0,0,1
2011,55000,Diesel,Automatic,First,10.2,4367,308,7,67000,0,0,1
2017,4000,Petrol,Automatic,First,16,1368,160,5,17750,0,1,1
2010,94000,Petrol,Automatic,Second,10.1,2354,152,5,4800,0,1,0
2013,61110,Petrol,Manual,First,18.6,1197,85.8,5,4570,1,1,1
2016,80000,Diesel,Manual,First,24.4,1120,71,5,3500,1,0,1
2015,43190,Diesel,Manual,First,19.01,1461,108.5,5,7610,1,0,1
2015,45000,Diesel,Automatic,First,18.25,1968,187.74,5,25000,0,0,1
2016,44178,Petrol,Manual,First,18.9,1197,82,5,5880,1,1,1
2015,84415,Diesel,Manual,First,12.99,2494,100.6,8,13500,1,0,1
2015,35000,Petrol,Manual,First,18.5,1197,80,5,4600,1,1,1
2013,44000,Diesel,Manual,First,22.77,1498,98.59,5,4900,1,0,1
2012,67635,Petrol,Manual,First,17,1497,118,5,5250,1,1,1
2018,18385,Petrol,Automatic,First,14.8,1497,121.36,5,12410,0,1,1
2014,35000,Diesel,Manual,First,22.07,1199,73.9,5,3800,1,0,1
2010,49000,Diesel,Automatic,First,19.27,2143,170,5,8950,0,0,1
2013,69000,Diesel,Manual,First,22.7,1498,89.84,5,7200,1,0,1
2017,23228,Petrol,Manual,First,14.4,1396,65,5,4500,1,1,1
2014,68462,Diesel,Manual,First,26.59,1248,74,5,4150,1,0,1
2016,74611,Diesel,Manual,First,25.1,1248,88.5,5,7940,1,0,1
2014,90000,Diesel,Manual,First,19.01,1461,108.45,5,7250,1,0,1
2016,22000,Petrol,Manual,First,18.9,998,67.1,5,3700,1,1,1
2011,109500,Diesel,Manual,Third,25.44,936,57.6,5,1500,1,0,0
2017,13363,Diesel,Manual,First,16,1997,140,7,12000,1,0,1
2012,51000,Petrol,Manual,Second,19.81,1086,68.05,5,2200,1,1,0
2007,103000,Diesel,Manual,First,13.93,2179,138,7,3600,1,0,1
2009,43002,Petrol,Manual,First,20.36,1197,78.9,5,1920,1,1,1
2016,108000,Diesel,Automatic,First,11.36,2755,171.5,7,20500,0,0,1
2010,82407,Diesel,Manual,First,17.5,1896,106,5,4250,1,0,1
2013,29000,Petrol,Manual,First,18.9,1197,82,5,3200,1,1,1
2014,45000,Diesel,Manual,First,23.4,1248,74,5,3850,1,0,1
2010,93401,Diesel,Manual,First,23,1396,90,5,3480,1,0,1
2017,95802,Diesel,Manual,Second,25.83,1498,99,5,4550,1,0,0
2016,130000,Diesel,Manual,First,25.47,1248,88.5,7,7000,1,0,1
2013,67443,Diesel,Manual,First,20.77,1248,88.8,7,5750,1,0,1
2016,47681,Petrol,Automatic,First,16.8,1497,116.3,5,8730,0,1,1
2009,35000,Petrol,Manual,First,19.7,796,46.3,5,1700,1,1,1
2016,68000,Diesel,Automatic,First,10.91,3198,197,7,29500,0,0,1
2019,34688,Diesel,Manual,First,24.3,1248,88.5,5,10490,1,0,1
2015,10512,Petrol,Automatic,First,8.6,2706,265,2,64000,0,1,1
2016,58000,Diesel,Manual,First,22.9,1248,74,5,7550,1,0,1
2014,40000,Petrol,Manual,First,17.57,1193,88.7,5,3950,1,1,1
2010,61000,Petrol,Manual,Fourth & Above,17,1197,80,5,3250,1,1,0
2009,86000,Diesel,Manual,First,19.4,1422,70,5,2750,1,0,1
2015,45000,Diesel,Manual,First,21.43,1364,87.2,5,7350,1,0,1
2017,55000,Petrol,Manual,First,17,1198,73.75,5,4700,1,1,1
2016,36855,Petrol,Manual,Second,15.29,1591,121.3,5,8770,1,1,0
2013,46821,Petrol,Manual,First,20.36,1197,78.9,5,3420,1,1,1
2015,120000,Petrol,Manual,First,18.6,1199,76.8,5,2500,1,1,1
2012,29000,Diesel,Automatic,First,14.74,2993,270.9,5,20000,0,0,1
2014,40000,Petrol,Manual,First,13.24,1598,102.5,5,5250,1,1,1
2013,60000,Diesel,Automatic,Second,15.73,1968,174.33,5,14500,0,0,0
2011,64984,Petrol,Automatic,First,16.95,1197,78.9,5,3450,0,1,1
2015,73204,Petrol,Automatic,First,24.07,998,67.1,5,3300,0,1,1
2014,50000,Diesel,Automatic,First,11.33,4134,335.2,7,51000,0,0,1
2017,35000,Diesel,Manual,First,24.3,1248,88.5,5,6500,1,0,1
2013,17729,Petrol,Manual,First,21.1,814,55.2,5,3650,1,1,1
2012,97000,Diesel,Manual,First,20,1497,115,5,7250,1,0,1
2014,89614,Diesel,Manual,First,22,1582,126.2,5,6010,1,0,1
2015,14000,Petrol,Manual,First,18.9,998,67.1,5,2800,1,1,1
2012,50000,Petrol,Manual,First,17,1197,80,5,4000,1,1,1
2014,62505,Petrol,Manual,First,17.4,1497,117.3,5,5950,1,1,1
2011,248000,Diesel,Manual,Second,12.8,2494,102,7,9200,1,0,0
2012,94900,Diesel,Manual,First,16.8,1493,110,5,5350,1,0,1
2017,55000,Diesel,Manual,First,17.6,2179,153.86,7,12000,1,0,1
2015,53735,Diesel,Automatic,Second,12.07,2967,241.4,7,38940,0,0,0
2008,53934,Petrol,Manual,Second,18.9,998,67.1,5,2690,1,1,0
2013,58500,Diesel,Automatic,Second,17.09,1995,218,5,27500,0,0,0
2014,48000,Petrol,Manual,First,18,1198,86.7,5,2750,1,1,1
2016,24000,Petrol,Manual,First,24.7,796,47.3,5,2800,1,1,1
2016,52001,Petrol,Manual,First,17.01,1591,121.3,5,6450,1,1,1
2018,9565,Petrol,Manual,First,23.84,1199,84,5,5880,1,1,1
2013,32953,Petrol,Manual,First,18.6,1197,85.8,5,4650,1,1,1
2014,18000,Petrol,Manual,First,21.1,814,55.2,5,2500,1,1,1
2018,20446,Petrol,Automatic,First,12.6,1950,191.34,5,51350,0,1,1
2016,33016,Diesel,Manual,First,22.54,1396,88.73,5,6850,1,0,1
2012,48000,Diesel,Manual,First,23.59,1364,67.05,5,5250,1,0,1
2014,72022,Diesel,Manual,First,21.43,1364,87.2,5,9230,1,0,1
2014,34000,Diesel,Automatic,First,20.7,1496,113.98,5,22000,0,0,1
2014,69000,Diesel,Manual,First,20.14,1498,88.8,5,5190,1,0,1
2009,108000,Petrol,Automatic,First,13.7,1798,157.75,5,4350,0,1,1
2013,34700,Diesel,Automatic,First,10,2148,170,5,24500,0,0,1
2015,79000,Diesel,Manual,First,17.8,1248,75,5,5750,1,0,1
2016,58197,Petrol,Automatic,First,18,1497,117.3,5,9190,0,1,1
2008,66000,Petrol,Automatic,Second,8.45,2979,321,5,10750,0,1,0
2009,60000,Petrol,Automatic,First,19.2,1197,80,5,2990,0,1,1
2014,57000,Diesel,Manual,First,26.59,1248,74,5,3890,1,0,1
2018,45555,Diesel,Manual,First,26,1498,98.6,5,11730,1,0,1
2016,55137,Petrol,Manual,First,14,796,35,5,3110,1,1,1
2014,93325,Diesel,Manual,Second,17.2,1968,138.1,5,14450,1,0,0
2018,38000,Diesel,Manual,First,24.52,1248,88.5,7,8700,1,0,1
2016,57738,Diesel,Manual,First,24,1120,70,5,5040,1,0,1
2017,38282,Diesel,Manual,First,28.09,1248,88.5,5,8500,1,0,1
2014,64000,Diesel,Automatic,First,19.27,2143,170,5,15650,0,0,1
2015,32000,Diesel,Manual,First,20.5,1248,91.72,5,5650,1,0,1
2010,83000,Petrol,Automatic,First,10.93,2497,204,5,16500,0,1,1
2011,76000,CNG,Manual,First,26.3,998,67.1,5,2000,1,0,1
2012,67200,Petrol,Manual,First,15.04,1598,103.6,5,3900,1,1,1
2013,62655,Diesel,Automatic,First,18.88,1995,184,5,14500,0,0,1
2015,16900,Diesel,Automatic,First,14.69,2993,258,5,44000,0,0,1
2017,8471,Petrol,Manual,First,18.9,1197,81.86,5,5000,1,1,1
2016,69000,Diesel,Automatic,First,11.36,2755,171.5,7,19750,0,0,1
2017,30090,Diesel,Automatic,First,19.6,1461,108.45,5,11440,0,0,1
2011,120000,Diesel,Manual,First,18,1248,75,5,1750,1,0,1
2016,35939,Petrol,Manual,First,12.3,1796,185,5,30420,1,1,1
2013,116694,Diesel,Manual,First,15.1,2179,140,7,9570,1,0,1
2016,40448,Diesel,Manual,First,15.96,2523,62.1,7,3500,1,0,1
2018,64456,Diesel,Manual,First,24.3,1248,88.5,5,10460,1,0,1
2014,52782,Diesel,Manual,First,20.5,1248,91.72,5,4850,1,0,1
2016,51672,Petrol,Manual,First,19.5,1199,88.76,5,5680,1,1,1
2015,56073,Petrol,Automatic,First,13.7,1798,157.75,5,13250,0,1,1
2011,65000,Diesel,Automatic,First,14.74,2993,270.9,5,16000,0,0,1
2013,79000,Petrol,Manual,First,18.9,998,67.1,5,3000,1,1,1
2010,70200,Petrol,Automatic,First,14.53,1798,138.1,5,5000,0,1,1
2016,42000,Petrol,Manual,First,16.1,1197,85,5,4750,1,1,1
2014,62000,Petrol,Manual,First,16.47,1198,74,5,5350,1,1,1
2017,20000,Petrol,Manual,First,18.9,1197,81.86,5,5980,1,1,1
2011,80000,Diesel,Manual,Third,21.5,1248,88.8,5,3500,1,0,0
2018,50234,Petrol,Manual,First,18.9,1197,81.86,5,4770,1,1,1
2016,50003,Petrol,Manual,First,21.4,1197,83.1,5,5450,1,1,1
2018,1000,Petrol,Automatic,First,20.3,1199,84,5,6850,0,1,1
2016,54897,Diesel,Automatic,First,26.59,1248,74,5,7300,0,0,1
2007,108995,Petrol,Manual,First,15.3,1193,65.3,5,1250,1,1,1
2015,73000,Diesel,Manual,First,22.7,1598,118,5,8250,1,0,1
2008,65000,Petrol,Manual,First,16.1,1298,88.2,5,2710,1,1,1
2016,32000,Petrol,Manual,First,19.1,1197,82,5,3600,1,1,1
2010,65000,Petrol,Manual,First,18.5,1197,80,5,3000,1,1,1
2016,21600,Petrol,Automatic,First,23.1,998,67.04,5,4650,0,1,1
2010,39000,Diesel,Automatic,First,14.84,2143,170,5,9500,0,0,1
2011,58075,Petrol,Manual,First,17.5,1298,85.8,5,2950,1,1,1
2011,58000,Petrol,Manual,First,15.04,1598,103.6,5,3000,1,1,1
2015,58000,Diesel,Manual,First,25.2,1248,74,5,5950,1,0,1
2008,89000,Petrol,Automatic,First,14.53,1798,138.1,5,4000,0,1,1
2008,72000,Petrol,Manual,First,13.5,1799,130,5,2500,1,1,1
2017,1800,Petrol,Automatic,First,16.05,1499,110.4,5,11370,0,1,1
2010,172050,Diesel,Manual,Second,19,1248,93,5,2250,1,0,0
2013,46230,Petrol,Manual,First,19.81,1086,68.05,5,3100,1,1,1
2014,86925,Diesel,Automatic,First,11.2,2400,215,5,17180,0,0,1
2018,5000,Petrol,Manual,First,18.6,1197,81.83,5,6500,1,1,1
2014,66000,Diesel,Manual,First,26,1498,98.6,5,5700,1,0,1
2013,119000,Diesel,Manual,First,12.99,2494,100,8,8000,1,0,1
2016,45000,Petrol,Manual,First,25.17,799,53.3,5,2600,1,1,1
2009,66149,Petrol,Manual,First,19,998,66.1,5,2450,1,1,1
2014,42070,Petrol,Automatic,First,14.8,1595,120.7,5,11570,0,1,1
2012,35503,Petrol,Manual,First,18.9,998,67.1,5,2300,1,1,1
2016,41460,Diesel,Manual,First,25.2,1248,74,5,5900,1,0,1
2015,40600,Petrol,Automatic,First,17,1591,121.3,5,7200,0,1,1
2013,87000,Diesel,Automatic,First,22,1582,126.2,5,5900,0,0,1
2014,30000,Petrol,Manual,Second,16.8,1497,116.3,5,6000,1,1,0
2010,27089,Petrol,Manual,First,16,1086,66.7,5,1950,1,1,1
2016,53702,Diesel,Manual,First,23.59,1364,67.04,5,6550,1,0,1
2015,51000,Diesel,Automatic,First,27.03,1969,190,5,25000,0,0,1
2012,36542,Diesel,Manual,First,20,1399,68.05,5,2650,1,0,1
2017,15000,Diesel,Automatic,First,13,2987,265,5,69500,0,0,1
2012,65000,Diesel,Automatic,First,22.69,1995,190,5,14000,0,0,1
2014,32000,Petrol,Manual,Second,22.74,796,47.3,5,2100,1,1,0
2017,24393,Diesel,Manual,First,13.68,2393,147.8,7,20400,1,0,1
2019,1000,Petrol,Manual,First,18.78,999,75,5,5680,1,1,1
2014,28238,Petrol,Manual,First,13.24,1598,102.5,5,5550,1,1,1
2013,59000,Diesel,Manual,First,13.5,2477,175.56,7,12750,1,0,1
2012,92000,Petrol,Manual,Second,14.8,1799,130.2,5,3350,1,1,0
2013,56840,Petrol,Manual,First,22.74,796,47.3,5,1550,1,1,1
2013,62746,Diesel,Manual,Second,20.54,1598,103.6,5,5900,1,0,0
2012,96000,Diesel,Automatic,First,12.35,2179,187.74,5,18980,0,0,1
2014,24000,Petrol,Manual,First,13.7,1997,153.86,5,11510,1,1,1
2016,54000,Diesel,Manual,First,20.77,1248,88.76,7,7750,1,0,1
2016,90000,Diesel,Manual,First,12.99,2494,100.6,7,13900,1,0,1
2010,40000,Petrol,Manual,First,15,1368,90,5,1350,1,1,1
2015,65938,Diesel,Automatic,Second,12.07,2967,241.4,7,38000,0,0,0
2017,16100,Petrol,Automatic,First,17.1,1591,121.4,5,11600,0,1,1
2017,3600,Diesel,Automatic,First,21.5,1498,108.5,5,12250,0,0,1
2011,52000,Petrol,Manual,First,17,1497,118,5,3800,1,1,1
2014,54000,Diesel,Manual,First,20,1399,68.05,5,3250,1,0,1
2016,15399,Petrol,Manual,First,18.7,1199,88.7,5,6400,1,1,1
2012,75000,Petrol,Manual,Second,16.47,1198,73.9,5,3950,1,1,0
2010,76752,Petrol,Manual,First,17.4,1497,117.3,5,3570,1,1,1
2005,56000,Petrol,Manual,Second,17.7,1497,78,5,1250,1,1,0
2015,70000,CNG,Manual,First,26.2,998,58.2,5,3650,1,0,1
2013,46125,Petrol,Automatic,Second,12,2354,187.4,5,12500,0,1,0
2014,35000,Diesel,Automatic,Second,18.12,1995,190,5,23000,0,0,0
2003,80000,Diesel,Manual,Third,12.8,1489,35.5,5,1350,1,0,0
2012,62729,Diesel,Manual,First,12.05,2179,120,8,6320,1,0,1
2012,34000,Diesel,Manual,First,20.54,1598,103.6,5,3400,1,0,1
1999,70000,Petrol,Manual,Second,17.3,993,60,5,770,1,1,0
2009,32000,Petrol,Manual,First,16.1,796,37,4,900,1,1,1
2017,21000,Petrol,Automatic,First,14.28,1798,138.03,5,18000,0,1,1
2013,49000,Petrol,Automatic,First,14.59,1997,245,5,19000,0,1,1
2007,40000,Petrol,Manual,Third,13.8,1299,70,5,1100,1,1,0
2012,78000,Petrol,Manual,Second,18.6,1199,79.4,5,2000,1,1,0
2012,52000,Diesel,Manual,First,21.43,1364,86.79,5,6500,1,0,1
2014,65213,Diesel,Manual,First,16,2179,140,7,9450,1,0,1
2016,170000,Diesel,Manual,First,24.4,1120,71,5,4000,1,0,1
2017,36884,Diesel,Automatic,First,13,2143,204,5,32250,0,0,1
2009,62500,Petrol,Manual,First,20.36,1197,78.9,5,2100,1,1,1
2015,68000,Petrol,Automatic,Second,14.28,1798,138.03,5,9750,0,1,0
2014,40748,Petrol,Manual,First,14.53,1798,138,5,6300,1,1,1
2013,60000,Diesel,Automatic,First,17.32,1968,184,5,21000,0,0,1
2014,12400,Diesel,Manual,First,21.9,1396,88.8,5,4650,1,0,1
2013,87000,Diesel,Automatic,Second,19.27,2143,167.62,5,17000,0,0,0
2013,20248,Diesel,Manual,First,21.1,1248,73.9,5,4350,1,0,1
2017,52383,Diesel,Manual,First,19.67,1582,126.2,5,14820,1,0,1
2018,1000,Diesel,Automatic,First,13.6,1999,177,5,40000,0,0,1
2016,85000,Diesel,Manual,First,14.95,2489,93.7,7,6150,1,0,1
2014,47000,Diesel,Manual,First,12.99,2494,100.6,7,11250,1,0,1
2018,17585,Petrol,Automatic,First,19.16,2494,157.7,5,32000,0,1,1
2018,32496,Diesel,Automatic,First,13.22,2967,241.4,5,45620,0,0,1
2017,34613,Diesel,Manual,First,28.4,1248,74,5,6240,1,0,1
2015,153000,Diesel,Manual,First,20.77,1248,88.76,7,4800,1,0,1
2014,54000,Petrol,Manual,Second,16.1,1197,85,5,4500,1,1,0
2015,16900,Petrol,Manual,First,20.36,1197,78.9,5,3870,1,1,1
2013,62334,Petrol,Manual,First,20.36,1197,78.9,5,2750,1,1,1
2018,23714,Petrol,Manual,First,21.4,1197,83.1,5,6570,1,1,1
2010,52325,Petrol,Manual,First,16.36,1495,93.7,5,2000,1,1,1
2012,50000,Petrol,Manual,First,19.4,1198,86.8,5,3650,1,1,1
2016,55746,Diesel,Manual,First,22.9,1248,74,5,6950,1,0,1
2014,54000,Petrol,Manual,First,20.14,1197,81.86,5,5500,1,1,1
2013,43000,Diesel,Manual,First,16,2179,140,7,7000,1,0,1
2014,40000,Diesel,Automatic,First,13,2143,201.1,5,24000,0,0,1
2016,51944,Diesel,Automatic,First,19.27,2143,170,5,32500,0,0,1
2015,46950,Diesel,Manual,First,21.27,1396,88.76,5,6450,1,0,1
2015,23000,Diesel,Automatic,First,19.3,1968,141,5,15750,0,0,1
2014,54546,Petrol,Manual,First,17,1497,118,5,5500,1,1,1
2015,51535,Diesel,Automatic,First,12.55,2982,168.5,7,19030,0,0,1
2013,45000,Diesel,Automatic,First,17.32,1968,184,5,15250,0,0,1
2012,46004,Petrol,Manual,First,20.92,998,67.1,5,2400,1,1,1
2011,124000,Diesel,Manual,First,23.03,1396,69,5,2300,1,0,1
2014,77395,Diesel,Automatic,First,17.11,1968,174.33,5,14350,0,0,1
2018,10600,CNG,Manual,First,33.44,796,40.3,4,3500,1,0,1
2018,22974,Petrol,Automatic,First,18,1497,117.3,5,11970,0,1,1
2015,65012,Diesel,Manual,First,14.24,2755,174.5,7,18900,1,0,1
2017,17125,Petrol,Manual,First,18.9,1197,82,5,5400,1,1,1
2015,90413,Petrol,Manual,First,15.1,1196,73,7,2950,1,1,1
2013,37000,Petrol,Manual,First,16.47,1198,73.9,5,5100,1,1,1
2006,65000,Petrol,Manual,First,18.9,1061,67,5,1500,1,1,1
2011,66000,Petrol,Manual,First,17,1497,118,5,4900,1,1,1
2010,86000,Petrol,Manual,First,14.8,1799,130.2,5,2900,1,1,1
2005,98437,Petrol,Manual,First,13,1493,100,5,1150,1,1,1
2010,18000,Petrol,Manual,First,18.5,1197,80,5,2300,1,1,1
2018,35070,Diesel,Manual,First,24,1120,70,5,5990,1,0,1
2011,42000,Petrol,Automatic,Third,14.4,1598,103.6,5,3400,0,1,0
2009,40000,Petrol,Manual,First,20.36,1197,78.9,5,1700,1,1,1
2009,43000,Petrol,Manual,First,17,1197,80,5,1990,1,1,1
2012,65000,Petrol,Manual,First,18.6,1199,79.4,5,2500,1,1,1
2013,74000,Diesel,Manual,First,22.07,1199,73.9,5,4850,1,0,1
2010,51192,Petrol,Manual,First,15.6,1196,70,5,2650,1,1,1
2014,14262,Petrol,Automatic,First,9.9,1984,207.8,2,27350,0,1,1
2015,66339,Diesel,Manual,Second,25.1,1498,98.6,5,6900,1,0,0
2013,90200,Diesel,Manual,First,20,1399,68.05,5,3500,1,0,1
2015,57854,Diesel,Manual,First,12.99,2494,100.6,7,12500,1,0,1
2017,32000,Petrol,Automatic,First,19.12,1373,91.1,5,9200,0,1,1
2015,29631,Petrol,Automatic,First,18.9,1197,82,5,4900,0,1,1
2014,54173,Petrol,Manual,First,18.88,999,123.24,5,5550,1,1,1
2014,50000,Petrol,Automatic,First,14.7,1798,177.6,5,13500,0,1,1
2010,145000,Diesel,Manual,First,20.4,1248,91.7,5,2600,1,0,1
2015,78000,Petrol,Manual,First,16.1,1298,88.2,5,4500,1,1,1
2013,65000,Diesel,Automatic,Second,11.8,2993,180,7,34000,0,0,0
2012,120000,Diesel,Manual,First,12.8,2494,102,7,12000,1,0,1
2015,14000,Diesel,Manual,First,28.4,1248,74,5,5250,1,0,1
2014,57456,Diesel,Automatic,First,17.68,1968,174.33,5,21560,0,0,1
2012,44450,Diesel,Automatic,First,22.48,1995,190,5,24680,0,0,1
2013,63777,Petrol,Manual,First,18.5,1197,82.9,5,3670,1,1,1
2016,31000,Diesel,Automatic,First,17.05,1995,190,5,29500,0,0,1
2012,60000,Petrol,Manual,First,17.6,1496,88.73,5,3100,1,1,1
2015,78008,Diesel,Manual,First,17,1405,70,5,2900,1,0,1
2009,27078,Petrol,Automatic,First,10.98,1984,114.4,4,15950,0,1,1
2011,57275,Diesel,Manual,First,19.7,1598,103.6,5,4500,1,0,1
2014,45000,Diesel,Manual,First,24,1120,70,5,3490,1,0,1
2014,57319,Diesel,Manual,First,25.2,1248,74,5,4250,1,0,1
2008,121097,Diesel,Manual,Second,24,1396,88.76,5,1900,1,0,0
2011,89000,Diesel,Automatic,First,16.73,1995,218,5,16570,0,0,1
2012,72000,Petrol,Manual,First,17,1497,118,5,5750,1,1,1
2013,36000,Diesel,Automatic,Second,16.55,1968,147.51,5,14000,0,0,0
2013,86000,Diesel,Manual,Second,19.5,1248,75,5,2500,1,0,0
2002,85000,Petrol,Manual,First,13,1343,90,5,1200,1,1,1
2013,37613,Diesel,Automatic,First,22.69,1995,190,5,13950,0,0,1
2007,100000,Petrol,Manual,First,16.6,1388,68,5,1600,1,1,1
2016,5240,Petrol,Automatic,First,21.9,624,37.48,4,3600,0,1,1
2018,20000,CNG,Manual,First,15.1,1196,73,5,4500,1,0,1
2019,16862,Petrol,Manual,First,20.89,1197,81.8,5,6060,1,1,1
2013,59254,Petrol,Manual,Second,17.5,1298,85.8,5,5290,1,1,0
2014,60000,Diesel,Manual,First,22.7,1498,89.84,5,5750,1,0,1
2014,47674,Petrol,Manual,First,19.1,1197,85.8,5,5720,1,1,1
2014,61517,Petrol,Automatic,First,16.95,1197,78.9,5,4390,0,1,1
2016,62946,Diesel,Manual,First,15.1,2179,140,7,11050,1,0,1
2015,66823,Diesel,Manual,Second,22.54,1396,88.73,5,4830,1,0,0
2013,79494,CNG,Manual,First,33.54,998,67.04,5,2960,1,0,1
2012,107000,Diesel,Manual,Second,21.27,1396,88.76,5,4500,1,0,0
2011,55000,Diesel,Automatic,Second,16.46,2993,258,5,19500,0,0,0
2017,24000,Petrol,Automatic,First,14.3,1598,103.52,5,8750,0,1,1
2016,20002,Diesel,Automatic,First,14.75,2967,245,7,67000,0,0,1
2016,54317,Petrol,Manual,First,17.4,1497,117.3,5,8400,1,1,1
2016,10200,Petrol,Manual,First,19.1,1197,82,5,4990,1,1,1
2016,24337,Diesel,Manual,First,26,1498,98.6,5,8180,1,0,1
2012,79000,Petrol,Manual,First,18.4,1198,86.8,5,2900,1,1,1
2015,40500,Diesel,Manual,First,28.09,1248,88.5,5,7100,1,0,1
2016,23000,Diesel,Manual,First,26.59,1248,74,5,7050,1,0,1
2015,63050,Petrol,Automatic,First,11.1,2354,158.8,5,17500,0,1,1
2008,78000,Petrol,Automatic,Second,14.53,1794,138.1,5,3410,0,1,0
2012,66245,Petrol,Manual,First,17,1497,118,5,5680,1,1,1
2007,74112,Diesel,Manual,First,12.05,2179,120,9,4100,1,0,1
2011,87670,Petrol,Manual,First,13.4,1798,157.8,5,4000,1,1,1
2015,10000,Diesel,Automatic,First,18.88,1995,184,5,30000,0,0,1
2007,62493,Petrol,Manual,First,15,1586,104.68,5,1800,1,1,1
2015,44620,Petrol,Manual,First,20.73,1373,91.1,5,6930,1,1,1
2012,66538,Diesel,Automatic,First,10.2,4367,308,7,70000,0,0,1
2013,60000,Diesel,Manual,First,12.99,2494,100,7,7900,1,0,1
2014,110000,Diesel,Automatic,First,13.01,2199,194.3,7,14400,0,0,1
2011,45000,Petrol,Automatic,Second,11.74,1796,186,5,13500,0,1,0
2014,40000,CNG,Manual,Second,26.6,998,58.16,5,3150,1,0,0
2012,49008,Petrol,Manual,First,19.7,796,46.3,5,2880,1,1,1
2016,31000,Petrol,Manual,First,24.7,796,47.3,5,2150,1,1,1
2013,8000,Petrol,Manual,First,16.95,1498,97.7,5,3750,1,1,1
2019,171,Petrol,Manual,First,24.7,796,47.3,5,3600,1,1,1
2018,2100,Petrol,Manual,First,24.07,998,67.1,5,3600,1,1,1
2018,20667,Petrol,Automatic,First,18.9,1197,81.86,5,7550,0,1,1
2015,50000,Diesel,Manual,First,24.2,1498,98.6,7,4700,1,0,1
2010,100030,Diesel,Manual,Second,18.8,1248,90,5,1600,1,0,0
2011,75372,Diesel,Manual,First,16.52,1991,123.7,5,3340,1,0,1
2016,60475,Petrol,Automatic,First,18,1497,117.3,5,9100,0,1,1
2019,18453,Petrol,Manual,First,18.9,1197,81.86,5,6170,1,1,1
2008,96578,Diesel,Manual,First,22,1582,126.2,5,2500,1,0,1
2016,31001,Petrol,Manual,First,18.44,1198,75,5,3000,1,1,1
2012,65900,Diesel,Manual,First,22.32,1582,126.32,5,5750,1,0,1
2017,26246,Petrol,Manual,First,15.29,1591,121.3,5,10750,1,1,1
2013,62700,Petrol,Manual,Second,20.51,998,67.04,5,2850,1,1,0
2008,90000,Petrol,Automatic,First,10.2,2354,180,5,6500,0,1,1
2016,36000,Petrol,Automatic,First,16.8,1497,118,5,9450,0,1,1
2016,46000,Diesel,Manual,First,27.39,1248,74,5,6750,1,0,1
2017,73003,Diesel,Manual,First,26,1498,98.6,5,7750,1,0,1
2014,46566,Diesel,Manual,First,22.54,1396,88.76,5,4400,1,0,1
2015,41493,Diesel,Automatic,First,13,2987,265,5,42000,0,0,1
2014,103788,Diesel,Manual,First,19.01,1461,108.5,5,5670,1,0,1
2016,45000,Diesel,Automatic,First,19.6,1461,108.45,5,11500,0,0,1
2009,120000,Petrol,Manual,First,18.9,998,67.1,5,1690,1,1,1
2009,97359,Diesel,Manual,Second,17.1,1493,110,5,1800,1,0,0
2016,62000,Petrol,Manual,First,18.5,1197,85.8,5,3200,1,1,1
2019,18373,Diesel,Automatic,First,22.48,1995,187.74,5,45860,0,0,1
2016,60453,Petrol,Manual,First,16.47,1198,74,5,5100,1,1,1
2010,69009,Petrol,Manual,Second,15.6,1196,70,5,2400,1,1,0
2013,30000,Diesel,Automatic,First,18.88,1995,184,5,22000,0,0,1
2012,70707,Diesel,Manual,First,22.32,1582,126.32,5,4280,1,0,1
2015,64677,Diesel,Manual,First,20.45,1461,83.8,5,5670,1,0,1
2018,3000,Petrol,Automatic,First,18.9,1197,81.86,5,6200,0,1,1
2013,49000,Diesel,Automatic,Second,17.05,1995,184,5,14490,0,0,0
2010,71000,Diesel,Manual,First,21.1,1248,73.9,5,3000,1,0,1
2010,52000,Petrol,Manual,Second,19.81,1086,68.05,5,2250,1,1,0
2016,35659,Diesel,Automatic,First,15.97,2993,258,7,43780,0,0,1
2019,5377,Petrol,Manual,First,16.8,1497,116.3,5,11450,1,1,1
2014,65000,Diesel,Automatic,First,11.18,2696,184,7,10500,0,0,1
2015,92708,Diesel,Manual,First,22.7,1498,89.84,5,7480,1,0,1
2010,48105,Petrol,Manual,First,19.7,796,46.3,5,3100,1,1,1
2011,46759,Petrol,Manual,First,16.47,1198,74,5,2550,1,1,1
2013,62000,Diesel,Manual,First,22.07,1199,73.9,5,3500,1,0,1
2012,35175,Diesel,Manual,First,22.07,1199,73.9,5,2590,1,0,1
2013,70000,Diesel,Manual,First,20.77,1248,88.8,7,5450,1,0,1
2017,30000,Diesel,Manual,First,22.77,1498,98.59,5,6000,1,0,1
2016,66618,Diesel,Automatic,First,11.36,2755,171.5,7,15490,0,0,1
2010,69300,Petrol,Automatic,Second,10.8,2497,150,5,12500,0,1,0
2017,148000,Diesel,Manual,First,23.4,1248,74,5,4750,1,0,1
2017,22000,Petrol,Manual,First,18.88,999,123.24,5,7850,1,1,1
2013,75000,Diesel,Manual,First,16.8,1493,110,5,6000,1,0,1
2016,43706,Petrol,Manual,First,17.57,1193,88.7,5,4000,1,1,1
2011,42000,Diesel,Automatic,First,14.4,2967,241.4,5,28750,0,0,1
2012,65000,Diesel,Manual,First,22.3,1248,74,5,2500,1,0,1
2015,76128,Diesel,Manual,First,26.59,1248,74,5,5500,1,0,1
2010,39852,Petrol,Manual,First,16,1368,90,5,1590,1,1,1
2017,18673,Petrol,Manual,First,18.6,1197,81.83,5,6220,1,1,1
2016,11583,Petrol,Manual,First,21.1,814,55.2,5,2750,1,1,1
2017,50000,Diesel,Automatic,First,17.9,2143,136,5,25000,0,0,1
2014,77000,Petrol,Manual,First,23.1,998,67.04,5,2800,1,1,1
2014,54890,Petrol,Manual,Second,17.8,1199,76.8,5,2450,1,1,0
2016,21000,Petrol,Automatic,First,19,1199,88.7,5,6350,0,1,1
2009,58557,Diesel,Automatic,Third,16.07,1995,181,5,8000,0,0,0
2014,70000,Diesel,Manual,First,19.01,1461,108.45,5,8250,1,0,1
2017,16000,Petrol,Automatic,First,17.01,1499,110.4,5,5950,0,1,1
2018,8899,Diesel,Manual,First,13.68,2393,147.8,7,19920,1,0,1
2016,83629,Diesel,Manual,First,25.44,936,56.3,5,3150,1,0,1
2014,35059,Petrol,Automatic,First,17.21,1798,189,4,5750,0,1,1
2018,30552,Diesel,Automatic,First,10.91,3198,197.2,7,32440,0,0,1
2016,44875,Diesel,Automatic,Second,22.32,1582,126.32,5,8010,0,0,0
2017,25095,Petrol,Manual,First,18.16,1196,86.8,5,6480,1,1,1
2007,59000,Petrol,Manual,First,16.1,796,37,4,750,1,1,1
2014,36000,Diesel,Manual,First,26,1498,98.6,5,5000,1,0,1
2012,37000,Diesel,Manual,First,16,2179,140,7,7750,1,0,1
2010,90000,Diesel,Manual,First,20,1399,68,5,2600,1,0,1
2018,17000,Petrol,Manual,First,17,1497,121.36,5,9200,1,1,1
2015,42575,Petrol,Manual,First,18.6,1197,81.83,5,5050,1,1,1
2012,131000,Diesel,Manual,First,12.99,2494,100,7,9600,1,0,1
2013,74000,Diesel,Manual,First,20.46,1461,83.8,5,5500,1,0,1
2013,47234,Diesel,Manual,First,12.99,2494,100.6,8,9350,1,0,1
2009,231673,Petrol,Manual,First,17,1497,118,5,2600,1,1,1
2016,10000,Petrol,Manual,First,24.07,998,67.1,5,3500,1,1,1
2016,49389,Petrol,Manual,First,19.49,1198,67.04,5,4260,1,1,1
2016,12000,Petrol,Automatic,Second,23.1,998,67.04,5,4250,0,1,0
2010,65000,Petrol,Manual,Second,11.7,1796,178,5,11750,1,1,0
2013,177000,Diesel,Manual,First,23.5,1498,88.7,5,3500,1,0,1
2015,89000,Petrol,Manual,First,17.01,1591,121.3,5,7500,1,1,1
2009,72000,Petrol,Automatic,Third,15,1396,100,5,3250,0,1,0
2012,49000,Petrol,Manual,First,17.5,1298,85.8,5,4900,1,1,1
2014,51355,Diesel,Automatic,First,14.84,2143,170,5,27000,0,0,1
2017,13460,Petrol,Manual,First,18.6,1197,81.86,5,8910,1,1,1
2014,35642,Petrol,Automatic,First,17.01,1591,121.4,5,6690,0,1,1
2014,52895,Diesel,Manual,First,17.3,1998,163.7,5,6020,1,0,1
2010,93000,Petrol,Manual,First,14.28,1798,138.03,5,4500,1,1,1
2011,70000,Petrol,Manual,First,19,998,66.1,5,2000,1,1,1
2012,32048,Diesel,Manual,First,23.08,1461,63.1,5,2400,1,0,1
2013,4700,Petrol,Manual,First,25.4,624,37.48,4,1200,1,1,1
2014,71800,Diesel,Manual,First,23.4,1248,74,5,2900,1,0,1
2016,45000,Diesel,Automatic,First,17.32,1968,184,5,27000,0,0,1
2016,15388,Diesel,Manual,First,25.8,1498,98.6,5,7500,1,0,1
2004,98798,Petrol,Manual,First,14.7,1599,104,5,1500,1,1,1
2016,43000,Diesel,Automatic,First,14.16,1968,174.3,5,39500,0,0,1
2012,85112,Diesel,Manual,First,23.2,1248,73.94,5,3390,1,0,1
2018,37804,Diesel,Manual,First,15.4,2179,120,7,12400,1,0,1
2014,45000,Diesel,Manual,First,28.09,1248,88.5,5,6850,1,0,1
2011,116000,Diesel,Manual,Second,21.43,1364,138,5,5750,1,0,0
2015,100073,Diesel,Manual,Second,25,1396,69,5,2000,1,0,0
2006,165000,Petrol,Manual,First,16.1,796,37,4,900,1,1,1
2015,22000,Petrol,Manual,First,16.47,1198,74,5,3800,1,1,1
2017,9500,Petrol,Automatic,First,14.62,1999,149.92,5,16350,0,1,1
2012,152000,Diesel,Automatic,First,11.5,2982,169,7,16500,0,0,1
2019,17705,Petrol,Manual,First,21.4,1197,83.1,5,8700,1,1,1
2016,12000,Petrol,Manual,First,21.4,1197,83.1,5,6100,1,1,1
2013,51000,Diesel,Automatic,First,23.8,1998,112,5,21940,0,0,1
2009,42000,Diesel,Automatic,Second,13,2987,210,5,22000,0,0,0
2015,51000,Petrol,Manual,First,20.92,998,67.1,5,2650,1,1,1
2017,42527,Petrol,Manual,First,20.4,1197,81.8,5,5270,1,1,1
2014,45000,Diesel,Manual,First,22.1,1248,74,5,2480,1,0,1
2011,70000,Diesel,Manual,First,12.8,2494,102,8,6000,1,0,1
2009,92000,Diesel,Manual,First,11.5,2982,171,7,8900,1,0,1
2012,57156,Diesel,Automatic,Second,18.88,1995,184,5,18000,0,0,0
2016,53211,Petrol,Manual,First,16.8,1395,138.02,5,11640,1,1,1
2019,80000,Diesel,Manual,First,11.5,2982,171,7,8990,1,0,1
2009,74000,Diesel,Automatic,First,15.5,1896,105,5,5250,0,0,1
2011,37000,Diesel,Manual,First,23,1396,90,5,2950,1,0,1
2013,64000,Diesel,Manual,Second,21.02,1248,88.76,5,2650,1,0,0
2013,57197,Petrol,Manual,First,15.04,1598,103.6,5,4000,1,1,1
2016,55000,Diesel,Automatic,First,17.6,1582,126.2,5,12500,0,0,1
2014,33000,Petrol,Manual,First,21.1,1197,85.8,5,3250,1,1,1
2008,70000,Petrol,Manual,First,13.1,1997,141.1,5,4000,1,1,1
2012,75000,Diesel,Manual,Second,15.1,2179,140,7,6250,1,0,0
2016,58095,Diesel,Manual,First,21.66,1498,108.62,5,5800,1,0,1
2015,7445,Petrol,Manual,First,17.57,1193,88.7,5,5000,1,1,1
2016,17652,Diesel,Automatic,First,12.9,2993,270.88,5,58730,0,0,1
2018,28321,Petrol,Automatic,First,14.28,1798,138.03,5,17490,0,1,1
2011,69000,Petrol,Manual,Second,19,998,66.1,5,1950,1,1,0
2007,80000,Petrol,Automatic,First,11.1,2354,142,5,3000,0,1,1
2014,42365,Petrol,Manual,First,17,1197,80,5,5500,1,1,1
2013,123000,Diesel,Automatic,First,12.55,2982,168.5,7,16500,0,0,1
2011,40000,Petrol,Automatic,Second,11.74,1796,186,5,14500,0,1,0
2016,30112,Diesel,Manual,First,27.39,1248,74,5,7790,1,0,1
2017,43775,Diesel,Manual,First,20.77,1248,88.76,7,8270,1,0,1
2019,26013,Diesel,Automatic,First,12.65,2993,255,5,97070,0,0,1
2012,56000,Petrol,Manual,First,12.9,1598,102.5,5,2150,1,1,1
2008,95000,Petrol,Automatic,Second,12.9,1799,130,5,3000,0,1,0
2014,41089,Diesel,Automatic,First,16.09,1995,184,5,28790,0,0,1
2011,41988,Diesel,Automatic,First,20,1968,138.1,5,5450,0,0,1
2013,72486,Diesel,Manual,First,23.4,1248,74,5,3950,1,0,1
2013,92000,Diesel,Automatic,First,23.3,1984,150,5,16000,0,0,1
2013,40000,Petrol,Manual,First,17.5,1298,85.8,5,4250,1,1,1
2014,56000,Diesel,Automatic,First,12.7,2179,187.7,5,34500,0,0,1
2008,125000,Petrol,Automatic,Third,11.7,2354,177.6,5,2600,0,1,0
2017,29219,Diesel,Manual,First,12.99,2494,100.6,8,13480,1,0,1
2018,39927,Diesel,Manual,First,12.55,2982,168.5,7,32100,1,0,1
2018,38593,Petrol,Manual,First,18.7,1199,88.7,5,6170,1,1,1
2015,32000,Petrol,Manual,First,17,1497,118,5,5500,1,1,1
2017,28226,Diesel,Automatic,First,28.4,1248,73.75,5,9150,0,0,1
2014,95000,Diesel,Manual,First,21.64,1461,84.8,5,4500,1,0,1
2014,194000,Diesel,Manual,First,12.99,2494,100.6,8,10500,1,0,1
2016,14821,Petrol,Manual,First,19.4,1198,86.8,5,5370,1,1,1
2012,52000,Petrol,Manual,First,15.04,1598,103.6,5,5450,1,1,1
2016,33000,Diesel,Manual,First,16,2179,140,7,9250,1,0,1
2016,29200,Diesel,Manual,First,23,1498,98.96,5,7700,1,0,1
2012,99754,Diesel,Manual,First,17.72,1968,108.49,5,7990,1,0,1
2012,49000,Petrol,Manual,First,20.36,1197,78.9,5,3000,1,1,1
2005,299322,Diesel,Manual,First,12.8,2494,102,8,4000,1,0,1
2018,38310,Diesel,Manual,First,20.65,1248,88.7,5,6690,1,0,1
2014,56000,Diesel,Manual,First,22.9,1248,74,5,4250,1,0,1
2017,31300,Diesel,Automatic,First,21.72,1498,108.4,5,10500,0,0,1
2019,11241,Diesel,Manual,First,13.68,2393,147.8,8,22550,1,0,1
2014,48000,Petrol,Manual,Second,17.01,1591,121.3,5,5200,1,1,0
2019,23882,Petrol,Manual,First,17.4,1497,117.3,5,11870,1,1,1
2014,65000,Diesel,Manual,First,26,1498,98.6,5,6990,1,0,1
2011,50000,Diesel,Manual,First,20.54,1598,103.6,5,5000,1,0,1
2014,25000,Diesel,Automatic,First,12.19,2967,236,5,44000,0,0,1
2015,21000,Petrol,Manual,First,22.74,796,47.3,5,2790,1,1,1
2012,148000,Diesel,Manual,Second,21.12,1248,88.8,5,2900,1,0,0
2016,68000,Petrol,Manual,First,15.29,1591,121.3,5,9850,1,1,1
2014,52000,Diesel,Automatic,First,12,2987,224,7,49000,0,0,1
2016,19000,Diesel,Manual,First,16.55,2498,105,6,9250,1,0,1
2011,74000,Diesel,Manual,Second,22.32,1582,126.3,5,3750,1,0,0
2017,30279,Diesel,Manual,First,26.1,1498,99,5,7290,1,0,1
2016,20000,Diesel,Automatic,First,20.7,1496,113.98,4,23500,0,0,1
2013,34834,Petrol,Manual,First,14,796,35,5,2600,1,1,1
2015,90000,Diesel,Manual,Second,21.03,1461,65,5,3100,1,0,0
2016,38730,Diesel,Automatic,First,14.21,2143,203,5,29980,0,0,1
2016,57390,Diesel,Manual,First,19.01,1461,108.45,5,6730,1,0,1
2016,100000,Diesel,Manual,First,23.4,1248,74,5,3500,1,0,1
2011,50000,Petrol,Manual,First,16.47,1198,73.9,5,2350,1,1,1
2017,64961,Diesel,Manual,First,16,2179,140,7,16130,1,0,1
2014,72465,Petrol,Manual,First,16.47,1198,74,5,5900,1,1,1
2012,68776,Petrol,Manual,First,21.1,1197,85.8,5,3900,1,1,1
2012,68000,Diesel,Manual,First,12.8,2494,102,7,6950,1,0,1
2015,33000,Diesel,Manual,First,26,1498,98.6,5,7000,1,0,1
2017,22389,Petrol,Manual,First,17,1198,73.75,5,7230,1,1,1
2012,90000,Diesel,Manual,First,21.5,1248,88.8,5,3810,1,0,1
2012,42000,Petrol,Manual,Third,18.6,1197,85.8,5,4500,1,1,0
2017,38767,Diesel,Manual,First,19.67,1582,126.2,5,12600,1,0,1
2015,21000,Diesel,Automatic,First,12.07,2967,241.4,7,48000,0,0,1
2010,59136,Petrol,Manual,First,19.7,796,46.3,5,2960,1,1,1
2014,36000,Diesel,Manual,First,25.8,1498,98.6,5,3250,1,0,1
2011,95000,Diesel,Automatic,Second,18.33,1968,167.7,5,8500,0,0,0
2013,51000,Diesel,Automatic,First,19.5,1582,126.24,5,8750,0,0,1
2011,36411,Petrol,Manual,First,18.9,998,67.1,5,3080,1,1,1
2017,40000,Diesel,Automatic,First,12.81,1999,148.31,7,41500,0,0,1
2016,27300,Petrol,Manual,First,17.8,1497,117.3,5,7000,1,1,1
2011,29813,Petrol,Automatic,Second,14.74,1991,181.03,5,11500,0,1,0
2011,71000,Petrol,Manual,First,20.51,998,67.04,5,2600,1,1,1
2014,32000,Diesel,Manual,First,22.32,1582,126.3,5,4300,1,0,1
2017,19234,CNG,Manual,First,17.5,1373,80.46,7,8350,1,0,1
2017,50510,Diesel,Automatic,First,17.06,1968,141,5,24900,0,0,1
2011,102000,Diesel,Automatic,First,15.06,1995,177,5,13750,0,0,1
2014,42277,Diesel,Manual,First,24,1186,73.97,5,3850,1,0,1
2014,46000,Diesel,Automatic,First,13,2143,201.1,5,23250,0,0,1
2015,50000,Petrol,Manual,First,18.9,1197,82,5,5750,1,1,1
2008,62000,Petrol,Manual,Second,20.36,1197,78.9,5,1650,1,1,0
2012,78000,Diesel,Manual,First,19.33,1968,138.1,5,6500,1,0,1
2011,79000,Diesel,Manual,First,17.67,1968,138.08,5,7500,1,0,1
2019,6773,Diesel,Automatic,First,14.75,2967,245,7,72940,0,0,1
2010,135000,Diesel,Manual,Second,11.5,2982,171,7,11000,1,0,0
2013,36716,Petrol,Manual,First,18.9,1061,67,5,3020,1,1,1
2013,65060,Petrol,Manual,First,21.1,814,55.2,5,3320,1,1,1
2013,33000,Petrol,Manual,First,19.4,1198,86.8,5,3240,1,1,1
2015,11110,Petrol,Manual,First,22.74,796,47.3,5,2350,1,1,1
2013,63000,Diesel,Manual,First,15.96,2523,62.1,7,5500,1,0,1
2015,27030,Petrol,Manual,First,17.8,1497,117.3,5,6750,1,1,1
2015,19600,Petrol,Manual,First,15,1598,103.52,5,6150,1,1,1
2016,27755,Petrol,Manual,First,22,1197,81.8,5,5450,1,1,1
2013,20000,Petrol,Manual,Second,21.1,814,55.2,5,2300,1,1,0
2015,24782,Petrol,Manual,First,20.85,1197,83.14,5,6210,1,1,1
2014,47303,Petrol,Automatic,First,19.34,1198,76,5,5210,0,1,1
2008,71000,Petrol,Automatic,First,8.3,4134,250,7,11990,0,1,1
2010,135000,Diesel,Manual,First,17.8,1248,75,5,3100,1,0,1
2017,1000,Diesel,Manual,First,13.49,2179,138.03,5,7500,1,0,1
2016,29000,Diesel,Manual,First,20.14,1498,88.8,5,4000,1,0,1
2016,36367,Petrol,Manual,First,17.8,1497,117.3,5,7730,1,1,1
2015,38000,Petrol,Manual,First,17.4,1497,117.3,5,7800,1,1,1
2011,83969,Petrol,Manual,First,16.1,796,37,4,1300,1,1,1
2014,82621,Diesel,Manual,First,20.14,1498,88.8,5,4420,1,0,1
2009,89000,Diesel,Automatic,First,12.5,1991,147.9,7,4000,0,0,1
2016,54000,Diesel,Manual,First,16,2179,140,7,13000,1,0,1
2015,61691,Diesel,Manual,First,25.8,1498,98.6,5,5380,1,0,1
2011,32200,Petrol,Manual,Second,17,1197,80,5,3250,1,1,0
2016,68630,Petrol,Automatic,First,20.51,998,67,5,3870,0,1,1
2014,61000,Diesel,Automatic,Second,16.96,1968,138.03,5,8250,0,0,0
2018,32644,Petrol,Manual,First,20.73,1373,91.1,5,9280,1,1,1
2012,85000,Diesel,Automatic,First,11.79,2179,120,7,6250,0,0,1
2008,75000,Petrol,Manual,Second,15.26,1150,74.9,5,1150,1,1,0
2016,40347,Petrol,Manual,First,20.73,1373,91.2,5,7800,1,1,1
2012,60788,Diesel,Manual,First,23,1396,90,5,4500,1,0,1
2018,18664,Petrol,Manual,First,18.7,1199,88.7,5,7560,1,1,1
2017,57847,Diesel,Manual,First,16,2179,140,7,16080,1,0,1
2012,52237,Petrol,Manual,First,17,1197,80,5,4500,1,1,1
2012,128000,Diesel,Manual,First,22.32,1582,126.32,5,5000,1,0,1
2011,54000,Petrol,Manual,First,19.81,1086,68.05,5,2200,1,1,1
2014,49800,Petrol,Automatic,First,23.1,998,67.04,5,4000,0,1,1
2012,98000,Diesel,Manual,First,20.86,1199,73.9,5,2510,1,0,1
2015,60095,Diesel,Manual,First,25.2,1248,74,5,4750,1,0,1
2008,68000,Petrol,Manual,Second,16,1086,66.7,5,2000,1,1,0
2010,81402,Petrol,Manual,Second,20.36,1197,78.9,5,2100,1,1,0
2013,38000,Petrol,Automatic,First,16.5,1499,110,5,6250,0,1,1
2011,92239,Diesel,Automatic,Second,11.5,2987,210,5,10600,0,0,0
2017,49224,Diesel,Manual,First,25.2,1248,74,5,6000,1,0,1
2004,12000,Petrol,Manual,Second,16.1,796,37,4,450,1,1,0
2010,54898,Petrol,Manual,Third,16.1,1298,88.2,5,2500,1,1,0
2018,2500,Petrol,Manual,First,15.29,1591,121.3,5,12750,1,1,1
2017,32838,Diesel,Automatic,First,17.05,1995,190,5,30290,0,0,1
2006,27076,Petrol,Manual,First,13.8,1299,70,5,1600,1,1,1
2017,75445,Diesel,Manual,First,22.7,1498,89.84,5,7540,1,0,1
2015,46601,Petrol,Manual,First,20.73,1373,91.1,5,6840,1,1,1
2012,72000,Diesel,Automatic,First,18.33,1968,167.7,5,6000,0,0,1
2017,27000,Diesel,Manual,First,27.3,1498,98.6,5,8000,1,0,1
2016,68193,Diesel,Automatic,First,17.11,1968,174.33,5,24740,0,0,1
2017,34429,Diesel,Manual,First,24,1120,70,5,5500,1,0,1
2013,46000,Diesel,Automatic,First,12,2987,224,7,36000,0,0,1
2013,80544,Diesel,Manual,First,12.99,2494,100.6,7,11790,1,0,1
2011,42000,Petrol,Manual,Second,16.95,1498,97.7,5,3000,1,1,0
2011,94821,Diesel,Automatic,Second,20,1968,138.1,5,6750,0,0,0
2006,100000,Petrol,Manual,First,14.49,1399,92.7,5,1400,1,1,1
2014,57000,Diesel,Manual,First,24.2,1498,98.6,7,5750,1,0,1
2010,79894,Diesel,Manual,First,21.1,1248,73.9,5,3400,1,0,1
2011,44748,Petrol,Manual,Second,16.47,1198,73.9,5,4890,1,1,0
2013,31000,Petrol,Manual,First,13.24,1598,102.5,5,4950,1,1,1
2013,60587,Petrol,Automatic,Second,16.98,998,66.1,5,3490,0,1,0
2014,43772,Petrol,Manual,First,17,1497,118,5,6350,1,1,1
2017,23576,Petrol,Automatic,First,18.9,1197,82,5,7080,0,1,1
2017,4000,Diesel,Automatic,First,13.6,1999,177,5,38000,0,0,1
2012,62000,Diesel,Manual,First,12.05,2179,120,8,6250,1,0,1
2011,36000,Petrol,Automatic,First,11.74,1796,186,5,10150,0,1,1
2014,80000,Petrol,Automatic,First,13.7,1798,157.75,5,10750,0,1,1
2012,137008,Diesel,Automatic,First,18.1,1991,147.9,4,4650,0,0,1
2010,61001,Diesel,Manual,First,12.05,2179,120,8,4750,1,0,1
2015,52191,Petrol,Manual,First,17.1,1591,121.3,5,7780,1,1,1
2016,77076,Diesel,Manual,First,23,1396,90,5,6750,1,0,1
2008,56000,Petrol,Automatic,First,16.4,1497,78,5,2990,0,1,1
2013,21000,Petrol,Manual,First,20.36,1197,78.9,5,2350,1,1,1
2013,89429,Diesel,Manual,First,25.8,1498,98.6,5,3650,1,0,1
2012,45631,Petrol,Manual,Second,22.5,998,67.04,5,2740,1,1,0
2013,53959,Petrol,Manual,First,19.4,1198,86.8,5,3500,1,1,1
2014,55804,Petrol,Manual,First,17,1197,80,5,4760,1,1,1
2016,25899,Petrol,Manual,First,15.04,1598,103.2,5,6200,1,1,1
2008,82000,Diesel,Manual,Second,18.7,1896,66,5,2350,1,0,0
2014,52000,Diesel,Automatic,First,13,2143,204,5,24500,0,0,1
2013,20000,Petrol,Manual,First,13.24,1598,102.57,5,6000,1,1,1
2017,31829,Petrol,Manual,First,21.1,814,55.2,5,3650,1,1,1
2016,18094,Petrol,Manual,Second,18.6,1197,85.8,5,6260,1,1,0
2015,11964,Diesel,Automatic,First,13.22,2967,241.4,5,32950,0,0,1
2018,22684,Petrol,Manual,First,18.6,1197,81.83,5,7800,1,1,1
2014,43521,Petrol,Manual,First,19.4,1198,86.8,5,4250,1,1,1
2014,49386,Petrol,Manual,First,17.5,1298,85.8,5,4860,1,1,1
2017,12248,Petrol,Manual,First,18.9,1197,81.86,5,4900,1,1,1
2014,67771,Diesel,Manual,First,11.68,2498,112,8,7060,1,0,1
2015,60007,Petrol,Automatic,First,17.21,1798,189,4,4500,0,1,1
2011,48624,Petrol,Manual,First,24.07,998,67.1,5,3220,1,1,1
2014,30000,Diesel,Manual,First,22.07,1199,73.9,5,3250,1,0,1
2016,81605,Petrol,Manual,First,18.9,1197,82,5,4530,1,1,1
2017,32642,Diesel,Automatic,First,14.84,2143,170,5,34780,0,0,1
2014,34200,Petrol,Automatic,First,15.74,1591,121.3,5,6500,0,1,1
2010,72204,Petrol,Manual,First,15.7,1172,67,5,2250,1,1,1
2011,156347,Diesel,Manual,Second,12.99,2494,100,8,8000,1,0,0
2017,47357,Diesel,Automatic,First,18.49,1493,100,7,8370,0,0,1
2015,61738,Diesel,Manual,First,20.14,1498,88.8,5,5390,1,0,1
2018,32586,Diesel,Automatic,First,22.48,1995,190,5,37300,0,0,1
2018,40129,Diesel,Automatic,First,11.57,2987,254.79,5,70800,0,0,1
2012,51000,Diesel,Automatic,First,11.74,2987,254.8,5,22250,0,0,1
2018,10393,Petrol,Manual,First,18.9,1197,81.86,5,6030,1,1,1
2011,46000,Petrol,Automatic,First,13.7,1798,157.75,5,4900,0,1,1
2013,21000,Petrol,Automatic,First,16.95,1197,78.9,5,3960,0,1,1
2011,113562,Diesel,Manual,First,23,1396,90,5,4600,1,0,1
2011,100010,Diesel,Manual,Second,12.05,2179,120,8,5500,1,0,0
2013,63107,Petrol,Manual,First,19.4,1198,86.8,5,3250,1,1,1
2017,58500,Petrol,Manual,First,18.6,1197,81.83,5,6250,1,1,1
2007,90000,Diesel,Manual,Fourth & Above,10.9,2499,143,7,3000,1,0,0
2011,108242,Diesel,Manual,First,16.8,1493,110,5,4250,1,0,1
2011,146300,Diesel,Manual,First,11.5,2982,171,7,12250,1,0,1
2011,62943,Diesel,Automatic,Second,17.05,1995,184,5,10950,0,0,0
2013,65000,Diesel,Automatic,First,12.55,2982,168.5,7,16500,0,0,1
2018,1700,Petrol,Automatic,First,19,1199,88.76,5,7800,0,1,1
2013,34697,Petrol,Manual,First,19.81,1086,68.05,5,3700,1,1,1
2012,58000,Petrol,Manual,First,17,1197,80,5,4000,1,1,1
2015,32500,Diesel,Automatic,First,19.59,1995,187.74,5,26750,0,0,1
2016,58661,Diesel,Automatic,First,15.17,1968,181,5,28030,0,0,1
2017,37124,Petrol,Manual,First,20.4,1197,81.8,5,5440,1,1,1
2017,44000,Petrol,Automatic,First,21.4,1197,83.1,5,6200,0,1,1
2005,45200,Petrol,Manual,First,13.2,1495,94,5,900,1,1,1
2016,11000,Petrol,Manual,First,18.5,1197,85.8,5,3950,1,1,1
2011,65000,Petrol,Manual,Second,26,624,35,4,440,1,1,0
2012,55005,Diesel,Manual,First,20,1399,68,5,2750,1,0,1
2011,81650,Diesel,Automatic,First,18.33,1968,167.7,5,7500,0,0,1
2010,160000,Diesel,Manual,Second,19,1248,93,5,2500,1,0,0
2015,169000,Diesel,Manual,First,14.95,2489,93.7,7,5000,1,0,1
2013,67263,Petrol,Manual,First,18.9,998,67.1,5,3600,1,1,1
2012,44223,Petrol,Manual,First,17.6,1496,88.7,5,3990,1,1,1
2015,36840,Petrol,Manual,First,18.9,1197,82,5,5640,1,1,1
2014,160000,Diesel,Manual,First,12.99,2494,100,8,12000,1,0,1
2008,133000,Diesel,Manual,First,16.8,1405,62,5,700,1,0,1
2015,69123,Diesel,Automatic,First,18.88,1995,184,5,19000,0,0,1
2017,38000,Diesel,Automatic,First,10.91,3198,197,7,30480,0,0,1
2017,5500,Petrol,Manual,First,21.56,1462,103.25,5,8200,1,1,1
2015,1001,Diesel,Manual,First,25.83,1498,99,5,7550,1,0,1
2007,59000,Petrol,Manual,Third,15.26,1150,74.9,5,990,1,1,0
2011,78256,Petrol,Automatic,First,16.8,1497,118,5,4150,0,1,1
2016,90000,Petrol,Manual,First,16.95,1498,97.6,5,6200,1,1,1
2016,18000,Petrol,Manual,First,19.1,1197,85.8,5,4400,1,1,1
2012,60000,Diesel,Manual,First,20,1399,68,5,2100,1,0,1
2011,130000,Diesel,Manual,First,20.3,1248,75,5,2200,1,0,1
2018,32851,Petrol,Manual,First,18.6,1197,81.86,5,8340,1,1,1
2014,32000,Diesel,Manual,First,23.4,1248,74,5,4350,1,0,1
2014,62700,Diesel,Manual,First,22.7,1498,89.84,5,6800,1,0,1
2010,71000,Diesel,Manual,First,19.3,1248,73.9,5,3300,1,0,1
2016,19947,Petrol,Manual,First,18.9,1197,82,5,5040,1,1,1
2012,91000,Diesel,Automatic,First,11.4,2953,153.86,7,9200,0,0,1
2014,74000,Diesel,Manual,First,22.07,1199,73.9,5,5700,1,0,1
2018,55594,Diesel,Manual,First,18.49,1493,100,7,8480,1,0,1
2013,58000,Diesel,Automatic,First,11.2,2993,306,4,48000,0,0,1
2012,110224,Diesel,Manual,First,19.01,1461,108.45,5,6100,1,0,1
2010,21002,Petrol,Manual,First,22.5,998,67.04,5,2750,1,1,1
2017,121000,Diesel,Manual,First,24.52,1248,88.5,7,8000,1,0,1
2010,73513,Petrol,Manual,First,19.7,796,46.3,5,1850,1,1,1
2015,34000,Petrol,Automatic,First,20.51,998,67,5,3850,0,1,1
2017,28371,Petrol,Manual,First,15.1,1196,73,7,4740,1,1,1
2013,74755,Diesel,Manual,First,19.6,1461,108.45,5,5630,1,0,1
2011,25805,Petrol,Manual,First,18.2,1061,64,5,2620,1,1,1
2015,82603,Petrol,Manual,First,13.06,1598,102.53,5,4900,1,1,1
2006,110000,Petrol,Manual,First,13.5,1799,130,5,2650,1,1,1
2012,88000,Diesel,Manual,First,16,2179,140,7,5990,1,0,1
2011,110000,Diesel,Manual,Second,21,1461,64.1,5,2400,1,0,0
2017,15000,Petrol,Manual,First,21.7,999,67,5,4250,1,1,1
2013,70000,Diesel,Automatic,First,15.15,2967,240,5,40000,0,0,1
2008,150000,Diesel,Manual,Second,28.4,1248,74,5,2700,1,0,0
2016,19000,Petrol,Manual,First,20.63,1198,67,5,2990,1,1,1
2011,37442,Petrol,Manual,First,18.5,1197,80,5,3400,1,1,1
2016,63111,Diesel,Automatic,Second,18.12,1995,190,5,30800,0,0,0
2012,88000,Diesel,Manual,First,20.77,1248,88.8,7,5850,1,0,1
2014,42355,Petrol,Manual,First,18.9,1197,82,5,4000,1,1,1
2011,75871,Petrol,Automatic,First,9.43,2996,254,5,14120,0,1,1
2011,65000,Diesel,Manual,First,17.9,1998,163.7,5,4550,1,0,1
2015,69000,Diesel,Automatic,First,0,2987,165,5,38000,0,0,1
2011,79232,Diesel,Manual,First,21.1,1248,73.9,5,2900,1,0,1
2007,220000,Petrol,Automatic,Second,11.74,1796,186,5,6000,0,1,0
2016,28470,Petrol,Manual,First,18.6,1197,81.83,5,6950,1,1,1
2014,9759,Petrol,Manual,First,20.3,998,68.05,5,2750,1,1,1
2014,75216,Diesel,Manual,First,22.9,1248,74,5,5100,1,0,1
2017,8000,Petrol,Manual,First,18.6,1197,81.83,5,6750,1,1,1
2014,59451,Petrol,Manual,First,18.5,1197,85.8,5,3690,1,1,1
2013,53996,Diesel,Manual,First,22.9,1248,74,5,5450,1,0,1
2018,15135,Petrol,Manual,First,17.5,1199,88.7,5,9290,1,1,1
2015,53000,Petrol,Automatic,Second,16.9,1197,81.86,5,4000,0,1,0
2013,40000,Petrol,Manual,First,18,1198,86.7,5,2900,1,1,1
2013,21107,Petrol,Manual,First,17.1,1591,121.3,5,5250,1,1,1
2014,56000,Petrol,Manual,First,16.8,1497,116.3,5,5750,1,1,1
2017,19623,Petrol,Manual,First,15.29,1591,121.3,5,13120,1,1,1
2014,70963,Diesel,Manual,First,15.1,2179,140,7,7830,1,0,1
2013,25755,CNG,Manual,First,26.6,998,58.16,5,3150,1,0,1
2013,51450,Diesel,Manual,First,12.8,2494,102,7,10400,1,0,1
2012,75000,Diesel,Manual,First,22.9,1248,74,5,4350,1,0,1
2017,37832,Petrol,Automatic,First,22.5,998,67,5,5230,0,1,1
2016,43041,Petrol,Manual,First,18.9,1197,81.86,5,6010,1,1,1
2014,97236,Diesel,Manual,First,25.8,1498,98.6,5,4400,1,0,1
2010,83000,Diesel,Automatic,First,16.07,1995,181,5,12750,0,0,1
2011,65000,Petrol,Manual,First,15.6,1196,70,5,2400,1,1,1
2018,46007,Petrol,Manual,First,17,1198,73.75,5,5710,1,1,1
2015,65925,Diesel,Manual,Second,22.7,1498,89.84,5,5490,1,0,0
2004,73500,Petrol,Manual,Second,13,1343,90,5,1300,1,1,0
2014,55000,Diesel,Manual,First,16,2179,140,7,8500,1,0,1
2012,115000,Diesel,Manual,First,13,2982,168.5,7,12990,1,0,1
2017,31184,Petrol,Manual,First,18.9,1197,81.86,5,5000,1,1,1
2017,41747,Diesel,Automatic,First,28.4,1248,73.75,5,9000,0,0,1
2016,38143,Diesel,Manual,First,22.9,1248,74,5,5220,1,0,1
2012,19030,Petrol,Manual,First,16.47,1198,73.9,5,3800,1,1,1
2019,20877,Petrol,Manual,First,18.16,1197,78.9,5,7270,1,1,1
2016,23555,Petrol,Manual,First,22,1197,81.8,5,5100,1,1,1
2013,29000,Diesel,Automatic,First,14.21,2143,203,5,29000,0,0,1
2013,61000,Petrol,Manual,First,18.9,998,67.1,5,2900,1,1,1
2012,4187,Petrol,Manual,First,26,624,35,4,1380,1,1,1
2011,46000,Petrol,Manual,First,13.4,1798,157.8,5,5500,1,1,1
2016,28000,Petrol,Automatic,First,17.21,1197,103.5,5,7250,0,1,1
2014,83558,Diesel,Manual,First,22.32,1582,126.32,5,6980,1,0,1
2017,40000,Diesel,Manual,First,22.95,1248,74,5,5250,1,0,1
2013,36000,Petrol,Manual,First,21.1,814,55.2,5,1950,1,1,1
2014,21000,Diesel,Automatic,First,17.11,1968,174.33,5,24500,0,0,1
2013,62162,Diesel,Manual,First,12.99,2494,100,7,8310,1,0,1
2012,83000,Diesel,Automatic,First,11.74,2987,254.8,5,36000,0,0,1
2015,58000,Diesel,Manual,First,24.4,1120,71,5,5500,1,0,1
2011,62332,Petrol,Automatic,First,11.7,2354,177.6,5,5890,0,1,1
2016,50867,Diesel,Manual,First,20.34,1498,103.2,5,7950,1,0,1
2010,73000,Petrol,Manual,First,17,1197,80,5,2750,1,1,1
2012,98008,Diesel,Manual,First,22.7,1582,126.24,5,6250,1,0,1
2015,36000,Diesel,Manual,First,20,1399,68.05,5,4950,1,0,1
2019,27339,Petrol,Manual,First,18.6,1197,81.83,5,6270,1,1,1
2017,25000,Diesel,Manual,First,23.9,1582,126.2,5,8650,1,0,1
2014,37000,Petrol,Manual,First,18.9,1197,82,5,3500,1,1,1
2015,56000,Diesel,Automatic,First,14.16,1968,174.3,5,35000,0,0,1
2015,27000,Petrol,Manual,First,17.5,1298,85.8,5,4450,1,1,1
2012,37000,Petrol,Manual,First,18.5,1197,80,5,2650,1,1,1
2017,10500,Diesel,Manual,First,25.32,1198,77,5,4700,1,0,1
2014,49000,Diesel,Automatic,First,18.23,1582,126.2,5,8900,0,0,1
2017,7000,Diesel,Manual,First,17.1,1956,170,5,17450,1,0,1
2017,71256,Diesel,Manual,First,24.3,1248,88.5,5,9580,1,0,1
2012,83184,Petrol,Manual,First,14.28,1798,138.03,5,6220,1,1,1
2013,87284,Diesel,Manual,First,15.1,2179,140,7,7800,1,0,1
2016,7000,Diesel,Automatic,First,20.68,1995,190,5,27750,0,0,1
2015,29000,Diesel,Manual,Second,22.54,1396,88.73,5,7000,1,0,0
2017,33552,Diesel,Automatic,First,11.57,2987,254.79,5,64870,0,0,1
2013,64000,Diesel,Manual,Second,17.3,1998,163.7,5,6500,1,0,0
2011,82000,Petrol,Manual,Second,18.5,1197,80,5,2700,1,1,0
2012,70000,Petrol,Manual,Second,19.4,1198,86.8,5,2500,1,1,0
2013,166194,Diesel,Manual,First,19.3,1461,84.8,7,3900,1,0,1
2015,58000,Petrol,Manual,First,16.47,1198,73.9,5,3950,1,1,1
2010,77000,Petrol,Manual,Second,20.36,1197,78.9,5,2100,1,1,0
2009,73204,Diesel,Automatic,Third,18.1,1991,147.9,4,3500,0,0,0
2007,70000,Petrol,Manual,Second,19.81,1086,68.05,5,2000,1,1,0
2014,79870,Diesel,Manual,First,20.77,1248,88.76,7,5350,1,0,1
2013,90000,Diesel,Manual,First,25.8,1498,98.6,5,3800,1,0,1
2016,17000,Petrol,Automatic,First,15.5,1595,122,5,17250,0,1,1
2018,46493,Petrol,Manual,First,18.9,1197,81.86,5,5530,1,1,1
2009,68000,Petrol,Manual,Third,20.36,1197,78.9,5,1950,1,1,0
2017,2000,Diesel,Manual,First,28.4,1248,74,5,8200,1,0,1
1999,140000,Petrol,Manual,First,13,1343,90,5,900,1,1,1
2013,255000,Diesel,Manual,Third,12.99,2494,100.6,7,6500,1,0,0
2014,45535,Diesel,Automatic,First,23.8,1998,112,5,19410,0,0,1
2016,39228,Petrol,Manual,First,15.7,1368,112.4,5,6580,1,1,1
2011,57000,Petrol,Manual,Second,14.49,1399,92.7,5,2100,1,1,0
2008,85445,Petrol,Manual,Second,19.81,1086,68.05,5,2000,1,1,0
2015,54000,Diesel,Manual,First,24.4,1120,71,5,3700,1,0,1
2014,53000,Petrol,Automatic,First,23.1,998,67.04,5,3800,0,1,1
2014,60000,Petrol,Manual,First,20.36,1197,78.9,5,3250,1,1,1
2015,65668,Diesel,Manual,First,19.87,1461,83.8,5,5530,1,0,1
2011,100000,Diesel,Automatic,Second,22.69,1995,190,5,10900,0,0,0
2018,1800,Petrol,Manual,First,18.9,1197,82,5,5100,1,1,1
2009,44200,Petrol,Manual,Second,18,995,62,5,1600,1,1,0
2018,14000,Petrol,Manual,First,17.4,1497,117.3,5,11250,1,1,1
2013,720000,Diesel,Manual,First,20.54,1598,103.6,5,5900,1,0,1
2012,73000,Diesel,Automatic,First,11.5,2982,169,7,14400,0,0,1
2011,68000,Petrol,Manual,First,17,1497,118,5,3600,1,1,1
2017,19543,Diesel,Automatic,First,18.12,1995,190,5,40500,0,0,1
2014,38000,Diesel,Automatic,Second,14.16,1968,174.3,5,38950,0,0,0
2014,32805,Diesel,Manual,First,23.2,1248,73.94,5,3600,1,0,1
2016,44782,Diesel,Automatic,First,21.21,1498,103.2,5,7120,0,0,1
2016,55700,Diesel,Manual,First,26,1498,98.6,5,7520,1,0,1
2012,60000,Diesel,Automatic,Second,15.2,1968,140.8,5,10350,0,0,0
2014,56000,Petrol,Manual,First,15,1598,103.52,5,7000,1,1,1
2011,60000,Diesel,Manual,First,11.5,2982,171,7,10850,1,0,1
2010,78563,Diesel,Manual,First,16.52,1991,123.7,5,2350,1,0,1
2014,34669,Petrol,Manual,First,15.1,1196,73,7,2900,1,1,1
2017,17000,Petrol,Manual,First,20.73,1373,91.1,5,7650,1,1,1
2016,66000,Diesel,Manual,First,28.09,1248,88.5,5,6400,1,0,1
2014,102418,Diesel,Manual,First,12.99,2494,100.6,7,10100,1,0,1
2014,48800,Petrol,Manual,First,19.1,1197,85.8,5,4250,1,1,1
2019,10601,Diesel,Automatic,First,11.36,2755,171.5,7,19650,0,0,1
2017,8200,Diesel,Manual,First,25,1396,69,5,4400,1,0,1
2012,100000,Petrol,Manual,First,18.5,1197,82.85,5,3250,1,1,1
2012,78000,Diesel,Manual,First,17.8,1399,68,5,2800,1,0,1
2015,50000,Diesel,Manual,First,18.2,1248,73.74,8,4300,1,0,1
2006,89327,Diesel,Manual,Third,17.8,1399,68,5,1550,1,0,0
2007,98000,Petrol,Manual,Second,10.8,2354,152,5,4700,1,1,0
2017,24700,Petrol,Manual,First,18.7,1199,88.7,5,7070,1,1,1
2018,6000,Diesel,Automatic,First,11,2987,258,7,79000,0,0,1
2018,9434,Petrol,Manual,First,18.9,1197,81.86,5,5750,1,1,1
2012,29000,Petrol,Manual,First,18.5,1197,85.8,5,3250,1,1,1
2017,22440,Diesel,Automatic,First,22,1498,108.495,5,8890,0,0,1
2015,73070,Petrol,Manual,First,17.4,1497,117.3,5,5900,1,1,1
2016,21771,Petrol,Manual,First,18.7,1199,88.7,5,4950,1,1,1
2014,62000,Diesel,Manual,First,17.8,1248,75,5,3750,1,0,1
2017,37024,Diesel,Automatic,First,17.01,1582,126.2,5,10970,0,0,1
2014,60336,Diesel,Automatic,Second,14.4,2967,241.4,5,24940,0,0,0
2014,26008,Petrol,Manual,First,21.1,814,55.2,5,1970,1,1,1
2010,90000,Diesel,Manual,Second,20,1399,68,5,1400,1,0,0
2018,35569,Petrol,Manual,First,17,1198,73.75,5,7270,1,1,1
2013,40000,Diesel,Manual,First,21.64,1461,84.8,5,4000,1,0,1
2015,45000,Petrol,Manual,First,18.7,1199,88.7,5,4750,1,1,1
2015,42000,Petrol,Manual,First,17,1197,80,5,5100,1,1,1
2012,46913,Diesel,Automatic,First,14.94,2967,241.4,5,16110,0,0,1
2014,62000,Diesel,Automatic,First,11.18,2696,184,7,10550,0,0,1
2017,15000,Diesel,Automatic,First,12.9,2755,174.5,7,30000,0,0,1
2002,69000,Diesel,Manual,First,18.7,1896,66,5,1600,1,0,1
2012,41367,Diesel,Automatic,First,15.8,2148,170,5,18490,0,0,1
2018,15982,Petrol,Manual,First,20.73,1373,91.1,5,9960,1,1,1
2013,99595,Diesel,Manual,Second,22.9,1248,74,5,4750,1,0,0
2002,63000,Diesel,Manual,Third,13.1,2446,75,10,3650,1,0,0
2012,49000,Diesel,Automatic,Second,16.73,2495,218,5,15500,0,0,0
2013,48272,Diesel,Manual,First,10.5,2835,116.9,6,11820,1,0,1
2008,63000,Petrol,Manual,First,13.4,1794,125,5,2050,1,1,1
2016,77000,CNG,Manual,First,26.6,998,58.16,5,3300,1,0,1
2013,11734,Petrol,Manual,First,16.8,796,34.2,8,2250,1,1,1
2014,62012,Diesel,Automatic,First,17.68,1968,174.33,5,20120,0,0,1
2017,46000,CNG,Manual,First,25,1197,81.86,5,4950,1,0,1
2016,45449,Diesel,Manual,First,27.3,1498,98.6,5,7480,1,0,1
2004,85000,Petrol,Automatic,Second,10.5,1796,157.7,5,5500,0,1,0
2005,88000,Petrol,Manual,Second,13,1493,100,,1700,1,1,0
2013,45330,Diesel,Automatic,First,16.55,1968,147.51,5,13190,0,0,1
2012,88000,Petrol,Manual,First,19.1,1197,85.8,5,3850,1,1,1
2016,45376,Diesel,Manual,First,28.4,1248,73.75,5,5750,1,0,1
2014,81000,Diesel,Manual,First,15.1,2179,140,7,9000,1,0,1
2012,83381,Petrol,Manual,First,18.6,1199,79.4,5,2210,1,1,1
2017,78526,Diesel,Manual,First,23,1498,98.96,5,8090,1,0,1
2017,27313,Diesel,Automatic,First,14.69,2993,258,5,48630,0,0,1
2015,42747,Diesel,Automatic,Second,14.16,1968,174.3,5,39470,0,0,0
2015,42265,Diesel,Automatic,Second,20.68,1995,190,5,22240,0,0,0
2009,21000,Petrol,Automatic,First,19.2,1197,80,5,2600,0,1,1
2016,55100,Diesel,Automatic,First,17.01,1582,126.2,5,12000,0,0,1
2014,70000,Diesel,Automatic,First,17.11,1968,174.33,5,18000,0,0,1
2007,55000,Petrol,Automatic,Third,10.13,3498,364.9,5,9990,0,1,0
2012,58235,Petrol,Manual,First,20.36,1197,78.9,5,2450,1,1,1
2017,26000,Diesel,Manual,First,23,1498,98.96,5,8990,1,0,1
2011,35000,Diesel,Manual,First,20.54,1598,103.6,5,3150,1,0,1
2017,24000,Diesel,Manual,First,28.4,1248,73.75,5,8200,1,0,1
2016,98000,Diesel,Manual,First,15.4,1997,120,7,11500,1,0,1
2016,44487,Diesel,Manual,First,22.54,1396,88.73,5,7300,1,0,1
2008,65000,Petrol,Manual,First,19.7,796,46.3,5,1590,1,1,1
2015,34951,Petrol,Manual,Second,20.36,1197,78.9,5,3150,1,1,0
2015,52373,Diesel,Manual,Second,15.4,2179,120,7,8500,1,0,0
2010,66285,Diesel,Manual,First,19.5,1199,75,5,3000,1,0,1
2012,66000,Diesel,Automatic,First,15.3,2993,258,5,21000,0,0,1
2016,43000,Diesel,Manual,First,27.3,1498,98.6,5,7750,1,0,1
2013,45200,Diesel,Automatic,First,10,2148,170,5,23000,0,0,1
2016,41000,Diesel,Automatic,First,16,2179,140,7,13750,0,0,1
2017,39430,Petrol,Automatic,First,18,1497,117.3,5,8290,0,1,1
2014,83274,Diesel,Manual,First,22.9,1248,74,5,5790,1,0,1
2017,32324,Diesel,Automatic,First,14.84,2143,170,5,30500,0,0,1
2011,49999,Petrol,Manual,First,17,1497,118,5,3800,1,1,1
2014,66000,Diesel,Manual,First,15.3,2956,83.8,7,4450,1,0,1
2012,54000,Petrol,Manual,First,18.5,1197,82.85,5,3300,1,1,1
2009,80000,Diesel,Manual,Second,20.4,1248,91.2,5,1750,1,0,0
2011,72000,Petrol,Automatic,Second,12.9,1799,130,5,5500,0,1,0
2017,44865,Diesel,Manual,First,19.67,1582,126.2,5,13350,1,0,1
2017,22000,Diesel,Automatic,Second,20.38,1968,143,5,22500,0,0,0
2013,57478,Petrol,Manual,Second,17,1591,121.3,5,5250,1,1,0
2011,75000,Diesel,Manual,First,21.9,1396,90,5,3750,1,0,1
2015,50624,Diesel,Manual,First,24.2,1498,98.6,7,6320,1,0,1
2018,75000,Diesel,Automatic,First,22.32,1582,126.32,5,7750,0,0,1
2006,87000,Petrol,Manual,Second,15.3,1596,101,5,1370,1,1,0
2010,62000,Petrol,Manual,First,20.36,1197,78.9,5,2100,1,1,1
2016,41372,Diesel,Manual,First,24.3,1248,88.5,5,9300,1,0,1
2015,70000,Diesel,Manual,First,12.99,2494,100.6,7,12000,1,0,1
2017,35000,Diesel,Automatic,First,17.9,2143,136,5,23500,0,0,1
2006,71993,Petrol,Manual,First,19.7,796,46.3,5,1800,1,1,1
2013,62000,Diesel,Automatic,Second,14.84,2143,170,5,12500,0,0,0
2015,51000,Diesel,Manual,First,22.9,1248,74,5,4740,1,0,1
2016,26038,Petrol,Manual,First,18.9,1197,82,5,5430,1,1,1
2018,37713,Diesel,Automatic,Second,12.55,2982,168.5,7,31620,0,0,0
2011,78088,Petrol,Manual,First,12.4,1998,132,8,6300,1,1,1
2017,30453,Diesel,Manual,First,22.77,1498,98.59,5,8450,1,0,1
2016,54000,Petrol,Manual,First,18.16,1196,86.8,5,5000,1,1,1
2011,190000,Diesel,Manual,First,11.5,2982,171,7,13000,1,0,1
2012,65097,Petrol,Manual,First,19.1,1197,85.8,5,4700,1,1,1
2018,28060,Petrol,Automatic,First,12.05,2979,320,5,93670,0,1,1
2012,282000,Petrol,Manual,First,13.14,1798,160,5,3300,1,1,1
2009,111000,Petrol,Manual,Second,18.9,1061,67,5,1510,1,1,0
2013,63295,Diesel,Manual,First,19.01,1461,108.45,5,6090,1,0,1
2015,35770,Petrol,Manual,First,20.73,1373,91.1,5,5950,1,1,1
2012,125928,Diesel,Manual,First,22.7,1582,126.24,5,9000,1,0,1
2015,45000,Diesel,Automatic,First,21.66,1498,103.52,5,4250,0,0,1
2013,21000,Diesel,Automatic,First,14.84,2143,170,5,23500,0,0,1
2011,54774,Petrol,Automatic,First,11.7,2354,177.6,5,6350,0,1,1
2014,41123,Petrol,Manual,First,23.1,998,67.04,5,3400,1,1,1
2017,17465,Petrol,Automatic,First,12.05,2979,320,5,93000,0,1,1
2014,48000,Diesel,Automatic,First,22.69,1995,190,5,21600,0,0,1
2011,173000,Diesel,Manual,First,20.54,1598,103.6,5,4000,1,0,1
2018,12000,Diesel,Manual,First,23.4,1248,74,5,5500,1,0,1
2012,34000,Diesel,Automatic,First,12.39,2179,147.51,5,19250,0,0,1
2012,71360,Diesel,Manual,First,21.9,1396,90,5,3950,1,0,1
2012,74000,Diesel,Manual,Second,28.4,1248,73.75,5,4250,1,0,0
2018,28937,Diesel,Manual,First,17.1,1956,170,5,17020,1,0,1
2012,82085,Diesel,Manual,First,20.77,1248,88.76,7,6500,1,0,1
2011,68465,Petrol,Manual,First,15.6,1196,70,5,2950,1,1,1
2013,63854,Diesel,Manual,First,21.43,1364,86.79,5,7120,1,0,1
2018,3000,Diesel,Automatic,First,24.3,1248,88.5,5,11250,0,0,1
2009,65055,Petrol,Manual,First,17,1497,118,5,2750,1,1,1
2015,120000,Diesel,Manual,First,15.4,2179,120,7,12000,1,0,1
2014,64241,Petrol,Manual,First,20.14,1197,81.86,5,3670,1,1,1
2008,2200,Petrol,Manual,First,15.7,1390,75,5,2300,1,1,1
2008,88123,Diesel,Manual,First,18.7,1896,66,5,2200,1,0,1
2014,79000,Diesel,Automatic,First,12,2987,224,7,41000,0,0,1
2016,28143,Diesel,Automatic,First,20.68,1995,190,5,28500,0,0,1
2015,23001,Petrol,Manual,First,15.04,1598,103.2,5,5490,1,1,1
2013,82002,Diesel,Automatic,Second,16.55,1968,147.51,5,17500,0,0,0
2009,75000,Diesel,Manual,First,13.8,1399,68,5,1990,1,0,1
2016,37451,Diesel,Manual,First,22.32,1582,126.3,5,6640,1,0,1
2017,67000,Diesel,Manual,First,13.68,2393,147.8,7,16500,1,0,1
2016,25000,Petrol,Manual,First,18.9,1197,82,5,5000,1,1,1
2017,12000,Petrol,Manual,First,17,1198,73.75,5,5400,1,1,1
2017,25000,Petrol,Manual,First,25.17,799,53.3,5,2990,1,1,1
2011,95936,Petrol,Manual,First,17,1497,118,5,4100,1,1,1
2018,5354,Petrol,Automatic,First,18.9,1197,81.86,5,6760,0,1,1
2016,42000,Petrol,Manual,Second,18.78,999,75,5,5500,1,1,0
2014,44282,Diesel,Manual,First,25.2,1248,74,5,5990,1,0,1
2012,70000,Diesel,Manual,First,21.64,1461,84.8,5,2590,1,0,1
2013,31400,Diesel,Automatic,First,16.36,2179,187.7,5,26750,0,0,1
2016,50000,Diesel,Manual,First,28.09,1248,88.5,5,8500,1,0,1
2011,53000,Diesel,Automatic,First,12.8,1968,167.6,5,23000,0,0,1
2014,21727,Petrol,Manual,First,15.6,1196,70.02,5,3350,1,1,1
2012,43000,Diesel,Automatic,Second,11.72,2199,194.3,7,10750,0,0,0
2013,75000,Diesel,Manual,First,12.05,2179,120,8,6290,1,0,1
2014,73557,Diesel,Manual,First,19.6,1461,108.45,5,7750,1,0,1
2012,44555,Diesel,Automatic,First,15.2,1968,140.8,5,13500,0,0,1
2013,54885,Petrol,Manual,First,15.1,1196,73,7,3750,1,1,1
2011,76000,Diesel,Manual,Second,14,2498,112,7,3750,1,0,0
2006,101000,Petrol,Manual,Second,18.9,998,67.1,5,1500,1,1,0
2005,66000,Petrol,Manual,First,14,1061,64,5,1450,1,1,1
2013,84360,Petrol,Manual,First,15.5,1586,103.3,5,4120,1,1,1
2016,25121,Diesel,Manual,First,13.68,2393,147.8,7,17110,1,0,1
2015,100000,Diesel,Manual,Second,12.99,2494,100.6,7,10250,1,0,0
2011,66035,Diesel,Manual,First,22.07,1199,73.9,5,2490,1,0,1
2015,190000,Petrol,Manual,Second,16.78,1496,88.73,5,3850,1,1,0
2014,85670,Diesel,Manual,First,22.7,1498,89.84,5,6250,1,0,1
2015,35000,Diesel,Manual,First,24,1120,70,5,4880,1,0,1
2016,8000,Petrol,Automatic,First,18,1497,117.3,5,9450,0,1,1
2007,162000,Diesel,Manual,Second,12.8,2494,102,8,4800,1,0,0
2012,60000,Petrol,Manual,First,21.1,814,55.2,5,1990,1,1,1
2010,70600,Petrol,Manual,First,20.36,1197,78.9,5,2800,1,1,1
2011,25000,Petrol,Automatic,Second,12.3,1796,185,5,22000,0,1,0
2012,75000,Diesel,Manual,First,15.96,2523,62.1,7,4300,1,0,1
2014,85071,Diesel,Automatic,First,20,1968,138.1,5,9750,0,0,1
2015,40000,Petrol,Manual,First,20.4,1197,81.8,5,5900,1,1,1
2013,67000,Diesel,Automatic,First,16.55,1968,147.51,5,14500,0,0,1
2009,55000,Diesel,Manual,Second,17.8,1399,68,5,2400,1,0,0
2008,62000,Petrol,Manual,Second,15,1586,104.68,5,2110,1,1,0
2017,22526,Petrol,Automatic,First,18.9,1197,82,5,7600,0,1,1
2012,57788,Petrol,Automatic,First,17.16,1197,85.8,5,3600,0,1,1
2013,72000,Diesel,Manual,First,10.5,2179,120,8,6000,1,0,1
2014,83128,Diesel,Manual,First,15.4,2179,120,7,7450,1,0,1
2011,75000,Petrol,Manual,First,19.7,796,46.3,5,2100,1,1,1
2013,58000,Diesel,Manual,Second,19.01,1461,108.45,5,5200,1,0,0
2017,1000,Petrol,Manual,First,20.89,1197,81.8,5,6360,1,1,1
2015,59751,Diesel,Manual,First,12.99,2494,100.6,7,11620,1,0,1
2015,29966,Diesel,Automatic,Second,16.77,2993,261.49,5,43600,0,0,0
2009,65000,Diesel,Manual,Second,13.6,1991,142,5,4900,1,0,0
2015,75863,Diesel,Manual,First,19.01,1461,108.45,5,6700,1,0,1
2013,54000,CNG,Manual,First,33.54,998,67.04,5,3050,1,0,1
2014,24000,Diesel,Automatic,First,17.11,1968,174.33,5,25000,0,0,1
2018,33218,Diesel,Manual,First,17.1,1956,170,5,19050,1,0,1
2015,33425,Petrol,Manual,First,17.43,1396,105.5,5,4500,1,1,1
2013,47000,Petrol,Manual,First,18,1198,86.7,5,4150,1,1,1
2015,41000,Diesel,Manual,First,19.67,1582,126.2,5,11900,1,0,1
2011,62000,Petrol,Manual,First,19.81,1086,68.05,5,2100,1,1,1
2016,47035,Diesel,Manual,First,18.49,1493,100,7,6950,1,0,1
2008,56230,Petrol,Manual,Second,17.5,1298,85.8,5,2400,1,1,0
2007,55000,Petrol,Manual,First,13.2,1495,94,5,2650,1,1,1
2014,70669,Diesel,Manual,First,15.1,2179,140,7,9000,1,0,1
2012,69000,Petrol,Manual,First,20.92,998,67.1,5,2100,1,1,1
2011,65000,Petrol,Manual,Second,18.6,1199,79.4,5,2500,1,1,0
2009,30000,Diesel,Automatic,First,12.4,2698,179.5,5,8950,0,0,1
2017,2000,Diesel,Automatic,First,20.7,1496,113.98,5,34000,0,0,1
2015,40000,Petrol,Manual,First,17.57,1193,88.7,5,4000,1,1,1
2014,40000,Diesel,Manual,First,26,1498,98.6,5,4450,1,0,1
2010,26000,Petrol,Manual,First,18.6,1199,79.4,5,1500,1,1,1
2011,105000,Diesel,Automatic,Second,16.55,1968,140,5,14500,0,0,0
2015,2800,Diesel,Manual,First,26.1,1498,99,5,8410,1,0,1
2014,71000,Diesel,Automatic,Second,19.08,1582,126.32,5,5450,0,0,0
2015,32896,Petrol,Automatic,First,18,1497,117.3,5,8900,0,1,1
2012,45000,Petrol,Manual,First,20.36,1197,78.9,5,3650,1,1,1
2015,65000,Diesel,Automatic,Second,18.56,1995,190,5,29000,0,0,0
2013,45200,Diesel,Automatic,First,16.55,1968,147.51,5,13500,0,0,1
2008,82167,Petrol,Automatic,First,10.1,2354,152,5,5400,0,1,1
2016,37429,Petrol,Manual,First,18.9,1197,81.86,5,5890,1,1,1
2016,46000,Diesel,Manual,First,28.09,1248,88.5,5,8450,1,0,1
2011,67031,Petrol,Manual,First,17.4,1497,117.3,5,4000,1,1,1
2013,30000,Diesel,Automatic,First,9.52,2993,313,4,45000,0,0,1
2016,47691,Petrol,Automatic,First,23.1,998,67.04,5,3940,0,1,1
2011,32531,Diesel,Automatic,Second,13.73,1995,148,5,8000,0,0,0
2013,71336,Diesel,Manual,First,20,1399,68,5,4100,1,0,1
2006,196000,Diesel,Manual,First,12.8,2494,102,7,6250,1,0,1
2015,28193,Diesel,Manual,First,28.4,1248,73.75,5,5250,1,0,1
2019,2526,Petrol,Automatic,First,19,2996,362.07,2,83960,0,1,1
2013,85000,Diesel,Automatic,First,16.1,1950,194,5,21000,0,0,1
2015,20780,Petrol,Manual,First,18.9,1197,81.86,5,4300,1,1,1
2014,43081,Petrol,Manual,First,17.3,1497,117.3,7,5250,1,1,1
2010,35000,Petrol,Automatic,Second,11.9,4806,550,5,32000,0,1,0
2013,36000,Diesel,Manual,First,17.21,1493,100,7,3900,1,0,1
2007,67000,Petrol,Manual,Third,13.4,1794,125,5,2200,1,1,0
2016,34079,Diesel,Manual,First,25.32,1198,77,6,3700,1,0,1
2010,77849,Petrol,Automatic,Second,10.9,2497,215,5,11270,0,1,0
2013,86000,Petrol,Manual,First,22.74,796,47.3,5,2410,1,1,1
2015,110000,Diesel,Automatic,First,15.73,1968,174.33,5,19000,0,0,1
2015,116000,Diesel,Manual,Second,23.59,1364,67.05,5,5800,1,0,0
2016,41840,Diesel,Manual,First,15.1,2179,140,7,13520,1,0,1
2015,19317,Diesel,Manual,First,13,2982,168.7,7,24500,1,0,1
2014,41000,CNG,Manual,First,24.6,1193,55.23,5,3250,1,0,1
2017,25601,Diesel,Automatic,First,17.9,2143,201.15,5,56730,0,0,1
2015,83950,Diesel,Manual,First,19.67,1582,126.2,5,9950,1,0,1
2012,60000,Petrol,Automatic,First,16.8,1497,118,5,5500,0,1,1
2015,50000,Diesel,Automatic,First,17.11,1968,174.33,5,25000,0,0,1
2009,37000,Petrol,Manual,First,17.3,993,60,5,1000,1,1,1
2011,76976,Petrol,Manual,Second,19.7,796,46.3,5,2150,1,1,0
2018,21684,Petrol,Automatic,First,21.4,1197,83.1,5,7890,0,1,1
2015,62000,Diesel,Manual,First,16,2179,140,7,10250,1,0,1
2007,1261,Petrol,Manual,First,19,1194,94.68,5,6000,1,1,1
2017,59450,Petrol,Manual,First,18.6,1197,81.86,5,7530,1,1,1
2018,24465,Diesel,Automatic,First,19.27,2143,167.62,5,39450,0,0,1
2014,55000,Petrol,Manual,First,17.8,1497,117.3,5,5840,1,1,1
2017,2000,Petrol,Manual,First,18.88,1499,110.4,5,8650,1,1,1
2017,25040,Petrol,Manual,First,21.4,1197,83.1,5,7740,1,1,1
2008,84000,Petrol,Manual,First,20.36,1197,78.9,5,2500,1,1,1
2007,170428,Diesel,Manual,Second,12.8,2494,102,8,5700,1,0,0
2016,12573,Petrol,Manual,First,21.4,1197,83.1,5,5800,1,1,1
2012,88000,Diesel,Automatic,First,12.07,2967,241.4,7,36500,0,0,1
2012,86000,Diesel,Automatic,Second,13.01,2199,194.3,7,9500,0,0,0
2012,51019,Petrol,Manual,First,0,999,null,5,3480,1,1,1
2013,45000,Petrol,Manual,First,17,1497,118,5,4550,1,1,1
2012,51000,Diesel,Manual,First,21.9,1396,90,5,3900,1,0,1
2007,92000,Diesel,Manual,First,13.6,2523,63,7,2700,1,0,1
2017,29000,Diesel,Automatic,First,12.9,2755,174.5,7,31000,0,0,1
2009,70521,Petrol,Automatic,Second,10.9,2497,215,5,10300,0,1,0
2010,51000,Diesel,Automatic,First,16.07,1995,181,5,7750,0,0,1
2012,52618,Petrol,Manual,First,18.9,998,67.1,5,3200,1,1,1
2013,68000,Diesel,Manual,First,25.47,1248,88.5,7,4850,1,0,1
2016,29022,Diesel,Automatic,Second,15.68,1999,177,5,34080,0,0,0
2017,80000,Diesel,Manual,First,24.52,1248,88.5,7,8100,1,0,1
2016,78000,Diesel,Manual,Second,25,1396,69.01,5,2350,1,0,0
2012,100000,Petrol,Manual,First,20.92,998,67.1,5,1800,1,1,1
2015,31412,Petrol,Manual,First,21.1,814,55.2,5,3420,1,1,1
2010,78000,Diesel,Automatic,Second,11.4,2953,153.86,7,5340,0,0,0
2018,14000,Diesel,Automatic,First,12.62,2198,158,7,31990,0,0,1
2011,80000,Diesel,Manual,First,20.54,1598,103.6,5,4750,1,0,1
2014,46738,Petrol,Automatic,First,19.12,1373,91.1,5,6100,0,1,1
2013,54884,Petrol,Manual,Second,21.1,814,55.2,5,3690,1,1,0
2012,74500,Diesel,Automatic,Second,14.16,1968,174.3,5,15000,0,0,0
2016,67472,Diesel,Manual,First,16,2179,140,7,14500,1,0,1
2013,84000,Diesel,Manual,First,28.4,1248,74,5,5650,1,0,1
2011,77400,Diesel,Manual,First,21.1,1248,73.9,5,2500,1,0,1
2017,14470,Diesel,Automatic,First,19.71,2143,201.15,5,38500,0,0,1
2014,52108,Diesel,Manual,First,19.01,1461,108.45,5,5490,1,0,1
2013,40000,Petrol,Manual,First,19.1,1197,85.8,5,3550,1,1,1
2014,105044,Diesel,Manual,First,12.99,2494,100.6,7,10750,1,0,1
2016,24347,Petrol,Manual,First,15.8,1591,121.3,5,11000,1,1,1
2014,58000,Diesel,Manual,First,21.79,1248,88.73,5,4500,1,0,1
2014,49663,Diesel,Manual,First,15.1,2179,140,7,8420,1,0,1
2017,17000,Petrol,Automatic,First,18,1497,117.3,5,11600,0,1,1
2016,13418,Diesel,Automatic,First,16.36,2179,187.7,5,33630,0,0,1
2008,117080,Diesel,Manual,Third,17.8,1399,68,5,2250,1,0,0
2010,74000,Petrol,Automatic,First,10.8,2497,150,5,12950,0,1,1
2014,66882,Diesel,Automatic,First,17.68,1968,174.33,5,25020,0,0,1
2014,41460,Petrol,Manual,First,18.5,1198,86.8,5,3950,1,1,1
2011,57000,Petrol,Automatic,First,16.8,1497,118,5,4400,0,1,1
2015,34010,Petrol,Manual,Third,16.47,1198,73.9,5,4950,1,1,0
2010,96813,Diesel,Manual,Second,12.05,2179,120,8,5500,1,0,0
2011,84000,Petrol,Manual,First,16.8,1497,116.3,5,3250,1,1,1
2013,50004,Petrol,Manual,First,15,1598,103.5,5,4020,1,1,1
2016,67995,Diesel,Manual,First,16,2179,140,7,11730,1,0,1
2012,55000,Diesel,Manual,First,15,1896,105,5,9500,1,0,1
2017,14900,Petrol,Automatic,First,21.4,1197,83.1,5,8600,0,1,1
2013,70961,Diesel,Manual,First,25.8,1498,98.6,5,4000,1,0,1
2015,40194,Petrol,Manual,First,15.04,1598,103.2,5,5550,1,1,1
2015,96000,Petrol,Manual,First,22.74,796,47.3,5,2500,1,1,1
2017,35000,Diesel,Automatic,First,18,2993,255,7,41600,0,0,1
2015,50000,Petrol,Automatic,First,18,1497,117.3,5,7410,0,1,1
2014,50000,Diesel,Manual,First,19.01,1461,108.5,5,6500,1,0,1
2008,26299,Petrol,Manual,First,19.7,796,46.3,5,1200,1,1,1
2015,150386,Diesel,Manual,First,14.24,2755,174.5,7,23000,1,0,1
2012,60000,Diesel,Manual,First,21.9,1396,90,5,2740,1,0,1
2013,65000,Diesel,Manual,First,20,1399,68,5,3900,1,0,1
2017,80000,Diesel,Manual,First,24.3,1248,88.5,5,8000,1,0,1
2012,92000,Diesel,Manual,Third,22.32,1582,126.32,5,4000,1,0,0
2016,13000,Petrol,Automatic,First,12.95,1999,152.88,5,17750,0,1,1
2013,73278,Diesel,Manual,First,21.1,1248,73.9,5,5050,1,0,1
2011,38000,Petrol,Automatic,First,10.8,1984,132,5,12000,0,1,1
2016,46936,Diesel,Automatic,First,13,2143,204,5,29600,0,0,1
2015,55000,Diesel,Manual,First,19.87,1461,83.8,5,6500,1,0,1
2014,19000,Petrol,Automatic,First,15.5,1198,86.7,5,4750,0,1,1
2016,42259,Diesel,Automatic,First,9,1984,181,5,24360,0,0,1
2011,14000,Petrol,Manual,Second,17.5,1197,85.8,5,3200,1,1,0
2016,16956,Petrol,Manual,First,22.5,998,67.04,5,3600,1,1,1
2017,15473,Petrol,Manual,First,16.8,796,34.2,5,3580,1,1,1
2011,75000,Diesel,Manual,First,21.5,1248,88.8,5,2500,1,0,1
2013,96000,Diesel,Manual,Second,23.5,1498,90,5,3500,1,0,0
2015,25000,Petrol,Automatic,First,19.16,2494,158.2,5,25000,0,1,1
2010,38000,Petrol,Manual,Second,22.5,998,67.04,5,1750,1,1,0
2005,54000,Diesel,Automatic,First,11,2987,198.5,5,10000,0,0,1
2018,4131,Petrol,Automatic,First,21.4,1197,83.1,5,7750,0,1,1
2016,31700,Petrol,Manual,First,18.7,1199,88.7,5,6450,1,1,1
2017,66988,Diesel,Automatic,First,15.4,2179,120,7,10000,0,0,1
2014,54230,Petrol,Manual,First,16.47,1198,74,5,4500,1,1,1
2015,35000,Petrol,Manual,First,17,1197,80,5,3400,1,1,1
2010,62714,Petrol,Automatic,First,12.1,2362,164.7,5,4500,0,1,1
2015,45295,Petrol,Manual,First,18.9,998,67.1,5,4300,1,1,1
2018,7000,Diesel,Automatic,First,18.12,1995,190,5,46000,0,0,1
2016,57000,Petrol,Automatic,First,24.07,998,67.1,5,3400,0,1,1
2013,40100,Diesel,Automatic,First,14.84,2143,170,5,14500,0,0,1
2013,56000,Petrol,Manual,First,24.7,796,47.3,5,2100,1,1,1
2012,15000,Petrol,Manual,First,18.6,1197,85.8,5,3650,1,1,1
2014,14000,Petrol,Manual,First,18.2,1199,82.5,5,3000,1,1,1
2009,68000,Diesel,Manual,Second,23,1396,90,5,3950,1,0,0
2012,83000,Diesel,Automatic,First,11.9,2496,163.2,5,6750,0,0,1
2013,81504,Diesel,Manual,First,21.43,1364,87.2,5,6530,1,0,1
2015,73500,Diesel,Manual,First,13,2982,168.5,7,22000,1,0,1
2013,52900,Petrol,Automatic,First,14.3,1598,103.52,5,4750,0,1,1
2017,20000,Petrol,Automatic,First,16.5,1198,86.8,5,5990,0,1,1
2011,46000,Petrol,Manual,First,16.47,1198,73.9,5,3050,1,1,1
2010,65000,Petrol,Manual,First,16.47,1198,73.9,5,2400,1,1,1
2007,42000,Petrol,Manual,Third,18.2,998,67.1,5,1300,1,1,0
2016,36681,Diesel,Manual,First,23.59,1364,67.06,5,6710,1,0,1
2014,67000,Diesel,Manual,Second,15.1,2179,140,7,7200,1,0,0
2016,18000,Petrol,Automatic,First,18.9,1197,82,5,5400,0,1,1
2015,56409,Diesel,Manual,First,22.7,1498,89.84,5,6630,1,0,1
2016,65263,CNG,Manual,First,17.5,1373,80.46,7,7500,1,0,1
2018,20300,Petrol,Automatic,First,18,1497,117.3,5,14210,0,1,1
2010,45008,Petrol,Manual,First,17,1497,118,5,3000,1,1,1
2017,21799,Petrol,Manual,First,23.1,998,67.04,5,5110,1,1,1
2011,57328,Petrol,Manual,First,15.04,1598,103.6,5,3390,1,1,1
2017,35358,Diesel,Automatic,First,11.36,2755,171.5,7,22990,0,0,1
2009,46946,Petrol,Manual,Second,18.5,1197,80,5,2350,1,1,0
2012,39772,Diesel,Manual,First,23.2,1248,73.94,5,2850,1,0,1
2014,58000,Diesel,Automatic,First,17.68,1968,174.33,5,18500,0,0,1
2014,52000,Petrol,Manual,First,13.24,1598,102.57,5,5990,1,1,1
2008,152000,Petrol,Manual,Second,13.5,1799,130,5,3000,1,1,0
2016,42700,Petrol,Manual,First,23.84,1199,84,5,3600,1,1,1
2014,60000,Diesel,Automatic,First,16.55,1968,147.51,5,24000,0,0,1
2015,33195,Petrol,Manual,First,19.1,1197,85.8,5,6260,1,1,1
2010,110000,Diesel,Manual,First,14.24,2755,174.5,7,13700,1,0,1
2016,52000,Diesel,Automatic,First,15.26,2143,203.2,5,35000,0,0,1
2015,64399,Diesel,Manual,First,21.9,1396,90,5,5020,1,0,1
2015,55000,Petrol,Manual,First,21.5,1197,81.8,5,3100,1,1,1
2012,50000,Diesel,Manual,First,20.54,1598,103.6,5,5500,1,0,1
2014,33485,Petrol,Manual,First,19.1,1197,85.8,5,3590,1,1,1
2015,32000,Diesel,Manual,First,20.4,1248,91.7,5,4650,1,0,1
2009,71400,Petrol,Manual,Third,17,1497,118,5,3800,1,1,0
2016,41713,Diesel,Manual,First,19.67,1582,126.2,5,12500,1,0,1
2017,46000,Diesel,Manual,First,25.6,1498,98.6,5,12900,1,0,1
2015,52950,Petrol,Manual,First,14,796,35,5,2350,1,1,1
2015,29500,Petrol,Manual,First,20.4,1197,81.8,5,4150,1,1,1
2012,63888,Diesel,Automatic,First,14,2987,224,5,22580,0,0,1
2016,60000,Petrol,Manual,First,24.7,796,47.3,5,2650,1,1,1
2010,59196,Petrol,Manual,Second,15.6,1196,70,5,2250,1,1,0
2016,121362,Diesel,Manual,First,13.68,2393,147.8,7,16000,1,0,1
2013,78000,Diesel,Automatic,First,18.48,1995,177,5,19500,0,0,1
2015,59000,Diesel,Automatic,First,13.01,2199,194.3,7,21000,0,0,1
2012,95000,Diesel,Automatic,Second,22.48,1995,190,5,17500,0,0,0
2010,84000,Diesel,Manual,Second,17.8,1399,68,5,2410,1,0,0
2014,64557,Diesel,Automatic,Second,12.7,2179,187.7,5,29930,0,0,0
2009,68078,Petrol,Manual,First,19.7,796,46.3,5,1020,1,1,1
2009,149706,Diesel,Manual,First,11.5,2982,171,7,11000,1,0,1
2013,25984,Petrol,Manual,First,15.8,1499,110,5,5350,1,1,1
2017,15544,Petrol,Manual,First,21.4,1197,83.1,5,5650,1,1,1
2015,34000,Diesel,Automatic,First,23.8,1998,112,5,22000,0,0,1
2013,24000,Petrol,Automatic,First,17.01,1591,121.4,5,5950,0,1,1
2011,95000,Diesel,Manual,Third,20,1399,68,5,2350,1,0,0
2014,52000,Diesel,Manual,Second,25.8,1498,98.6,5,4100,1,0,0
2012,135000,Diesel,Manual,First,19.01,1461,108.45,5,5400,1,0,1
2017,39000,Diesel,Manual,First,23,1498,98.96,5,8450,1,0,1
2013,45306,Diesel,Automatic,Second,11.2,2993,241,4,42500,0,0,0
2010,140000,Diesel,Manual,First,14.24,2755,174.5,7,10750,1,0,1
2010,55000,LPG,Manual,Second,13.45,1086,62.1,5,1650,1,0,0
2015,67415,Diesel,Automatic,First,11.18,2696,184,7,11030,0,0,1
2016,25562,Petrol,Manual,First,23.1,998,67.04,5,3500,1,1,1
2016,30292,Petrol,Manual,First,18.6,1197,81.83,5,6300,1,1,1
2014,84056,Petrol,Manual,First,18.88,999,123.24,5,6750,1,1,1
2017,62691,Diesel,Manual,First,26.21,1248,88.5,5,7500,1,0,1
2013,87000,Diesel,Automatic,First,17.11,1968,174.33,5,15500,0,0,1
2015,52513,Petrol,Manual,First,18,1198,86.7,5,4650,1,1,1
2016,43983,Petrol,Automatic,First,15.63,1499,110.4,5,7580,0,1,1
2013,90121,Petrol,Manual,First,20.92,998,67.1,5,2200,1,1,1
2011,50000,Diesel,Automatic,Third,16.77,2967,241.38,5,21000,0,0,0
2011,42500,Diesel,Automatic,First,18.33,1968,167.7,5,5250,0,0,1
2016,62192,Diesel,Manual,First,28.4,1248,74,5,5220,1,0,1
2011,128000,Diesel,Manual,Third,19.2,1461,65,5,2000,1,0,0
2018,38394,Petrol,Manual,First,21.56,1462,103.25,5,9180,1,1,1
2013,37287,Petrol,Manual,First,26,624,35,4,1740,1,1,1
2011,60000,Petrol,Automatic,First,16.8,1497,118,5,4450,0,1,1
2017,39419,Petrol,Manual,First,18.16,1196,86.8,5,4950,1,1,1
2014,55000,Diesel,Manual,First,22.54,1396,88.73,5,5640,1,0,1
2016,7000,Petrol,Manual,First,18.88,1499,110.4,5,6900,1,1,1
2011,85000,Diesel,Automatic,First,16.55,1968,147.51,5,13950,0,0,1
2013,51000,Diesel,Automatic,Second,20.58,1995,143,5,17000,0,0,0
2012,90000,Diesel,Manual,Second,13.93,2179,138.03,7,4600,1,0,0
2010,105000,Diesel,Manual,Second,12.05,2179,120,8,5210,1,0,0
2017,36458,Petrol,Manual,First,15.29,1591,121.3,5,12340,1,1,1
2006,109000,Petrol,Manual,First,16.9,1497,100,5,1500,1,1,1
2015,49000,Diesel,Automatic,First,17.05,1995,184,5,22990,0,0,1
2010,45000,Diesel,Automatic,First,14.7,2993,241.4,6,40000,0,0,1
2008,68000,Petrol,Manual,Third,19.7,796,46.3,5,1200,1,1,0
2011,54000,Petrol,Automatic,First,19.2,1197,80,5,2900,0,1,1
2016,28000,Petrol,Automatic,First,14.62,1999,149.92,5,13900,0,1,1
2016,38500,Diesel,Manual,Second,28.09,1248,88.5,5,7850,1,0,0
2016,17738,Diesel,Automatic,First,15.3,2993,258,5,54450,0,0,1
2012,67132,Diesel,Manual,First,13.58,2499,78,9,4750,1,0,1
2011,47000,Diesel,Manual,First,20.64,1498,108.5,5,3250,1,0,1
2015,28005,Petrol,Manual,First,17.8,1497,117.3,5,7100,1,1,1
2017,13000,Petrol,Manual,First,20.4,1197,81.8,5,4650,1,1,1
2012,67000,Diesel,Manual,First,19.33,1968,138.1,5,5000,1,0,1
2015,50000,Petrol,Manual,First,18.6,1197,81.83,5,4950,1,1,1
2014,55000,Diesel,Manual,First,15.1,2179,140,7,9800,1,0,1
2019,9312,Diesel,Automatic,First,18,2987,258,5,78800,0,0,1
2015,30458,Petrol,Manual,First,23.1,998,67.04,5,2990,1,1,1
2014,46000,Petrol,Manual,First,15.04,1598,103.2,5,4450,1,1,1
2011,50000,Petrol,Manual,Second,23.9,624,37.48,4,750,1,1,0
2016,36676,CNG,Manual,First,25,1197,81.86,5,5000,1,0,1
2014,72563,Diesel,Manual,Second,22.77,1498,98.59,5,5000,1,0,0
2015,58239,Petrol,Automatic,First,14.62,1999,149.92,5,9690,0,1,1
2015,57934,Diesel,Manual,First,18.2,1248,73.74,8,5500,1,0,1
2017,6500000,Diesel,Automatic,First,15.97,2993,258,5,65000,0,0,1
2015,63000,Diesel,Manual,First,20.14,1498,88.8,5,5110,1,0,1
2012,27014,Petrol,Manual,First,16.25,1198,75,5,2190,1,1,1
2012,90906,Diesel,Manual,First,20.54,1598,103.6,5,4250,1,0,1
2013,61202,Diesel,Automatic,First,11.18,2696,184,7,14500,0,0,1
2014,51000,Diesel,Manual,First,19.87,1461,83.14,5,5650,1,0,1
2016,88008,Diesel,Automatic,Second,12.9,2755,174.5,7,22500,0,0,0
2004,160000,Petrol,Automatic,Second,11.3,1794,125,5,1500,0,1,0
2012,42591,Petrol,Manual,First,20.36,1197,78.9,5,3200,1,1,1
2012,67000,Diesel,Manual,First,23,1396,90,5,4500,1,0,1
2014,48000,Diesel,Manual,Second,25.8,1498,98.6,5,4500,1,0,0
2014,97000,Diesel,Automatic,First,22.32,1582,126.32,5,8000,0,0,1
2018,10000,Diesel,Automatic,First,17.9,2143,136,5,28900,0,0,1
2015,56900,Diesel,Manual,First,20.14,1498,88.8,5,4100,1,0,1
2017,36152,Petrol,Automatic,First,21.4,1197,83.1,5,7220,0,1,1
2014,85512,Diesel,Manual,First,22.9,1248,74,5,5800,1,0,1
2013,234000,Diesel,Manual,Second,14,2489,95,8,3500,1,0,0
2013,36000,Diesel,Manual,Second,22.7,1498,89.84,5,6350,1,0,0
2015,36096,Diesel,Manual,First,15.1,2179,140,7,8850,1,0,1
2010,111111,Petrol,Manual,Second,18.6,1199,79.4,5,2000,1,1,0
2012,73000,Petrol,Manual,First,17.01,1591,121.3,5,5500,1,1,1
2014,44300,Petrol,Manual,Second,18.9,1197,82,5,2300,1,1,0
2014,74500,Diesel,Manual,First,19.01,1461,108.45,5,7950,1,0,1
2016,21495,Petrol,Manual,First,19.1,1197,81.86,5,6160,1,1,1
2012,59000,Petrol,Manual,First,20.36,1197,78.9,5,2850,1,1,1
2016,23000,Petrol,Automatic,First,13.7,1991,183,5,25000,0,1,1
2008,50135,Diesel,Manual,First,15.8,2148,170,5,10360,1,0,1
2016,25000,Petrol,Automatic,First,15.04,1991,183,5,26000,0,1,1
2013,47000,Diesel,Manual,First,22.32,1582,126.32,5,4350,1,0,1
2016,150000,Diesel,Manual,First,14.95,2489,93.7,9,4500,1,0,1
2015,53503,Diesel,Manual,First,26.59,1248,74,5,5000,1,0,1
2014,47003,Petrol,Manual,First,20.36,1197,78.9,5,3670,1,1,1
2014,80000,Diesel,Manual,First,14,2179,138.1,7,6000,1,0,1
2018,20492,Petrol,Manual,First,18.9,1197,82,5,6340,1,1,1
2012,17000,Petrol,Automatic,Second,16.82,1998,189.08,4,22000,0,1,0
2006,79000,Petrol,Manual,Second,13.4,1794,125,5,1670,1,1,0
2014,27000,Petrol,Manual,First,14.28,1798,138.03,5,7950,1,1,1
2018,28786,Petrol,Manual,First,10.4,2393,163.5,5,9740,1,1,1
2011,143354,Diesel,Manual,Second,16,1997,140,7,6000,1,0,0
2013,21000,Petrol,Automatic,First,17.44,1998,189.08,4,21500,0,1,1
2014,29202,CNG,Manual,First,33.54,998,67.04,5,3900,1,0,1
2009,73000,Diesel,Manual,Second,21.1,1248,73.9,5,2350,1,0,0
2012,74000,Diesel,Manual,Second,22.07,1199,73.9,5,2650,1,0,0
2011,65423,Petrol,Manual,First,20.36,1197,78.9,5,3160,1,1,1
2009,65000,Petrol,Manual,Second,19,998,66.1,5,2050,1,1,0
2013,83875,CNG,Manual,Second,26.6,998,58.16,5,2950,1,0,0
2014,55277,Petrol,Manual,First,20.51,998,67.04,5,3900,1,1,1
2017,50808,Diesel,Manual,Second,24.2,1498,98.6,7,6680,1,0,0
2017,52000,Petrol,Manual,Second,21.1,814,55.2,5,3500,1,1,0
2017,32000,Petrol,Automatic,First,14.84,1598,103.52,5,8110,0,1,1
2017,25000,Diesel,Manual,First,28.09,1248,88.5,5,8300,1,0,1
2016,23218,Diesel,Automatic,First,15.26,2143,203.2,5,45610,0,0,1
2010,84000,Diesel,Automatic,First,20,1968,138.1,5,4450,0,0,1
2017,40000,Diesel,Manual,First,24.3,1248,88.5,5,7850,1,0,1
2011,17000,LPG,Manual,First,13.45,1086,62.1,5,3100,1,0,1
2014,25135,Diesel,Manual,First,24,1120,70,5,3750,1,0,1
2017,65000,Diesel,Manual,First,25.47,1248,88.5,7,7650,1,0,1
2013,40000,Petrol,Manual,First,17,1197,80,5,4900,1,1,1
2018,24500,Diesel,Automatic,First,16,2179,140,7,16520,0,0,1
2016,56674,Petrol,Automatic,First,13.7,1798,157.75,5,14050,0,1,1
2016,51950,Petrol,Manual,First,20.73,1373,91.1,5,6750,1,1,1
2016,51000,Diesel,Manual,First,19.67,1582,126.2,5,9200,1,0,1
2008,114750,Petrol,Manual,Second,17,1497,118,5,2750,1,1,0
2016,107890,Diesel,Manual,First,13.5,2198,157.7,7,20500,1,0,1
2012,64000,Diesel,Manual,First,21.9,1396,90,5,4250,1,0,1
2016,21460,Petrol,Manual,First,17,1497,121.36,5,6000,1,1,1
2015,29634,Petrol,Manual,Second,17,1197,80,5,6000,1,1,0
2008,52000,Petrol,Manual,First,16.1,1298,88.2,5,2410,1,1,1
2015,33000,Petrol,Automatic,First,19,1199,88.7,5,7250,0,1,1
2014,89230,Diesel,Manual,First,11.1,2400,200,7,23650,1,0,1
2016,27000,Petrol,Manual,First,21.4,1197,83.1,5,6500,1,1,1
2017,72524,Diesel,Automatic,Second,17.9,2143,136,5,18060,0,0,0
2016,73000,Petrol,Manual,First,25.17,799,53.3,5,3200,1,1,1
2017,21740,Petrol,Manual,First,18.16,1196,86.8,5,6420,1,1,1
2015,59000,Diesel,Manual,First,13,2982,168.5,7,23000,1,0,1
2013,83432,Petrol,Manual,First,17,1497,118,5,5900,1,1,1
2014,87200,Diesel,Manual,First,15.4,2523,75,7,7750,1,0,1
2012,88000,Diesel,Automatic,First,13.2,1995,170,5,15000,0,0,1
2017,48324,Diesel,Manual,First,24.3,1248,88.5,5,9000,1,0,1
2011,51000,Petrol,Automatic,First,11.74,1796,186,5,11500,0,1,1
2012,24000,Petrol,Manual,Second,17.01,1591,121.3,5,6200,1,1,0
2017,20773,Diesel,Manual,First,24,1186,73.97,5,5920,1,0,1
2016,22000,Diesel,Manual,First,20.14,1498,88,5,6290,1,0,1
2014,66355,Petrol,Manual,First,18,1198,86.7,5,4120,1,1,1
2007,115800,Petrol,Automatic,Third,10.1,2354,152,5,3800,0,1,0
2014,41125,Petrol,Manual,First,17.92,1086,62.1,5,2700,1,1,1
2017,43812,Diesel,Automatic,First,15,2143,107.3,5,20280,0,0,1
2014,69876,Petrol,Manual,First,18,1198,86.7,5,3900,1,1,1
2014,102000,Diesel,Automatic,Second,12.55,2982,168.5,7,16500,0,0,0
2011,68000,Petrol,Manual,First,17.01,1591,121.3,5,3700,1,1,1
2016,12000,Diesel,Automatic,First,10.5,2993,271.23,4,79000,0,0,1
2013,25000,Diesel,Automatic,First,22.69,1995,190,5,17990,0,0,1
2013,51873,Diesel,Manual,First,21.9,1396,88.76,5,3900,1,0,1
2012,72500,Diesel,Manual,First,18.5,1399,68,5,3120,1,0,1
2007,83000,Petrol,Manual,First,14,1061,64,5,1650,1,1,1
2015,39871,Petrol,Manual,First,19.1,1197,81.86,5,3500,1,1,1
2015,82000,Diesel,Manual,Second,14.02,2179,118.3,7,4850,1,0,0
2018,23152,Diesel,Automatic,First,19.27,2143,167.62,5,39220,0,0,1
2007,71600,Petrol,Manual,Second,20.36,1197,78.9,5,2000,1,1,0
2010,122000,Diesel,Manual,Second,11.5,2982,171,7,10450,1,0,0
2016,29277,Petrol,Automatic,First,19.16,2494,158.2,5,27000,0,1,1
2011,60000,Diesel,Manual,First,20,1399,68,5,2250,1,0,1
2014,42000,Petrol,Manual,First,19.1,1197,81.86,5,3450,1,1,1
2016,61823,Petrol,Manual,First,18.6,1197,81.83,5,6140,1,1,1
2012,53000,LPG,Manual,Second,19.2,1086,68.05,5,2850,1,0,0
2015,75000,CNG,Manual,First,24.6,1193,55.23,5,3250,1,0,1
2011,110000,Diesel,Manual,First,28.4,1248,73.75,5,4000,1,0,1
2010,38446,Petrol,Manual,First,17,1497,118,5,2590,1,1,1
2017,33000,Diesel,Manual,First,27.39,1248,74,5,6960,1,0,1
2016,70000,Petrol,Manual,First,21.1,814,55.2,5,3000,1,1,1
2012,68038,Diesel,Manual,First,20.14,1498,88,5,3600,1,0,1
2014,55012,Diesel,Manual,Second,25.44,936,57.6,5,3700,1,0,0
2013,55000,Diesel,Automatic,First,22.48,1995,190,5,21750,0,0,1
2017,25000,Diesel,Automatic,First,17.9,2143,170,5,45000,0,0,1
2011,46808,Petrol,Manual,Second,24.07,998,67.1,5,3190,1,1,0
2015,65743,Petrol,Manual,First,20.14,1197,81.86,5,6200,1,1,1
2013,64466,Petrol,Manual,First,19.81,1086,68.05,5,3960,1,1,1
2016,80000,Diesel,Manual,First,23.4,1248,74,5,4500,1,0,1
2017,69000,Diesel,Manual,First,25.4,1186,73.97,5,3550,1,0,1
2014,79200,Diesel,Manual,First,22.71,1461,84.8,5,5500,1,0,1
2016,29477,Petrol,Manual,First,15.8,1591,121.3,5,10250,1,1,1
2017,40000,Diesel,Automatic,First,12.9,2755,174.5,7,30000,0,0,1
2014,25000,Petrol,Manual,Second,18.5,1197,85.8,5,3500,1,1,0
2014,67668,Diesel,Manual,First,23.08,1461,63.12,5,3100,1,0,1
2010,78000,Petrol,Manual,First,17.5,1198,75,5,3250,1,1,1
2017,30000,Diesel,Manual,First,23,1498,98.96,5,8990,1,0,1
2015,70623,Petrol,Manual,First,15.04,1598,103.6,5,3990,1,1,1
2015,54000,Diesel,Manual,Second,19.01,1461,108.5,5,6000,1,0,0
2015,48000,Diesel,Automatic,First,15.73,1968,174.33,5,18250,0,0,1
2012,62000,Diesel,Manual,First,12.99,2494,100,7,7750,1,0,1
2017,47000,Petrol,Manual,Second,17.57,1193,88.7,5,4500,1,1,0
2014,171000,Diesel,Manual,First,11.5,2982,171,7,16750,1,0,1
2012,108000,Diesel,Automatic,First,16.09,1995,184,5,17500,0,0,1
2016,41000,Diesel,Manual,First,22.7,1598,118,5,7700,1,0,1
2012,66000,Petrol,Manual,Second,17,1497,118,5,4450,1,1,0
2015,144000,Diesel,Manual,First,26.59,1248,74,5,5250,1,0,1
2017,23806,Diesel,Automatic,First,22.69,1995,190,5,33660,0,0,1
2013,89000,Petrol,Automatic,Second,19.34,1198,76,5,2800,0,1,0
2018,38852,Petrol,Automatic,First,21.4,1197,83.1,5,8470,0,1,1
2018,68737,Diesel,Manual,First,26.21,1248,88.5,5,9320,1,0,1
2017,23106,Diesel,Automatic,First,17.9,2143,136,5,27430,0,0,1
2015,31250,Diesel,Manual,First,24.5,1498,98.6,7,6500,1,0,1
2014,77795,Diesel,Manual,First,12.99,2494,100.6,8,9500,1,0,1
2015,47759,Diesel,Automatic,First,14.74,2993,270.9,5,31800,0,0,1
2013,67620,Petrol,Manual,Second,17.6,1496,88.8,5,4200,1,1,0
2013,44378,Diesel,Manual,First,25.44,936,57.6,5,3850,1,0,1
2012,64709,Petrol,Manual,Second,12.8,2354,177.6,5,6000,1,1,0
2007,76161,Petrol,Manual,First,19.7,796,46.3,5,1650,1,1,1
2013,58410,Diesel,Automatic,First,19.3,1968,141,5,14500,0,0,1
2011,72000,Diesel,Manual,First,12.8,2494,102,7,7100,1,0,1
2016,11000,Diesel,Automatic,First,17.11,1968,174.33,5,28000,0,0,1
2017,45362,Diesel,Manual,First,24.3,1248,88.5,5,9380,1,0,1
2016,59767,Petrol,Manual,First,18.9,1197,82,5,4780,1,1,1
2003,70000,Petrol,Manual,Second,13.4,1794,125,5,1700,1,1,0
2019,14233,Diesel,Automatic,First,17.6,2179,153.86,7,17850,0,0,1
2010,72000,Petrol,Manual,Second,17,1197,80,5,2750,1,1,0
2014,11000,Petrol,Manual,First,17.01,1591,121.3,5,5950,1,1,1
2011,39000,Petrol,Manual,First,14,796,35,5,1500,1,1,1
2019,19855,Petrol,Manual,First,24.7,796,47.3,5,3800,1,1,1
2017,20149,Diesel,Automatic,First,19.27,2143,167.62,5,38500,0,0,1
2011,70000,Petrol,Manual,First,19.81,1086,68.05,5,2150,1,1,1
2010,62004,Petrol,Automatic,Second,14.67,1798,177.46,5,3750,0,1,0
2016,25500,Diesel,Automatic,First,21.5,1498,108.5,5,8950,0,0,1
2010,61700,Petrol,Manual,First,14.8,1799,130.2,5,2950,1,1,1
2010,59660,Petrol,Automatic,First,12.05,1995,154,5,10490,0,1,1
2007,69775,Petrol,Manual,Second,17.92,1086,62.1,5,1850,1,1,0
2009,88000,Petrol,Automatic,First,11.1,2354,142,5,5250,0,1,1
2014,47052,Diesel,Manual,First,20.77,1248,88.76,7,5990,1,0,1
2015,69749,Diesel,Manual,First,18.6,1388,67,5,3820,1,0,1
2012,79000,Diesel,Automatic,First,12.07,2967,241.4,7,39000,0,0,1
2016,39644,Diesel,Automatic,First,17.11,1968,174.33,5,25750,0,0,1
2012,137800,Diesel,Manual,First,22.3,1248,74,5,2200,1,0,1
2008,120000,Diesel,Manual,Second,18.1,1493,110,5,2000,1,0,0
2018,11000,Diesel,Automatic,First,16.1,1950,194,5,56500,0,0,1
2014,18600,Diesel,Automatic,Second,22.69,1995,190,5,21000,0,0,0
2014,116905,Diesel,Manual,First,24,1120,70,5,4000,1,0,1
2011,32824,Petrol,Automatic,First,16.95,1197,78.9,5,3830,0,1,1
2016,19148,Petrol,Manual,First,16.1,1197,85,5,5890,1,1,1
2010,35008,Petrol,Manual,First,17.92,1086,62.1,5,1360,1,1,1
2013,21000,Diesel,Automatic,Second,17.54,2993,313,4,44000,0,0,0
2014,53000,CNG,Manual,First,22.1,1586,85.7,5,3260,1,0,1
2016,36000,Petrol,Manual,First,17.43,1396,105.5,5,8000,1,1,1
2012,56121,Diesel,Manual,First,23.4,1248,74,5,4250,1,0,1
2018,30000,Diesel,Manual,First,28.4,1248,74,5,6000,1,0,1
2016,31021,Diesel,Automatic,First,19.5,1968,141,5,16610,0,0,1
2013,52600,Diesel,Manual,First,19.6,1461,108.45,5,7260,1,0,1
2005,60000,Diesel,Manual,First,10.5,2179,120,8,4000,1,0,1
2016,44001,Diesel,Automatic,First,18.12,1995,190,5,34510,0,0,1
2003,101000,Petrol,Manual,Third,17.3,1061,64,5,950,1,1,0
2007,84169,Petrol,Manual,First,14,1061,64,5,2200,1,1,1
2017,14001,Petrol,Manual,First,18.6,1197,81.83,5,5750,1,1,1
2016,59000,Diesel,Automatic,First,18,2993,255,7,36750,0,0,1
2009,29000,Petrol,Automatic,Second,11.7,1796,178,5,10000,0,1,0
2012,38800,Diesel,Manual,First,21.64,1461,84.8,5,4050,1,0,1
2011,98000,Diesel,Automatic,First,12.07,2967,241.4,7,22000,0,0,1
2017,20969,Diesel,Automatic,First,17.9,2143,136,5,27870,0,0,1
2018,2900,Diesel,Manual,First,24.3,1248,88.5,5,8750,1,0,1
2016,69000,Diesel,Manual,First,19.3,1248,73.9,5,4790,1,0,1
2018,5833,Diesel,Manual,First,21.13,1498,108.4,5,11920,1,0,1
2016,28733,Diesel,Automatic,Second,12.07,2967,241.4,7,53110,0,0,0
2006,145000,Petrol,Manual,First,18.9,998,67.1,5,1150,1,1,1
2014,71000,Diesel,Manual,First,25.1,1498,98.6,5,7450,1,0,1
2017,12000,Petrol,Manual,First,21.1,814,55.2,5,3500,1,1,1
2018,21603,Diesel,Automatic,First,13,2987,265,5,70150,0,0,1
2013,58000,Diesel,Automatic,First,13.2,1995,170,5,19500,0,0,1
2012,39000,Petrol,Automatic,Second,12.05,1995,154,5,15000,0,1,0
2017,37712,Diesel,Manual,First,17.45,1493,100,7,7570,1,0,1
2012,68000,Petrol,Manual,First,18.5,1197,85.8,5,4400,1,1,1
2016,25000,Diesel,Automatic,First,15.87,2993,308.43,5,60000,0,0,1
2010,30000,Petrol,Manual,First,18.6,1199,79.4,5,1600,1,1,1
2014,68218,Petrol,Manual,First,19.1,1197,85.8,5,4900,1,1,1
2014,52000,Diesel,Manual,First,20.77,1248,88.8,7,5950,1,0,1
2015,63591,Diesel,Manual,First,20.45,1461,83.8,5,5350,1,0,1
2014,57937,Petrol,Automatic,First,15.5,1198,86.7,5,5400,0,1,1
2015,21979,Diesel,Automatic,First,17.11,1968,174.33,5,23450,0,0,1
2002,99000,Diesel,Manual,Second,18.7,1896,66,5,1900,1,0,0
2016,62000,Diesel,Manual,First,25.8,1498,98.6,5,6100,1,0,1
2006,127001,Diesel,Manual,First,12.8,2494,102,8,4950,1,0,1
2013,84600,Petrol,Manual,Second,21.1,814,55.2,5,2500,1,1,0
2018,30953,Petrol,Manual,First,22.7,799,53.64,5,3480,1,1,1
2012,78000,Diesel,Manual,First,22.9,1248,74,5,4400,1,0,1
2008,85000,Diesel,Manual,First,9.5,2835,118.6,6,7990,1,0,1
2008,79000,Diesel,Automatic,First,13.1,2400,215,5,10990,0,0,1
2014,79000,Diesel,Automatic,First,12.55,2982,168.5,7,18500,0,0,1
2018,48188,Diesel,Manual,First,16.3,1956,170,5,21690,1,0,1
2014,67557,Diesel,Manual,First,23.4,1248,74,5,5170,1,0,1
2011,103814,Diesel,Manual,Second,22.32,1582,126.32,5,4500,1,0,0
2014,45128,Diesel,Manual,First,12.05,2179,120,8,6750,1,0,1
2013,56075,Petrol,Manual,First,19.81,1086,68.05,5,3120,1,1,1
2011,166000,Diesel,Manual,First,12.99,2494,100.6,8,8250,1,0,1
2017,65367,Diesel,Automatic,First,11.36,2755,171.5,7,20140,0,0,1
2013,114708,Diesel,Manual,First,12.99,2494,100,8,12600,1,0,1
2015,35082,Diesel,Manual,First,23.4,1248,74,5,6610,1,0,1
2016,38593,Diesel,Automatic,First,17.01,1582,126.2,5,13230,0,0,1
2008,70700,Diesel,Manual,First,12.99,2494,100,8,4750,1,0,1
2011,83000,Diesel,Manual,Second,20.54,1598,103.6,5,2900,1,0,0
2015,120000,Diesel,Manual,First,14.8,2499,80,10,5500,1,0,1
2014,91586,Diesel,Automatic,Second,11.18,2696,184,7,9470,0,0,0
2008,38235,Petrol,Manual,First,20.36,1197,78.9,5,1950,1,1,1
2011,37000,Petrol,Manual,First,20.36,1197,78.9,5,2200,1,1,1
2013,44000,Petrol,Manual,Second,18,1198,86.7,5,4350,1,1,0
2016,54000,Petrol,Automatic,First,23.1,998,67.04,5,4500,0,1,1
2013,90000,Petrol,Manual,First,18.9,1197,82,5,3550,1,1,1
2015,35000,Diesel,Manual,First,19.3,1248,73.9,5,4750,1,0,1
2012,47324,Petrol,Manual,Second,20.36,1197,78.9,5,4520,1,1,0
2012,65148,Diesel,Automatic,First,15.06,1995,177,5,12750,0,0,1
2014,57773,Diesel,Automatic,Second,17.11,1968,174.33,5,20040,0,0,0
2014,87000,Diesel,Manual,First,20.45,1461,83.8,5,6500,1,0,1
2007,179032,Diesel,Manual,First,11.56,3200,199.3,7,7500,1,0,1
2016,8000,Petrol,Automatic,First,22.5,998,67,5,4150,0,1,1
2007,77000,Petrol,Manual,First,13.5,1799,130,5,2500,1,1,1
2016,20600,Petrol,Manual,First,18.6,1197,81.83,5,5400,1,1,1
2016,13198,Petrol,Manual,First,24.07,998,67.1,5,3150,1,1,1
2015,21000,Diesel,Automatic,Second,12.07,2967,241.4,7,52500,0,0,0
2016,38000,Petrol,Manual,First,18.6,1197,81.83,5,5950,1,1,1
2019,15379,Petrol,Automatic,First,23.84,1199,83.83,5,6970,0,1,1
2011,60000,Petrol,Manual,First,20.36,1197,78.9,5,3200,1,1,1
2013,75371,Diesel,Manual,First,20.46,1461,83.8,5,6690,1,0,1
2014,60000,Diesel,Manual,Second,13.49,2179,138.03,5,5900,1,0,0
2009,30675,Petrol,Manual,First,18.5,1197,80,5,2250,1,1,1
2013,22000,Diesel,Manual,First,23.4,1248,74,5,4500,1,0,1
2015,55000,Petrol,Manual,First,22,814,55,5,2610,1,1,1
2010,74213,Diesel,Automatic,First,14.84,2143,170,5,11500,0,0,1
2016,15000,Petrol,Automatic,First,16.82,1998,189.08,4,35000,0,1,1
2010,57000,Petrol,Manual,First,26,624,35,4,500,1,1,1
2015,62144,Diesel,Manual,Second,26.21,1248,88.5,5,5750,1,0,0
2017,50000,Diesel,Manual,First,22,1582,126.2,5,11500,1,0,1
2015,38000,Petrol,Manual,First,21.1,814,55.2,5,2750,1,1,1
2016,30000,Diesel,Automatic,Second,18.12,1995,190,5,31500,0,0,0
2016,38735,Petrol,Manual,First,19.4,1198,86.8,5,4920,1,1,1
2012,23598,Diesel,Manual,First,23.2,1248,73.94,5,3520,1,0,1
2014,70000,Diesel,Automatic,First,18.88,1995,184,5,17550,0,0,1
2016,39000,Diesel,Manual,First,26.59,1248,74,5,5800,1,0,1
2013,84175,Diesel,Manual,First,23.4,1248,74,5,6950,1,0,1
2013,45000,Petrol,Manual,First,16.95,1498,97.6,5,2400,1,1,1
2013,59302,Diesel,Automatic,First,14.39,1998,163.7,5,5250,0,0,1
2012,55002,Petrol,Manual,First,17.5,1298,85.8,5,4250,1,1,1
2008,128813,Diesel,Manual,First,19.09,1396,69,5,1500,1,0,1
2016,46522,Diesel,Manual,First,24,1120,70,5,4500,1,0,1
2014,180000,Diesel,Manual,First,22.3,1248,74,5,2500,1,0,1
2006,89326,Diesel,Manual,Third,17.8,1399,68,5,1550,1,0,0
2016,54000,Diesel,Manual,First,19.87,1461,83.8,5,6500,1,0,1
2015,66337,Diesel,Manual,First,24,1120,70,5,4960,1,0,1
2012,60000,Petrol,Manual,First,19.4,1198,86.8,5,3250,1,1,1
2010,38001,Petrol,Automatic,First,12.3,1781,163.2,5,8500,0,1,1
2014,73000,Petrol,Manual,Second,24.7,796,47.3,5,2750,1,1,0
2011,61000,Petrol,Manual,Second,16.2,1599,103.2,5,3400,1,1,0
2013,120000,Diesel,Manual,First,20.77,1248,88.8,7,7000,1,0,1
2012,71787,Petrol,Manual,First,12.9,1598,102.5,5,3210,1,1,1
2016,11554,Diesel,Manual,First,19.67,1582,126.2,5,14250,1,0,1
2014,90000,Diesel,Manual,First,20.34,1498,103.2,5,6500,1,0,1
2014,48104,Petrol,Manual,First,17.4,1497,117.3,5,5490,1,1,1
2005,91000,Petrol,Manual,Third,16.8,1341,83,5,800,1,1,0
2015,33931,Petrol,Automatic,Second,18.9,1197,82,5,5910,0,1,0
2019,13916,Petrol,Manual,First,18.9,1197,81.86,5,6440,1,1,1
2012,90400,CNG,Manual,First,26.2,998,58.2,5,2900,1,0,1
2015,14000,Petrol,Manual,First,18.9,1197,82,5,4600,1,1,1
2016,17560,Petrol,Manual,First,18.6,1197,81.83,5,7210,1,1,1
2016,60000,Diesel,Manual,First,19.87,1461,83.8,5,8000,1,0,1
2009,88096,Diesel,Manual,Second,19.3,1248,73.9,5,3500,1,0,0
2008,178280,Diesel,Manual,First,12.8,2494,102,8,5900,1,0,1
2015,19963,Petrol,Manual,Second,25.4,624,37.5,4,1740,1,1,0
2019,1000,Petrol,Manual,First,18.12,1196,86.8,5,6800,1,1,1
2017,8000,Petrol,Manual,First,18.6,1197,81.83,5,7500,1,1,1
2016,9200,Petrol,Manual,First,15.4,1497,117.3,7,8000,1,1,1
2015,29000,Diesel,Manual,First,27.4,1498,98.6,5,5990,1,0,1
2017,27000,Diesel,Manual,First,19.67,1582,126.2,5,12900,1,0,1
2018,22900,Petrol,Manual,First,21.4,1197,83.1,5,7000,1,1,1
2014,50000,Diesel,Automatic,First,14.16,1968,174.3,5,35000,0,0,1
2015,60207,Diesel,Manual,First,25.8,1498,98.6,5,5500,1,0,1
2010,101119,Diesel,Automatic,First,11,2993,235,5,18460,0,0,1
2010,42000,Petrol,Manual,First,15.6,1196,70,5,2400,1,1,1
2002,93000,Petrol,Manual,Third,18.9,998,67.1,5,1000,1,1,0
2012,60000,Petrol,Manual,Second,19.81,1086,68.05,5,2650,1,1,0
2015,66122,Diesel,Automatic,First,21.66,1498,103.52,5,5960,0,0,1
2015,25100,Diesel,Automatic,First,17.85,2967,300,4,75000,0,0,1
2017,24733,Petrol,Automatic,First,15.04,1991,183,5,27150,0,1,1
2008,41000,Petrol,Automatic,Second,10.4,2773,201,5,10500,0,1,0
2015,30000,Petrol,Manual,First,20.73,1373,91.1,5,6700,1,1,1
2013,36000,Diesel,Manual,First,22.7,1498,89.84,5,4900,1,0,1
2017,40279,Diesel,Manual,First,16.5,1493,70,7,8000,1,0,1
2018,46805,Petrol,Manual,First,24.07,998,67.1,5,3630,1,1,1
2015,60000,Petrol,Manual,First,17.5,1197,85.8,5,4800,1,1,1
2017,100000,Petrol,Manual,First,17.57,1193,88.7,5,4250,1,1,1
2018,51530,Diesel,Automatic,First,10.91,3198,197.2,7,30270,0,0,1
2013,81456,Diesel,Manual,First,15.8,2148,170,5,14250,1,0,1
2012,37229,Petrol,Automatic,First,16.95,1197,78.9,5,3410,0,1,1
2009,73200,Petrol,Manual,First,17,1497,118,5,2780,1,1,1
2015,71826,Diesel,Automatic,First,19.3,1968,141,5,15500,0,0,1
2017,129000,Diesel,Manual,First,25,1396,69,5,3000,1,0,1
2012,82000,Petrol,Manual,First,18.9,998,67.1,5,2300,1,1,1
2017,40459,Diesel,Manual,First,19.67,1582,126.2,5,13280,1,0,1
2009,61964,Petrol,Manual,First,19,998,66.1,5,2250,1,1,1
2011,15466,Petrol,Manual,First,22.5,998,67.04,5,3360,1,1,1
2014,23000,Petrol,Manual,First,17.3,1497,117.3,7,4250,1,1,1
2012,43766,Petrol,Manual,First,20.36,1197,78.9,5,4300,1,1,1
2010,54000,Petrol,Automatic,First,0,3597,262.6,5,6000,0,1,1
2018,18521,Diesel,Manual,First,22.54,1396,88.73,5,9180,1,0,1
2017,26400,Petrol,Manual,First,23.1,998,67.04,5,4990,1,1,1
2011,31900,Petrol,Manual,First,13.4,1798,157.8,5,3750,1,1,1
2010,39000,Diesel,Manual,First,20,1399,68,5,2500,1,0,1
2016,45671,Diesel,Manual,First,27.3,1498,98.6,5,7200,1,0,1
2016,39500,Diesel,Automatic,First,15,2143,204,5,29500,0,0,1
2015,54000,Diesel,Automatic,First,17.9,2143,136,5,17550,0,0,1
2012,20000,Diesel,Automatic,First,18.5,1985,163,5,12000,0,0,1
2009,55000,Diesel,Automatic,First,11.8,2967,246.7,5,13500,0,0,1
2014,48000,Diesel,Automatic,First,22.32,1582,126.32,5,5100,0,0,1
2011,70000,Diesel,Automatic,First,22.69,1995,190,5,10300,0,0,1
2014,62000,Diesel,Manual,First,22.32,1582,126.32,5,5700,1,0,1
2014,41994,Petrol,Manual,First,22.5,998,67.04,5,3410,1,1,1
2010,108882,Diesel,Manual,Second,20,1399,68,5,2400,1,0,0
2017,24806,Petrol,Manual,First,18.15,1198,82,6,5600,1,1,1
2006,160000,Diesel,Manual,First,17,1405,70,5,1000,1,0,1
2017,30000,Diesel,Automatic,First,18.49,1493,100,7,8200,0,0,1
2015,51000,Diesel,Automatic,First,15.17,1968,181,5,27500,0,0,1
2015,64876,Petrol,Manual,First,21.5,1197,81.8,5,3500,1,1,1
2016,70536,CNG,Manual,First,31.79,998,58.33,5,4580,1,0,1
2017,25299,Diesel,Manual,First,24.3,1248,88.5,5,10340,1,0,1
2006,89869,Diesel,Manual,First,12.7,2609,116.6,8,3250,1,0,1
2007,103515,Diesel,Manual,Third,12.6,1991,112,7,5000,1,0,0
2008,68282,Petrol,Manual,First,17.92,1086,62.1,5,2250,1,1,1
2014,60033,Diesel,Automatic,First,18.18,2967,250,4,51520,0,0,1
2018,51921,Diesel,Manual,First,24.3,1248,88.5,5,8620,1,0,1
2017,18414,Diesel,Manual,First,23.4,1248,74,5,7250,1,0,1
2016,40866,Petrol,Manual,First,19.5,1199,86.76,5,5470,1,1,1
2014,55001,Diesel,Automatic,First,16.36,2179,187.7,5,31000,0,0,1
2017,20469,Petrol,Automatic,First,16.82,1998,189.08,4,35980,0,1,1
2017,8500,Petrol,Manual,First,21.1,814,55.2,5,3420,1,1,1
2008,45000,Diesel,Automatic,Second,16.77,2967,241.38,5,11500,0,0,0
2016,6000,Petrol,Manual,First,17.19,1197,81.86,5,7250,1,1,1
2018,11000,Diesel,Manual,First,28.4,1248,74,5,8000,1,0,1
2015,80064,Diesel,Manual,First,22.7,1498,89.84,5,7330,1,0,1
2016,29930,Petrol,Manual,First,18.9,998,67.1,5,3350,1,1,1
2013,49105,Diesel,Manual,First,20.34,1498,103.2,5,4400,1,0,1
2012,55000,Petrol,Manual,First,17.6,1496,88.7,5,2990,1,1,1
2015,23000,Petrol,Manual,First,18.7,1199,88.7,5,5600,1,1,1
2016,54727,Diesel,Manual,First,20.14,1498,88.73,5,6630,1,0,1
2018,31426,Diesel,Manual,First,21.66,1498,108.62,5,7900,1,0,1
2015,53442,Petrol,Manual,First,16.8,1497,116.3,5,7000,1,1,1
2014,28000,Petrol,Automatic,First,16.5,1198,86.8,5,4950,0,1,1
2017,13412,Petrol,Automatic,First,14.3,1598,103.52,5,9190,0,1,1
2011,70000,Diesel,Manual,First,16.8,1493,110,5,5100,1,0,1
2015,81310,Diesel,Manual,First,21.19,1396,88.76,5,5900,1,0,1
2019,13574,Petrol,Automatic,First,21.4,1197,83.1,5,9510,0,1,1
2008,75000,Petrol,Manual,Second,11.1,2354,158.8,5,3900,1,1,0
2014,58310,Petrol,Manual,Second,19.1,1197,85.8,5,5390,1,1,0
2009,90000,Diesel,Manual,Second,19.3,1248,73.9,5,3000,1,0,0
2012,83000,Diesel,Manual,First,23.4,1248,74,5,4300,1,0,1
2017,37282,Petrol,Manual,First,20.85,1197,83.14,5,6750,1,1,1
2017,23000,Petrol,Manual,First,18.9,1197,82,5,4500,1,1,1
2010,82000,Diesel,Manual,First,17.8,1399,68,5,2750,1,0,1
2016,31000,Diesel,Manual,First,23.9,1582,126.2,5,9000,1,0,1
2014,45001,Diesel,Manual,Second,20,1399,68.05,5,2550,1,0,0
2014,50446,Diesel,Manual,First,21.12,1248,88.8,5,3540,1,0,1
2009,89000,Petrol,Manual,First,13.5,1799,130,5,4250,1,1,1
2007,72000,Petrol,Manual,Second,19.7,796,46.3,5,1200,1,1,0
2013,90000,Diesel,Automatic,First,22.48,1995,190,5,19500,0,0,1
2015,76000,Diesel,Manual,Second,16,2179,140,7,12000,1,0,0
2012,78401,Diesel,Manual,First,23.2,1248,73.94,5,3900,1,0,1
2017,38426,Diesel,Manual,First,24.3,1248,88.5,5,9130,1,0,1
2011,45000,Petrol,Manual,First,15.1,1196,73,7,2250,1,1,1
2012,83000,Petrol,Manual,First,17.5,1197,85.8,5,3250,1,1,1
2017,50170,Diesel,Automatic,First,17.01,1582,126.2,5,14790,0,0,1
2010,37822,Petrol,Manual,First,22.5,998,67.04,5,2350,1,1,1
2015,33517,Diesel,Manual,First,27.62,793,47,5,3100,1,0,1
2014,110000,Diesel,Automatic,First,13.01,2199,194.3,7,12900,0,0,1
2017,60000,Petrol,Manual,First,21.1,814,55.2,5,2500,1,1,1
2013,92408,Petrol,Manual,First,18.5,1197,82.85,5,3650,1,1,1
2014,45000,Petrol,Manual,First,17.1,1591,121.3,5,7500,1,1,1
2013,33793,Petrol,Manual,First,18.4,1198,86.8,5,3740,1,1,1
2017,26327,Petrol,Manual,First,20.4,1197,81.8,5,5860,1,1,1
2018,20604,Diesel,Automatic,First,19.27,2143,167.62,5,39620,0,0,1
2018,61386,Diesel,Manual,First,25.2,1248,74,5,7050,1,0,1
2018,11500,Diesel,Automatic,First,28.4,1248,74,5,7500,0,0,1
2012,58000,Diesel,Manual,First,25.44,936,57.6,5,2100,1,0,1
2014,38000,Petrol,Automatic,First,13.7,1798,157.75,5,11600,0,1,1
2012,49000,Diesel,Automatic,Second,14.84,2143,167.62,5,19250,0,0,0
2017,72202,Diesel,Manual,First,13.68,2393,147.8,8,17920,1,0,1
2016,7000,Petrol,Manual,First,20.36,1197,78.9,5,3600,1,1,1
2014,20000,Diesel,Manual,Second,25.8,1498,98.6,5,4500,1,0,0
2017,14061,Diesel,Manual,First,21.9,1396,88.76,5,7400,1,0,1
2018,30706,Diesel,Automatic,First,11.57,2987,254.79,5,59290,0,0,1
2011,51387,Diesel,Manual,First,12.05,2179,120,7,5500,1,0,1
2006,44000,Petrol,Manual,Second,15.3,1341,83,5,1750,1,1,0
2016,12208,Petrol,Manual,First,21.4,1197,83.1,5,6750,1,1,1
2011,55000,Diesel,Manual,First,16.52,1991,123.7,5,3950,1,0,1
2011,61600,Petrol,Manual,First,17.1,1591,121.3,5,4200,1,1,1
2016,28414,Petrol,Manual,First,17,1497,118,5,8400,1,1,1
2017,27853,Petrol,Automatic,First,17.21,1197,103.5,5,8250,0,1,1
2013,55116,Petrol,Manual,First,19.4,1198,86.8,5,3310,1,1,1
2017,26000,Diesel,Manual,First,26.59,1248,74,5,7500,1,0,1
2012,45496,Petrol,Manual,First,17,1497,118,5,4750,1,1,1
2013,76000,Diesel,Automatic,Second,11.18,2696,184,7,8790,0,0,0
2014,136000,Petrol,Manual,First,13.1,1798,157.75,5,9500,1,1,1
2010,38127,Petrol,Manual,First,19.7,796,46.3,5,1550,1,1,1
2014,82450,Diesel,Manual,First,23,1396,90,5,5850,1,0,1
2014,62497,Petrol,Manual,First,15.8,1499,110,5,7520,1,1,1
2011,86732,Diesel,Manual,First,23.08,1461,63.1,5,3600,1,0,1
2016,27969,Petrol,Manual,First,19.4,1198,86.8,5,4730,1,1,1
2013,66372,Diesel,Automatic,First,11.18,2696,184,7,10500,0,0,1
2013,73525,Diesel,Automatic,First,16.46,2993,258,5,34540,0,0,1
2018,20689,Petrol,Manual,First,18.9,1197,81.86,5,6070,1,1,1
2018,25093,Petrol,Manual,First,21.4,1197,83.1,5,7760,1,1,1
2016,49176,Diesel,Manual,First,11.68,2498,112,8,7460,1,0,1
2012,87510,Diesel,Manual,First,21.8,1461,78,5,3490,1,0,1
2012,38214,Petrol,Manual,Second,18.5,1197,80,5,4050,1,1,0
2013,48986,Diesel,Manual,First,10.5,2835,107.2,6,11880,1,0,1
2011,88000,Petrol,Automatic,First,14.53,1794,138.1,5,6450,0,1,1
2015,69002,Diesel,Automatic,First,15.97,2993,258,5,50000,0,0,1
2011,43706,Petrol,Automatic,First,10.9,2497,215,5,9000,0,1,1
2016,58671,Diesel,Automatic,First,17.01,1582,126.2,5,14250,0,0,1
2017,49404,Diesel,Manual,First,18.49,1493,100,7,7360,1,0,1
2010,72000,Diesel,Manual,First,12.05,2179,120,8,4400,1,0,1
2016,24000,Petrol,Manual,First,25.17,799,53.3,5,3100,1,1,1
2017,53285,Petrol,Automatic,First,22.5,999,67,5,4280,0,1,1
2017,12000,Petrol,Manual,First,16.1,1197,85,5,5500,1,1,1
2012,45000,Diesel,Automatic,First,17,1896,105,5,6990,0,0,1
2018,26234,Petrol,Manual,First,24.7,796,47.3,5,4290,1,1,1
2014,55000,Petrol,Manual,First,18.6,1197,85.8,5,4200,1,1,1
2012,90000,Diesel,Manual,First,23,1396,90,5,4110,1,0,1
2015,48000,Diesel,Automatic,First,15.73,1968,174.33,5,18750,0,0,1
2017,19863,Diesel,Automatic,First,11.57,2987,254.79,5,64950,0,0,1
2010,55000,Petrol,Manual,Second,19.81,1086,68.05,5,1590,1,1,0
2016,4800,Petrol,Manual,First,20.51,998,67.04,5,3600,1,1,1
2017,38607,Petrol,Manual,Second,17.8,1497,117.3,5,7870,1,1,0
2018,3958,Petrol,Manual,First,18.9,1197,81.86,5,5550,1,1,1
2014,74000,Diesel,Manual,Second,25.1,1498,98.6,5,6400,1,0,0
2009,54540,Petrol,Manual,Third,17.5,1298,85.8,5,2650,1,1,0
2015,58400,Petrol,Manual,First,17.5,1298,85.8,5,5500,1,1,1
2013,73648,Diesel,Manual,First,15.1,2179,140,7,7310,1,0,1
2016,83000,Diesel,Manual,First,28.09,1248,88.5,5,7100,1,0,1
2016,16159,Diesel,Manual,First,22.32,1582,126.32,5,7830,1,0,1
2005,150000,Diesel,Manual,First,13.1,1493,82,5,850,1,0,1
2014,22100,Petrol,Manual,First,19.4,1198,86.8,5,3550,1,1,1
2017,35043,Petrol,Manual,First,17.19,1197,81.86,5,8190,1,1,1
2018,24000,Diesel,Automatic,First,18.88,1995,184,5,28000,0,0,1
2015,480000,Diesel,Automatic,First,16.96,1968,138.03,5,13000,0,0,1
2011,70000,Petrol,Manual,Second,15.26,1598,103.5,5,3290,1,1,0
2015,13769,Petrol,Manual,Second,16.1,1197,85,5,4410,1,1,0
2013,58000,Diesel,Manual,First,19.01,1461,108.45,5,4990,1,0,1
2009,58000,Diesel,Automatic,First,18.56,1995,190,5,17980,0,0,1
2018,18705,Diesel,Manual,First,20.5,1248,91.72,5,7710,1,0,1
2013,32378,Petrol,Manual,First,20.51,998,67.04,5,2800,1,1,1
2013,45000,Diesel,Manual,First,22.1,1248,76.9,5,3000,1,0,1
2015,36836,Diesel,Manual,First,15.1,2179,140,7,12490,1,0,1
2016,54199,Diesel,Manual,First,23,1248,88.8,5,5000,1,0,1
2017,36935,Diesel,Automatic,First,18.56,1995,190,5,32640,0,0,1
2015,23000,Diesel,Manual,First,25.2,1248,74,5,6500,1,0,1
2015,14000,Diesel,Automatic,First,18.12,1995,190,5,35000,0,0,1
2015,100073,Diesel,Manual,Second,25,1396,69.01,5,2000,1,0,0
2015,59182,Diesel,Manual,First,15.1,2179,140,7,9460,1,0,1
2016,72132,Diesel,Automatic,Second,12.07,2967,241.4,7,39000,0,0,0
2009,79000,Diesel,Automatic,First,18.48,1995,177,5,15000,0,0,1
2013,66930,Petrol,Manual,First,17.1,1591,121.3,5,6150,1,1,1
2015,100000,Diesel,Automatic,Second,13.01,2199,194.3,7,14500,0,0,0
2018,27413,Petrol,Automatic,First,20.51,998,67,5,5180,0,1,1
2007,90000,Petrol,Manual,Second,17.3,1061,64,5,1240,1,1,0
2013,40300,Petrol,Manual,First,18.5,1197,82.85,5,2800,1,1,1
2011,73783,Petrol,Automatic,Second,13.7,1798,157.75,5,5230,0,1,0
2005,86000,Petrol,Manual,Second,15.3,1341,83,5,450,1,1,0
2014,65694,Petrol,Manual,First,18.9,998,67.1,5,3250,1,1,1
2015,23000,Petrol,Manual,First,16.8,796,34.2,5,1500,1,1,1
2012,51000,Petrol,Manual,First,20.36,1197,78.9,5,2850,1,1,1
2018,18335,Petrol,Manual,First,21.7,999,67,5,4500,1,1,1
2014,36000,Diesel,Automatic,First,15,2147,107.3,5,16250,0,0,1
2017,25000,Petrol,Automatic,First,17.21,1197,103.5,5,7750,0,1,1
2007,81000,Diesel,Manual,Third,12.05,2179,120,8,4350,1,0,0
2019,21719,Diesel,Automatic,First,12.9,2755,174.5,7,33130,0,0,1
2013,75421,Diesel,Manual,First,25.44,936,56.3,5,3630,1,0,1
2010,80000,Diesel,Manual,First,12.8,2494,102,8,4750,1,0,1
2018,10671,Petrol,Manual,First,20.85,1197,83.14,5,6510,1,1,1
2018,4126,Petrol,Manual,First,21.7,999,67,5,4800,1,1,1
2017,98500,Diesel,Manual,First,22.95,1248,74,5,6000,1,0,1
2016,61578,Petrol,Manual,First,18.9,1197,82,5,6400,1,1,1
2014,54000,Diesel,Manual,First,20.34,1498,103.2,5,4900,1,0,1
2013,70998,Diesel,Automatic,First,17.68,1968,174.33,5,20570,0,0,1
2015,40082,Diesel,Manual,First,19.3,1248,73.9,5,4760,1,0,1
2012,50619,Petrol,Manual,First,18,995,62,5,2000,1,1,1
2009,103905,Diesel,Automatic,First,22.69,1995,190,5,9920,0,0,1
2018,15334,Petrol,Manual,First,21.1,814,55.2,5,3690,1,1,1
2013,69000,Diesel,Manual,First,23.4,1248,74,5,5750,1,0,1
2014,75160,Diesel,Manual,First,20.14,1498,88.5,5,5700,1,0,1
2014,44753,Petrol,Manual,First,18,1198,86.7,5,4940,1,1,1
2012,53024,Petrol,Automatic,First,14.4,1598,103.6,5,4290,0,1,1
2014,23840,Petrol,Manual,First,20.51,998,67.04,5,3000,1,1,1
2014,81298,Diesel,Manual,First,20.14,1498,88.8,5,6500,1,0,1
2015,59000,Petrol,Manual,Second,16.47,1198,73.9,5,4900,1,1,0
2016,51806,Diesel,Manual,First,25.8,1498,98.6,5,5400,1,0,1
2014,56000,Diesel,Automatic,First,18.53,1968,187.74,5,24000,0,0,1
2019,29279,Diesel,Manual,First,24.7,1047,69,5,7460,1,0,1
2017,33550,Diesel,Automatic,First,21.5,1498,108.5,5,9600,0,0,1
2014,62000,Diesel,Automatic,First,18.53,1968,187.74,5,25000,0,0,1
2014,66000,Diesel,Manual,First,19.01,1461,108.5,5,6800,1,0,1
2016,46630,Diesel,Automatic,First,21.66,1498,103.52,5,8590,0,0,1
2016,72566,Diesel,Manual,First,25.83,1498,99,5,5290,1,0,1
2011,51482,Diesel,Manual,First,15.42,1405,70,8,2500,1,0,1
2011,90000,Diesel,Automatic,First,14.84,2143,167.62,5,13900,0,0,1
2014,69000,Diesel,Manual,Second,13,2982,168.5,7,20000,1,0,0
2011,90000,Petrol,Manual,Second,17,1497,118,5,3400,1,1,0
2015,39000,Petrol,Manual,First,18.6,1197,81.83,5,5500,1,1,1
2012,110000,Diesel,Manual,Second,20.54,1598,103.6,5,3650,1,0,0
2011,68022,Diesel,Manual,First,13.1,2499,141,7,5860,1,0,1
2018,27852,Petrol,Automatic,First,14.8,1497,121.36,5,10440,0,1,1
2011,68439,Diesel,Manual,First,23,1396,90,5,3370,1,0,1
2011,150000,Diesel,Manual,First,12.99,2494,100.6,8,6950,1,0,1
2018,14000,Diesel,Manual,First,21.5,1497,108.5,5,9900,1,0,1
2012,71558,Diesel,Manual,First,20,1399,68.05,5,3300,1,0,1
2013,48000,Diesel,Automatic,Second,17.85,2967,300,4,50500,0,0,0
2015,65800,Diesel,Automatic,First,17.01,1582,126.2,5,12500,0,0,1
2014,53000,Diesel,Automatic,First,16.55,1968,140,5,20500,0,0,1
2017,14600,Diesel,Manual,First,16,2179,140,7,14500,1,0,1
2017,34429,Diesel,Automatic,First,13.8,2999,174.57,7,20000,0,0,1
2014,52000,Diesel,Manual,First,23.4,1248,74,5,5250,1,0,1
2015,25470,Petrol,Manual,First,20.73,1373,91.1,5,5900,1,1,1
2013,22000,Petrol,Manual,First,21.1,814,55.2,5,2600,1,1,1
2007,75000,Diesel,Automatic,First,11,2987,198.5,5,11000,0,0,1
2011,95995,Diesel,Automatic,First,18.48,1995,177,5,15500,0,0,1
2017,26877,Diesel,Manual,First,24,1186,73.97,5,5750,1,0,1
2015,26000,Diesel,Automatic,First,14.47,2993,301.73,5,75000,0,0,1
2007,140000,Diesel,Manual,Second,17.8,1248,75,5,2000,1,0,0
2008,95291,Petrol,Manual,First,17.92,1086,62.1,5,2300,1,1,1
2009,135000,Diesel,Manual,Second,12.8,2494,102,8,8200,1,0,0
2015,32000,Petrol,Manual,First,18.6,1197,81.83,5,4800,1,1,1
2008,68333,Diesel,Automatic,Second,11,2987,198.5,5,8500,0,0,0
2011,72000,Diesel,Manual,First,20,1399,68,5,2900,1,0,1
2012,52100,Diesel,Manual,First,21.43,1364,86.79,5,6500,1,0,1
2018,10000,Petrol,Manual,First,18.9,1197,81.86,5,5850,1,1,1
2019,6261,Diesel,Manual,First,16.3,1956,170,5,23910,1,0,1
2019,3906,Petrol,Automatic,First,20.89,1197,81.8,5,7360,0,1,1
2014,55960,Diesel,Manual,First,11.5,2982,171,7,17250,1,0,1
2013,144000,Diesel,Manual,First,20.54,1598,103.6,5,7000,1,0,1
2017,38000,Diesel,Manual,First,13.68,2393,147.8,7,17650,1,0,1
2013,51000,Diesel,Manual,First,20,1399,68.1,5,2500,1,0,1
2015,150000,Diesel,Manual,First,23.59,1364,67.05,5,6000,1,0,1
2018,2500,Diesel,Manual,First,18.06,2523,63,7,8250,1,0,1
2018,41661,Diesel,Automatic,First,12.7,2179,187.7,5,44830,0,0,1
2011,64000,Diesel,Automatic,First,16.07,1995,181,5,10500,0,0,1
2008,80000,Petrol,Manual,Second,13.2,1495,94,5,1900,1,1,0
2016,30000,Petrol,Automatic,Second,23.1,998,67.04,5,4250,0,1,0
2014,43000,Diesel,Automatic,Second,16.36,2179,187.7,5,26500,0,0,0
2013,90000,Diesel,Automatic,Second,12.4,2698,179.5,5,22500,0,0,0
2011,123880,Diesel,Manual,First,23.08,1461,63.1,5,3300,1,0,1
2015,42000,Petrol,Manual,Second,18,1198,86.7,5,4300,1,1,0
2012,79824,Diesel,Manual,First,19.87,1461,83.8,5,5250,1,0,1
2015,75000,Diesel,Manual,First,12.99,2494,100.6,8,11750,1,0,1
2014,72411,Petrol,Manual,First,18,1198,86.7,5,4250,1,1,1
2012,63000,Diesel,Automatic,First,14.94,2143,204,5,14220,0,0,1
2015,53713,Petrol,Manual,First,17.71,1197,78.9,5,4200,1,1,1
2017,18000,Diesel,Automatic,First,11.36,2755,171.5,8,18250,0,0,1
2013,51000,Diesel,Manual,First,15.8,2148,170,5,18500,1,0,1
2008,86700,Petrol,Manual,Second,16.1,1298,88.2,5,2400,1,1,0
2016,29000,Diesel,Manual,First,27.39,1248,74,5,6500,1,0,1
2014,56000,LPG,Manual,First,13.45,1086,62.1,5,3200,1,0,1
2015,33000,Petrol,Automatic,First,23.1,998,67.04,5,3990,0,1,1
2014,64394,Diesel,Manual,First,22.7,1498,89.84,5,5450,1,0,1
2010,76000,Diesel,Manual,First,18.8,1248,90,5,2700,1,0,1
2016,48719,Diesel,Manual,First,27.3,1498,98.6,5,6250,1,0,1
2016,59711,Diesel,Manual,First,15.1,2179,140,7,13280,1,0,1
2012,83000,Diesel,Manual,First,23.08,1461,63.1,5,3700,1,0,1
2018,10714,Diesel,Automatic,First,19.27,2143,167.62,5,39510,0,0,1
2010,127510,Diesel,Manual,Second,19,1248,90,5,1400,1,0,0
2014,35010,Diesel,Manual,First,22.9,1248,74,5,3500,1,0,1
2012,75451,Petrol,Manual,First,17.5,1197,85.8,5,3780,1,1,1
2015,83000,Diesel,Manual,First,19.09,1405,69.01,5,2700,1,0,1
2013,38755,Diesel,Manual,First,25.8,1498,98.6,5,3200,1,0,1
2016,30000,Petrol,Manual,First,20.4,1197,81.8,5,5000,1,1,1
2012,40000,Diesel,Manual,First,20.77,1248,88.8,7,7000,1,0,1
2014,19500,Petrol,Manual,Second,18.9,1197,82,5,2850,1,1,0
2016,41000,Petrol,Manual,First,19.69,1198,67.04,5,4250,1,1,1
2014,30000,Petrol,Manual,Second,18.9,1197,82,5,4900,1,1,0
2017,37000,Diesel,Manual,First,17.1,1956,170,5,16900,1,0,1
2014,62000,Diesel,Manual,Second,22.07,1199,73.9,5,4250,1,0,0
2015,42023,Petrol,Automatic,First,15.5,1198,86.7,5,4340,0,1,1
2012,51001,Diesel,Automatic,First,16.09,1995,184,5,17000,0,0,1
2017,55389,Diesel,Automatic,First,18.88,1995,184,5,28450,0,0,1
2014,46728,Petrol,Automatic,First,15.6,1497,116.3,5,6150,0,1,1
2014,58995,Diesel,Manual,First,12.83,2696,162,7,9250,1,0,1
2015,37857,Diesel,Manual,First,26.59,1248,74,5,4850,1,0,1
2014,71000,Diesel,Manual,First,25.2,1248,74,5,4800,1,0,1
2012,49024,Petrol,Manual,First,18.4,1198,86.8,5,2300,1,1,1
2016,10770,Petrol,Manual,First,18.9,1197,82,5,4750,1,1,1
2017,72000,Diesel,Manual,First,22.95,1248,74,5,5000,1,0,1
2015,91000,Petrol,Manual,First,21.1,814,55.2,5,2500,1,1,1
2017,14000,Petrol,Manual,First,18.6,1197,81.83,5,5950,1,1,1
2014,48000,Diesel,Automatic,Second,9,1984,181,5,16000,0,0,0
2014,75136,Diesel,Manual,First,22.7,1498,89.84,5,6150,1,0,1
2014,32500,Petrol,Manual,Second,21.1,1197,85.8,5,4050,1,1,0
2010,94500,Diesel,Manual,Second,21.9,1396,90,5,3100,1,0,0
2013,34900,Petrol,Manual,First,22,1197,81.8,5,5490,1,1,1
2010,42400,Petrol,Automatic,Third,8,4806,394.3,4,42910,0,1,0
2015,50000,Diesel,Manual,First,17.8,1248,75,5,5700,1,0,1
2014,35000,Petrol,Manual,First,19.4,1198,86.8,5,2850,1,1,1
2012,37000,Petrol,Manual,Second,18.6,1199,79.4,5,2350,1,1,0
2018,32807,Petrol,Automatic,First,13,1591,121.3,5,14760,0,1,1
2008,119000,Petrol,Manual,Second,17.7,1497,78,5,2250,1,1,0
2016,12000,Petrol,Manual,First,18.5,1197,85.8,5,3650,1,1,1
2016,46727,Diesel,Manual,First,22.77,1498,98.59,5,7250,1,0,1
2010,73336,Diesel,Automatic,First,13.2,1995,170,5,10690,0,0,1
2014,9000,Petrol,Manual,Second,17.01,1591,121.3,5,5500,1,1,0
2005,240000,Diesel,Manual,Fourth & Above,12.8,2494,102,8,5100,1,0,0
2014,25422,Petrol,Manual,First,22.5,998,67.04,5,3250,1,1,1
2018,14000,Diesel,Manual,First,25.47,1248,88.5,7,9250,1,0,1
2008,66000,Petrol,Manual,First,19.7,796,46.3,5,1700,1,1,1
2010,55324,Petrol,Manual,First,19,998,66.1,5,2870,1,1,1
2009,90000,Diesel,Automatic,First,11,2993,235,5,17750,0,0,1
2017,43000,Petrol,Manual,First,18.15,1198,82,5,4500,1,1,1
2008,58483,Petrol,Automatic,Second,19.2,1197,80,5,2950,0,1,0
2007,93000,Petrol,Automatic,Second,12.9,1799,130,5,2600,0,1,0
2010,50000,Petrol,Manual,First,20.36,1197,78.9,5,3000,1,1,1
2014,78616,Diesel,Automatic,Second,14.84,2143,170,5,15500,0,0,0
2011,37000,Petrol,Manual,First,17.6,1496,88.73,5,2800,1,1,1
2010,54801,Petrol,Manual,First,17,1497,118,5,2500,1,1,1
2014,29000,Diesel,Manual,First,23.4,1248,74,5,5750,1,0,1
2010,68000,Petrol,Manual,First,22,1197,81.8,5,2800,1,1,1
2014,58000,Petrol,Manual,First,17.01,1591,121.3,5,4590,1,1,1
2012,64290,Diesel,Manual,First,23.2,1248,73.94,5,3650,1,0,1
2015,31000,Diesel,Manual,First,13,2982,168.5,7,19850,1,0,1
2018,16039,Diesel,Manual,First,17.1,1956,170,5,18500,1,0,1
2017,19860,Petrol,Manual,First,18.6,1197,81.83,5,6950,1,1,1
2014,48500,CNG,Manual,Second,26.6,998,58.16,5,2850,1,0,0
2012,75391,Diesel,Manual,First,13.93,2179,138,7,3750,1,0,1
2008,78000,Diesel,Manual,Second,19.3,1248,73.9,5,2300,1,0,0
2016,78000,Diesel,Manual,First,25,1396,69.01,5,2300,1,0,1
2016,52000,Diesel,Manual,First,28.4,1248,74,5,5950,1,0,1
2016,30000,Petrol,Automatic,First,23.1,998,67.04,5,3490,0,1,1
2016,19254,Diesel,Automatic,First,14.69,2993,258,5,47700,0,0,1
2015,29651,Petrol,Manual,First,16.47,1198,74,5,6430,1,1,1
2011,80000,Diesel,Manual,First,13.93,2179,138.03,7,4500,1,0,1
2018,2971,Petrol,Automatic,First,13.6,1598,181,4,39750,0,1,1
2015,21400,Petrol,Manual,First,15.6,1196,70,5,4000,1,1,1
2015,77000,Diesel,Manual,First,26,1498,98.6,5,6980,1,0,1
2006,80000,Diesel,Manual,Second,12.6,1991,112,7,1750,1,0,0
2013,81755,Diesel,Manual,First,20,1968,108.5,5,4750,1,0,1
2016,99593,Diesel,Manual,First,11.5,2982,171,7,23500,1,0,1
2014,39791,Diesel,Manual,First,22.32,1582,126.32,5,7490,1,0,1
2015,113000,Diesel,Manual,First,15.1,2179,140,7,10850,1,0,1
2017,24000,Petrol,Manual,First,25.17,799,53.3,5,3500,1,1,1
2015,39000,Petrol,Manual,Second,18.6,1197,81.83,5,6300,1,1,0
2012,37000,Petrol,Automatic,First,15.6,1497,116.3,5,6750,0,1,1
2017,61108,Diesel,Automatic,First,10.91,3198,197,7,28880,0,0,1
2016,61648,Petrol,Automatic,First,13.7,1798,157.75,5,14230,0,1,1
2012,37000,Diesel,Automatic,Third,22.69,1995,190,5,15000,0,0,0
2013,53000,CNG,Manual,First,22.8,1373,80.9,7,5800,1,0,1
2013,65000,Diesel,Manual,First,23.2,1248,73.94,5,3750,1,0,1
2011,148009,Diesel,Manual,Second,11.5,2982,171,7,12750,1,0,0
2009,53001,Petrol,Manual,First,16.1,1298,88.2,5,1950,1,1,1
2018,22345,Petrol,Manual,First,20.3,1199,84,5,4950,1,1,1
2015,50000,Petrol,Automatic,First,18,1497,117.3,5,8250,0,1,1
2013,48183,Diesel,Automatic,First,13.2,1995,170,5,20990,0,0,1
2010,93000,Diesel,Automatic,Second,14.21,2143,203,5,17500,0,0,0
2015,53500,Diesel,Manual,First,28.4,1248,74,5,5360,1,0,1
2014,17585,Petrol,Manual,First,16.02,1373,93.7,7,6350,1,1,1
2011,36226,Petrol,Manual,First,17.01,1591,121.3,5,2950,1,1,1
2019,25899,Diesel,Automatic,First,12.63,2179,147.5,5,55700,0,0,1
2017,11200,Diesel,Automatic,First,19.27,2143,167.62,5,37500,0,0,1
2017,49045,Petrol,Manual,First,20.36,1197,78.9,5,4070,1,1,1
2012,45000,Diesel,Manual,First,22.07,1199,73.9,5,2990,1,0,1
2017,40000,Diesel,Manual,First,24.3,1248,88.5,5,7900,1,0,1
2016,36600,Diesel,Manual,First,19.87,1461,83.8,5,7490,1,0,1
2009,117000,Diesel,Manual,First,18,1248,75,5,1100,1,0,1
2016,16000,Diesel,Automatic,First,11.3,2987,254.8,7,56000,0,0,1
2016,50000,Diesel,Manual,First,25.4,1186,73.97,5,3500,1,0,1
2008,150000,Diesel,Manual,First,18.1,1493,110,5,3000,1,0,1
2014,11000,Petrol,Manual,First,17.01,1591,121.3,5,6100,1,1,1
2010,102016,Petrol,Manual,First,15.6,1196,70,5,2250,1,1,1
2016,38000,Diesel,Manual,First,25.2,1248,74,5,5950,1,0,1
2013,71491,Diesel,Manual,First,23.08,1461,63.12,5,4950,1,0,1
2015,46354,Petrol,Manual,Second,16.47,1198,74,5,5490,1,1,0
2019,87000,Diesel,Automatic,First,22.69,1995,190,5,6670,0,0,1
2015,20765,Petrol,Manual,First,15,1598,103.52,5,6250,1,1,1
2014,51076,Diesel,Automatic,First,12.07,2967,241.4,7,34880,0,0,1
2016,84085,Diesel,Manual,First,26.21,1248,88.5,5,6900,1,0,1
2014,55000,Diesel,Manual,First,25.1,1498,98.6,5,5990,1,0,1
2010,73000,Petrol,Automatic,First,10.93,3498,272,5,10400,0,1,1
2012,50001,Diesel,Automatic,First,14.57,2967,241.38,5,29000,0,0,1
2016,93166,Diesel,Manual,Second,14.02,2179,118.3,7,5850,1,0,0
2006,99583,Petrol,Automatic,Third,12,1493,100,5,2210,0,1,0
2010,72000,Petrol,Manual,First,15.5,1586,103.3,5,2400,1,1,1
2009,70000,Petrol,Manual,Third,14.53,1798,138.1,5,3000,1,1,0
2012,61000,Petrol,Automatic,Second,14.4,1598,103.6,5,3750,0,1,0
2015,66510,Petrol,Manual,First,21.1,814,55.2,5,2950,1,1,1
2011,84062,Diesel,Manual,First,20,1968,108.5,5,5800,1,0,1
2012,80799,Diesel,Manual,First,22.9,1248,74,5,4900,1,0,1
2018,5000,Petrol,Automatic,First,14.28,1798,138.03,5,16950,0,1,1
2013,92000,Diesel,Manual,First,12.99,2494,100,8,12500,1,0,1
2017,53000,Diesel,Manual,First,27.28,1047,69,5,5000,1,0,1
2015,39822,Petrol,Manual,First,15.41,1598,103.52,5,4680,1,1,1
2016,29000,Diesel,Automatic,First,10.91,3198,197,7,29800,0,0,1
2017,24214,Petrol,Manual,Second,25.17,799,53.3,5,3460,1,1,0
2012,75000,Diesel,Manual,First,23,1396,90,5,4000,1,0,1
2012,77216,Diesel,Manual,Second,17.5,1896,106,5,4500,1,0,0
2013,74290,Diesel,Manual,First,21.43,1364,87.2,5,5870,1,0,1
2015,61000,Diesel,Manual,First,15.4,2179,120,8,9500,1,0,1
2013,44000,Diesel,Automatic,First,14.16,1968,174.3,5,32500,0,0,1
2014,74041,Diesel,Manual,First,18.2,1248,73.8,8,3880,1,0,1
2013,85846,Diesel,Automatic,First,22.69,1995,190,5,13080,0,0,1
2012,52000,Diesel,Manual,First,21.64,1461,84.8,5,3500,1,0,1
2010,47000,Petrol,Manual,Second,12.8,2354,177.6,5,3500,1,1,0
2010,72010,Diesel,Manual,First,16.8,1493,110,5,4450,1,0,1
2015,15000,Petrol,Manual,First,16.8,796,34.2,8,2350,1,1,1
2015,480000,Petrol,Manual,First,17.4,1497,117.3,5,5000,1,1,1
2012,24720,Diesel,Automatic,Second,0,2967,241.4,5,28000,0,0,0
2007,75000,Petrol,Manual,Second,16.6,1388,68,5,2000,1,1,0
2015,57000,Diesel,Manual,First,22.54,1396,88.73,5,6350,1,0,1
2015,41057,Diesel,Automatic,First,13,2143,201.1,5,24630,0,0,1
2012,92000,CNG,Manual,Second,26.2,998,58.2,5,3000,1,0,0
2016,20000,Diesel,Manual,First,22.77,1498,98.59,5,7900,1,0,1
2011,52359,Petrol,Manual,First,18.5,1197,80,5,3250,1,1,1
2016,17000,Petrol,Manual,Second,17.8,1497,117.3,5,8250,1,1,0
2011,39002,Diesel,Manual,First,23.08,1461,63.1,5,2850,1,0,1
2010,129986,Diesel,Manual,Second,20,1399,68,5,3200,1,0,0
2013,45000,Petrol,Manual,First,18.44,1198,75,5,1750,1,1,1
2009,82002,Petrol,Manual,Second,12.8,2354,177.6,5,5750,1,1,0
2010,67000,Petrol,Automatic,First,13.7,1798,157.75,5,4700,0,1,1
2017,21260,Petrol,Manual,First,14,796,35,5,2900,1,1,1
2012,55362,Diesel,Manual,First,21.9,1396,88.8,5,4250,1,0,1
2017,13000,Diesel,Automatic,First,17.01,1582,126.2,5,14500,0,0,1
2016,45725,Diesel,Manual,First,25.2,1248,74,5,5340,1,0,1
2014,105000,Diesel,Manual,First,25.2,1248,74,5,3850,1,0,1
2009,156056,Diesel,Manual,First,12.8,2494,102,8,8500,1,0,1
2016,135000,Diesel,Manual,First,24.4,1120,71,5,4200,1,0,1
2016,67000,Diesel,Manual,First,20.77,1248,88.7,7,6750,1,0,1
2016,90000,Diesel,Automatic,First,10.91,3198,197.2,7,26000,0,0,1
2019,32251,Diesel,Manual,First,22.54,1396,88.73,5,8610,1,0,1
2009,47000,Petrol,Manual,First,19,998,67.1,5,1460,1,1,1
2011,75308,Diesel,Manual,Second,21.1,1248,73.9,5,2800,1,0,0
2018,44202,CNG,Manual,First,32.26,998,58.2,4,4000,1,0,1
2014,58000,Petrol,Manual,First,17,1497,118,5,5470,1,1,1
2009,60000,Petrol,Manual,First,17.5,1298,85.8,5,2450,1,1,1
2014,45000,Diesel,Automatic,First,17.05,1995,184,5,21500,0,0,1
2010,41195,Petrol,Manual,First,15,1368,90,5,1380,1,1,1
2016,89000,Diesel,Manual,First,16,2179,140,7,13500,1,0,1
2009,60510,Petrol,Automatic,Second,16.95,1197,78.9,5,3100,0,1,0
2016,8500,Petrol,Manual,First,21.4,1197,83.1,5,5490,1,1,1
2017,35981,Diesel,Manual,First,24.3,1248,88.5,5,9510,1,0,1
2012,23152,Petrol,Manual,First,15.6,1196,70.02,5,2390,1,1,1
2014,74663,CNG,Manual,First,33.54,998,67.04,5,3250,1,0,1
2014,61529,Petrol,Automatic,First,18.19,1197,103.5,5,5650,0,1,1
2010,91596,Diesel,Manual,First,14.95,2489,93.7,7,1850,1,0,1
2019,14298,Petrol,Automatic,First,13.33,2995,340,5,2020,0,1,1
2013,83327,Diesel,Manual,First,19.3,1248,73.9,5,5800,1,0,1
2017,22857,Petrol,Manual,First,16.2,1199,74,5,6900,1,1,1
2013,34620,Petrol,Manual,Second,17.01,1591,121.3,5,5350,1,1,0
2010,56000,Petrol,Manual,First,19.81,1086,68.05,5,2850,1,1,1
2014,81000,Diesel,Automatic,First,13,2143,204,5,22750,0,0,1
1998,95150,Petrol,Manual,Third,17.3,993,60,5,450,1,1,0
2013,32776,Petrol,Manual,First,20.36,1197,78.9,5,4640,1,1,1
2016,51587,Diesel,Manual,First,25.8,1498,98.6,5,5270,1,0,1
2016,36000,Diesel,Manual,First,14.1,2179,148,7,10000,1,0,1
2015,22000,Petrol,Manual,First,18.5,1198,86.8,5,3950,1,1,1
2010,30754,Petrol,Manual,First,17,1197,80,5,3380,1,1,1
2018,37109,Petrol,Manual,First,14.69,1390,120.33,5,16800,1,1,1
2010,45000,Petrol,Manual,First,16.7,1198,88.8,5,1990,1,1,1
2017,33284,Petrol,Manual,First,18.9,1197,82,5,5840,1,1,1
2016,55115,Diesel,Automatic,First,14.74,2993,270.9,5,36150,0,0,1
2014,18000,Diesel,Automatic,First,16.36,2179,187.7,5,25700,0,0,1
2013,130790,Diesel,Manual,First,16,2179,140,7,9240,1,0,1
2015,16607,Diesel,Manual,First,22.7,1598,118,5,7650,1,0,1
2015,32205,Diesel,Automatic,First,17.11,1968,174.33,5,25310,0,0,1
2013,67000,Diesel,Manual,First,19.01,1461,108.45,5,4750,1,0,1
2014,57676,Petrol,Manual,First,19.1,1197,85.8,5,6690,1,1,1
2012,41000,Petrol,Manual,First,16.47,1198,73.9,5,3100,1,1,1
2012,65000,Petrol,Manual,First,19.7,796,35,8,1550,1,1,1
2019,12153,Petrol,Automatic,First,18.9,1197,81.86,5,6840,0,1,1
2014,16810,Petrol,Manual,First,25.4,624,37.5,4,1600,1,1,1
2017,61221,Petrol,Automatic,First,17.84,1395,147.51,5,21730,0,1,1
2015,22000,Petrol,Manual,First,16.47,1198,74,5,4750,1,1,1
2015,63714,Petrol,Manual,First,22.74,796,47.3,5,2450,1,1,1
2019,14857,Diesel,Automatic,First,20.7,1496,113.98,5,31550,0,0,1
2012,69000,Diesel,Automatic,Second,15.2,1968,140.8,5,10250,0,0,0
2019,14648,Diesel,Manual,First,12.62,2198,158,7,27360,1,0,1
2013,100000,Petrol,Manual,Second,15.8,1499,110,5,6500,1,1,0
2016,22000,Petrol,Manual,First,18.9,1197,82,5,4250,1,1,1
2014,10000,Petrol,Manual,First,18.2,1199,82.4,5,5500,1,1,1
2015,107000,Petrol,Manual,First,20.85,1197,83.14,5,4000,1,1,1
2017,48198,Petrol,Manual,First,17.57,1193,88.7,5,4650,1,1,1
2015,15000,Diesel,Automatic,First,19.27,2143,170,5,28500,0,0,1
2014,80073,Diesel,Manual,First,17.3,1998,163.7,5,7110,1,0,1
2013,85388,Diesel,Manual,First,21.1,1248,73.9,5,3900,1,0,1
2017,14700,Petrol,Manual,First,18.9,1197,81.86,5,5600,1,1,1
2012,150000,Diesel,Manual,Third,28.4,1248,73.75,5,2250,1,0,0
2011,34994,Diesel,Manual,First,22.32,1582,126.32,5,3900,1,0,1
2014,82536,Diesel,Automatic,First,14.74,2993,270.9,5,28630,0,0,1
2013,82000,Petrol,Automatic,First,13.7,1798,157.75,5,7250,0,1,1
2006,52000,Petrol,Manual,Second,18.9,998,67.1,5,2000,1,1,0
2011,20000,Petrol,Manual,First,16.47,1198,73.9,5,3500,1,1,1
2011,55000,Petrol,Manual,First,14.8,1799,130.2,5,5000,1,1,1
2015,47001,CNG,Manual,First,20,1196,63,5,3720,1,0,1
2014,52000,Petrol,Manual,First,22.5,998,67.04,5,3450,1,1,1
2013,43284,Diesel,Manual,First,23.4,1248,74,5,4500,1,0,1
2018,23875,Petrol,Automatic,First,13,1591,121.3,5,14360,0,1,1
2016,51866,Petrol,Manual,First,18.9,1197,82,5,5500,1,1,1
2013,69000,Diesel,Manual,First,23.08,1461,63.1,5,3000,1,0,1
2017,62788,Petrol,Manual,First,18.9,1197,81.86,5,6080,1,1,1
2013,150000,Diesel,Manual,First,20.54,1598,103.6,5,5000,1,0,1
2015,47566,Diesel,Automatic,First,12.55,2982,168.5,7,20250,0,0,1
2018,20300,Diesel,Automatic,First,11.36,2755,171.5,7,18000,0,0,1
2015,48300,Diesel,Automatic,First,20,2143,107.3,5,17500,0,0,1
2013,30000,Petrol,Manual,First,21.1,814,55.2,5,2100,1,1,1
2012,36000,Diesel,Manual,Second,22.7,1582,126.24,5,7500,1,0,0
2015,27641,Diesel,Automatic,Second,20.7,1496,113.98,4,24770,0,0,0
2015,60000,Diesel,Manual,First,19.64,1461,108.45,5,8650,1,0,1
2019,9000,Diesel,Automatic,First,10.91,3198,197,7,35500,0,0,1
2014,60750,Petrol,Manual,First,14.28,1798,138.03,5,10500,1,1,1
2018,9000,Diesel,Manual,First,14,2179,155,7,13000,1,0,1
2012,41100,Diesel,Automatic,First,16.77,2993,261.49,5,26500,0,0,1
2004,60000,Petrol,Manual,Second,17.3,1061,64,5,1400,1,1,0
2017,38424,Petrol,Manual,First,17.8,1497,117.3,5,7510,1,1,1
2014,50000,Diesel,Manual,First,22.9,1248,74,5,4300,1,0,1
2015,19000,Petrol,Automatic,First,18,1497,117.3,5,8950,0,1,1
2015,58734,Diesel,Manual,First,20.77,1248,88.76,7,6910,1,0,1
2016,65257,Diesel,Manual,First,19.01,1461,108.45,5,9750,1,0,1
2010,130000,Diesel,Manual,Second,19.3,1248,73.9,5,4000,1,0,0
2011,79000,Diesel,Manual,First,23.2,1248,73.94,5,3650,1,0,1
2013,78000,Diesel,Manual,First,15.1,2179,140,7,10750,1,0,1
2015,49133,Petrol,Manual,First,19.4,1198,86.8,5,4510,1,1,1
2016,22769,Diesel,Automatic,First,0,2987,165,5,49220,0,0,1
2014,54448,Diesel,Manual,First,21.02,1248,88.8,5,3700,1,0,1
2014,158793,Diesel,Manual,First,12.8,2494,102,7,12990,1,0,1
2015,62088,Petrol,Manual,First,18.6,1197,85.8,5,4150,1,1,1
2012,14800,Petrol,Manual,First,17.01,1591,121.3,5,4400,1,1,1
2015,26000,Petrol,Manual,First,17.3,1497,117.3,7,4250,1,1,1
2017,32005,Petrol,Manual,First,18,1198,86.7,5,4250,1,1,1
2017,35000,Petrol,Automatic,First,18,1497,117.3,5,7700,0,1,1
2015,52000,Diesel,Automatic,First,12.7,2179,187.7,5,39750,0,0,1
2017,11000,Petrol,Manual,First,17.4,1497,117.3,5,8500,1,1,1
2008,62000,Petrol,Automatic,First,9.5,2997,231.1,5,7000,0,1,1
2002,65134,Petrol,Manual,Third,13.8,1299,70,5,800,1,1,0
2013,71000,Diesel,Manual,First,13,2982,168.5,7,15250,1,0,1
2008,51366,Petrol,Manual,First,19,998,66.1,5,2250,1,1,1
2016,46300,Diesel,Manual,First,14.07,1948,83.1,7,4850,1,0,1
2012,60908,Petrol,Automatic,Second,15.6,1497,116.3,5,6420,0,1,0
2012,93450,Diesel,Manual,Second,23.19,1461,63.12,5,2500,1,0,0
2011,104000,Diesel,Automatic,First,19.08,1582,126.32,5,5750,0,0,1
2003,52000,Petrol,Manual,First,16.1,796,37,4,500,1,1,1
2015,42999,Diesel,Manual,First,15.1,2179,140,7,11520,1,0,1
2014,90000,Diesel,Manual,First,21.5,1248,88.8,5,4500,1,0,1
2013,72000,Petrol,Automatic,First,15,1396,98.6,5,4750,0,1,1
2019,54321,Diesel,Manual,First,19.67,1582,126.2,5,13540,1,0,1
2015,59630,Diesel,Automatic,First,13,2143,201.1,5,23410,0,0,1
2013,116000,Diesel,Automatic,Second,12.55,2982,168.5,7,19250,0,0,0
2015,34000,Diesel,Automatic,First,9,1984,181,5,20000,0,0,1
2011,70000,Diesel,Automatic,First,14.21,2143,203,5,13000,0,0,1
2010,80000,Petrol,Manual,First,10.2,2354,180,5,3990,1,1,1
2015,110000,Diesel,Manual,First,25.8,1498,98.6,5,4650,1,0,1
2013,56454,Diesel,Manual,First,28.4,1248,73.75,5,4650,1,0,1
2013,60000,Petrol,Manual,First,18.6,1197,85.8,5,3150,1,1,1
2013,56000,Petrol,Automatic,First,14.53,1798,138.1,5,8250,0,1,1
2012,63000,Diesel,Automatic,Second,11.49,4367,335.3,5,65000,0,0,0
2012,63000,Diesel,Manual,First,22.9,1248,74,5,4500,1,0,1
2017,15050,Diesel,Manual,First,16.3,1956,170,5,17500,1,0,1
2016,29401,Petrol,Manual,First,20.4,1197,81.8,5,4310,1,1,1
2016,25238,Petrol,Manual,First,18.7,1199,88.7,5,6200,1,1,1
2011,58752,Petrol,Manual,First,16.47,1198,73.9,5,3320,1,1,1
2011,62000,Petrol,Automatic,First,12.9,1799,130,5,3750,0,1,1
2013,132000,Petrol,Manual,First,16.78,1496,88.73,5,4700,1,1,1
2016,51000,Petrol,Manual,First,17.01,1591,121.3,5,6500,1,1,1
2009,185200,Diesel,Manual,First,12.8,2494,102,8,7250,1,0,1
2016,61717,Diesel,Manual,First,22.7,1598,118,5,8940,1,0,1
2018,8896,Petrol,Manual,First,19,1194,94.68,5,7340,1,1,1
2016,17000,Petrol,Manual,First,21.4,1197,83.1,5,6900,1,1,1
2016,31378,Petrol,Manual,First,18.2,1199,88.7,5,5900,1,1,1
2013,114000,Diesel,Automatic,First,22.32,1582,126.3,5,6750,0,0,1
2014,81000,Diesel,Manual,First,25.8,1498,98.6,5,4100,1,0,1
2017,31000,Diesel,Automatic,First,18.51,1968,147.51,5,27000,0,0,1
2014,35000,Petrol,Manual,First,15,1598,103.52,5,4500,1,1,1
2013,60001,Diesel,Automatic,First,17.11,1968,174.33,5,14500,0,0,1
2014,75074,Diesel,Manual,First,23.4,1248,74,5,5250,1,0,1
2012,80000,Diesel,Manual,Second,22.3,1248,74,5,1200,1,0,0
2006,147350,Diesel,Manual,Second,12.99,2494,100.6,8,4950,1,0,0
2013,60000,Diesel,Manual,First,19.64,1461,108.45,5,7500,1,0,1
2015,7501,Petrol,Automatic,First,10,2996,333,4,48000,0,1,1
2015,58000,Diesel,Manual,First,25.8,1498,98.6,5,4450,1,0,1
2018,29277,Diesel,Automatic,First,11.57,2987,254.79,5,59650,0,0,1
2015,57034,Diesel,Manual,First,23.2,1248,73.94,5,4380,1,0,1
2016,40810,Diesel,Manual,First,28.09,1248,88.5,5,7900,1,0,1
2018,34630,Petrol,Automatic,First,21.4,1197,83.1,5,7290,0,1,1
2012,45122,Diesel,Manual,First,23.5,1498,88.7,5,6000,1,0,1
2011,126000,Diesel,Manual,Third,16,2179,140,7,6700,1,0,0
2009,63000,Petrol,Manual,First,19.7,796,46.3,5,1500,1,1,1
2016,32298,Diesel,Automatic,First,20.7,1496,113.98,4,23800,0,0,1
2014,63288,Diesel,Manual,First,15.1,2179,140,7,7770,1,0,1
2012,43337,Petrol,Manual,First,17.92,1086,62.1,5,3320,1,1,1
2015,46561,Diesel,Manual,First,22.9,1248,74,5,4940,1,0,1
2013,34000,Diesel,Automatic,Second,20,2143,107.3,5,11000,0,0,0
2016,48000,Petrol,Manual,First,25.17,799,53.3,5,3400,1,1,1
2013,56263,Diesel,Manual,First,22.9,1248,74,5,4170,1,0,1
2005,84060,Petrol,Manual,Second,17.3,993,60,5,1250,1,1,0
2016,9000,Petrol,Automatic,First,18.9,1197,82,5,5450,0,1,1
2012,79000,Diesel,Manual,First,21.12,1248,88.8,5,2590,1,0,1
2015,87900,Diesel,Manual,First,16,2179,140,7,12010,1,0,1
2010,72425,Petrol,Manual,Second,17.5,1197,85.8,5,2450,1,1,0
2015,38000,Diesel,Automatic,First,15.73,1968,174.33,5,29000,0,0,1
2010,107000,Diesel,Automatic,First,14.84,2143,170,5,11990,0,0,1
2015,51000,Petrol,Automatic,First,18,1497,117.3,5,7900,0,1,1
2010,140000,Diesel,Manual,Third,12.8,2494,102,7,6250,1,0,0
2011,48000,Petrol,Manual,Second,18.6,1199,79.4,5,1800,1,1,0
2013,62000,CNG,Manual,First,26.6,998,58.16,5,2800,1,0,1
2015,31000,Petrol,Manual,First,18.7,1199,88.7,5,4900,1,1,1
2010,75055,Petrol,Manual,First,18.06,1198,75,5,2250,1,1,1
2017,51210,Petrol,Automatic,First,19.12,1373,91.1,5,8890,0,1,1
2012,87000,Diesel,Automatic,First,12.55,2982,168.5,7,15000,0,0,1
2018,17000,Diesel,Manual,First,26.1,1498,99,5,5650,1,0,1
2014,57000,Diesel,Manual,First,20.77,1248,88.8,7,7000,1,0,1
2016,9370,Petrol,Manual,First,22.74,796,47.3,5,2950,1,1,1
2013,53226,Petrol,Manual,First,19.4,1198,86.8,5,3300,1,1,1
2010,120000,Diesel,Manual,Second,16.2,1493,110,5,3500,1,0,0
2007,75055,Petrol,Manual,First,12.8,1493,100,5,2300,1,1,1
2017,37247,Diesel,Manual,First,19.67,1582,126.2,5,13690,1,0,1
2013,64000,Diesel,Manual,First,23.59,1364,67.06,5,3100,1,0,1
2014,12000,Petrol,Manual,First,13.44,2359,198.25,5,12750,1,1,1
2017,40158,Diesel,Manual,First,19.67,1582,126.2,5,13750,1,0,1
2017,11000,Petrol,Manual,First,18.7,1199,88.7,5,6750,1,1,1
2014,70010,Diesel,Manual,First,20.54,1598,103.6,5,5250,1,0,1
2015,82000,Diesel,Manual,First,16,2179,140,7,8750,1,0,1
2017,57259,Diesel,Manual,First,18.49,1493,100,7,8870,1,0,1
2010,84000,Petrol,Automatic,Second,11.1,2354,142,5,6500,0,1,0
2012,168000,Diesel,Manual,First,20.77,1248,88.76,7,4500,1,0,1
2012,73670,Diesel,Manual,First,12.83,2696,162,7,12500,1,0,1
2014,89540,Diesel,Automatic,First,12.55,2982,168.5,7,16800,0,0,1
2016,85423,Diesel,Manual,First,20.77,1248,88.8,7,8750,1,0,1
2013,48823,Diesel,Automatic,First,19.5,1582,126.24,5,8500,0,0,1
2011,35082,Petrol,Manual,First,20.36,1197,78.9,5,2210,1,1,1
2012,126000,Petrol,Manual,First,16.8,796,34.2,5,1600,1,1,1
2016,19000,Petrol,Automatic,First,15.5,1198,86.7,5,6250,0,1,1
2007,69000,Petrol,Automatic,Second,12.9,1799,130,5,2250,0,1,0
2019,29836,Diesel,Automatic,First,17.9,2143,136,5,25750,0,0,1
2010,48002,Petrol,Manual,Second,13.14,1798,157.8,5,6750,1,1,0
2015,52324,Diesel,Manual,First,28.09,1248,88.5,5,6250,1,0,1
2013,65000,Diesel,Manual,First,22.7,1498,89.84,5,5100,1,0,1
2009,66000,Diesel,Automatic,Second,8.7,2987,224.34,5,10750,0,0,0
2016,75700,Diesel,Manual,First,24,1120,70,5,5700,1,0,1
2013,43000,Diesel,Manual,First,20.5,1598,105,5,5950,1,0,1
2012,42706,Diesel,Manual,First,25.44,936,56.3,5,2400,1,0,1
2013,35000,Diesel,Manual,First,17.21,1493,100,7,3490,1,0,1
2011,54348,Petrol,Automatic,First,19.2,1197,80,5,4000,0,1,1
2013,84000,Diesel,Manual,First,23.59,1364,67.04,5,3850,1,0,1
2010,63298,Petrol,Automatic,First,14.53,1794,138.1,5,3950,0,1,1
2013,75049,Petrol,Manual,Second,20.36,1197,78.9,5,3000,1,1,0
2018,24237,Petrol,Manual,First,18.16,1196,86.8,5,6700,1,1,1
2016,22767,Petrol,Manual,First,18.5,1197,85.8,5,6140,1,1,1
2012,58000,Petrol,Automatic,Second,15,1396,98.6,5,4400,0,1,0
2017,57000,Diesel,Manual,First,26.59,1248,74,5,4250,1,0,1
2010,50161,Petrol,Automatic,First,8.77,4395,402,5,25930,0,1,1
2016,45000,Diesel,Manual,First,22.7,1598,118,5,7000,1,0,1
2017,68319,Diesel,Automatic,First,12.55,2982,168.5,7,25120,0,0,1
2017,30711,Petrol,Manual,First,20.3,998,68.05,5,4450,1,1,1
2011,38277,Diesel,Manual,First,21.9,1396,90,5,2400,1,0,1
2012,115000,Diesel,Manual,Second,20.54,1598,103.6,5,4330,1,0,0
2017,46849,Petrol,Automatic,First,18.5,1197,83.14,5,6930,0,1,1
2014,64000,Diesel,Manual,First,21.9,1396,90,5,4250,1,0,1
2010,130923,Diesel,Automatic,First,14.21,2143,203,5,12500,0,0,1
2015,15000,Petrol,Manual,First,18.9,1197,82,5,4900,1,1,1
2014,32720,Diesel,Manual,First,23,1396,90,5,4500,1,0,1
2016,12500,Petrol,Manual,First,25.17,799,53.3,5,3000,1,1,1
2015,59800,Petrol,Automatic,First,16.9,1197,82,5,5800,0,1,1
2011,54211,Petrol,Manual,First,15.04,1598,103.6,5,3330,1,1,1
2015,62242,Diesel,Automatic,First,14.39,1998,163.7,5,6620,0,0,1
2015,54000,Diesel,Manual,Second,19.01,1461,108.5,5,5750,1,0,0
2012,65000,Diesel,Manual,First,22.32,1582,126.32,5,6200,1,0,1
2015,55000,Petrol,Automatic,First,23.1,998,67.04,5,3500,0,1,1
2010,71000,Petrol,Manual,First,18.9,998,67.1,5,2000,1,1,1
2012,70000,Diesel,Manual,First,21.9,1396,88.8,5,4000,1,0,1
2011,53000,Petrol,Automatic,First,12.3,1781,163.2,5,9500,0,1,1
2013,43000,Diesel,Automatic,First,17.05,1995,184,5,17500,0,0,1
2015,54000,Petrol,Automatic,First,14.3,1598,103.52,5,6110,0,1,1
2014,51000,Petrol,Manual,First,20.36,1197,78.9,5,3750,1,1,1
2007,78000,Diesel,Manual,Second,10.5,2835,107.2,6,6200,1,0,0
2014,25000,Diesel,Manual,First,26,1498,98.6,5,6150,1,0,1
2012,12600,Petrol,Manual,First,20.92,998,67.1,5,2400,1,1,1
2009,80000,Diesel,Manual,Fourth & Above,17.8,1248,75,5,2150,1,0,0
2016,21000,Petrol,Manual,First,18.9,1197,82,5,3750,1,1,1
2011,32000,Petrol,Manual,Second,15.6,1196,70,5,2150,1,1,0
2015,50000,Petrol,Manual,First,18.9,1197,81.86,5,4750,1,1,1
2010,47500,Petrol,Manual,First,15.5,1586,103.3,5,2450,1,1,1
2017,7500,Petrol,Manual,First,17.4,1497,117.3,5,11150,1,1,1
2016,68163,Diesel,Automatic,First,19.6,1461,108.45,5,8900,0,0,1
2014,61000,Diesel,Manual,First,25.8,1498,98.6,5,4350,1,0,1
2015,100000,Diesel,Manual,Second,12.99,2494,100.6,7,12000,1,0,0
2009,61500,Diesel,Automatic,Second,16.07,1995,181,5,8500,0,0,0
2017,42883,Petrol,Manual,First,19.81,1086,68.05,5,4270,1,1,1
2012,97000,Diesel,Manual,Second,20.45,1461,83.8,5,4250,1,0,0
2010,39525,Petrol,Automatic,First,11.3,2360,170,5,9250,0,1,1
2017,35384,Diesel,Manual,First,24.3,1248,88.5,5,8610,1,0,1
2010,46000,Diesel,Automatic,First,11.8,2987,261,7,28000,0,0,1
2018,32189,Diesel,Manual,First,23,1498,98.96,5,9250,1,0,1
2016,27000,Diesel,Automatic,First,19.08,1582,126.2,5,8600,0,0,1
2018,22734,Petrol,Manual,First,16.47,1198,74,5,7530,1,1,1
2014,58002,Diesel,Manual,First,19.64,1461,108.45,5,5750,1,0,1
2012,31500,Petrol,Automatic,First,16.5,1198,86.8,5,4150,0,1,1
2017,30933,Petrol,Manual,First,18.16,1196,86.8,5,5840,1,1,1
2012,27090,Diesel,Automatic,First,18.53,1968,187.74,5,16500,0,0,1
2015,29500,Diesel,Automatic,First,15.97,2993,258,7,43000,0,0,1
2013,45000,Petrol,Manual,First,20.36,1197,78.9,5,3550,1,1,1
2018,11691,Petrol,Manual,First,18.6,1197,81.83,5,8900,1,1,1
2006,121000,Diesel,Manual,Second,16.4,1896,90,5,2500,1,0,0
2010,118077,Diesel,Manual,First,16.2,1493,110,5,3850,1,0,1
2012,36300,Petrol,Automatic,Third,17.1,1591,121.4,5,7500,0,1,0
2005,90000,Petrol,Manual,Second,15.3,1341,61,5,1800,1,1,0
2010,78000,Diesel,Manual,First,20,1399,68,5,2250,1,0,1
2015,42000,Diesel,Automatic,First,17.68,1968,174.33,5,24250,0,0,1
2015,27000,Petrol,Manual,First,16.47,1198,74,5,4350,1,1,1
2012,22000,Diesel,Automatic,First,17.05,1995,184,5,11500,0,0,1
2014,49000,Petrol,Manual,First,17.4,1497,117.3,5,4750,1,1,1
2012,42600,Diesel,Manual,First,23,1396,90,5,4990,1,0,1
2018,12794,Petrol,Automatic,First,19,1199,88.7,5,9150,0,1,1
2014,88046,Petrol,Automatic,First,10.1,2354,152,5,13990,0,1,1
2014,8000,Diesel,Automatic,Second,20,2143,107.3,5,19750,0,0,0
2018,82739,Diesel,Automatic,First,16,2179,140,7,16770,0,0,1
2006,193000,Diesel,Manual,Third,13.6,2523,63,7,2500,1,0,0
2013,7000,Petrol,Automatic,First,17.97,1498,99.6,5,3650,0,1,1
2012,60000,Diesel,Automatic,Second,12.35,2179,187.74,5,23500,0,0,0
2017,38000,Petrol,Manual,First,22.74,796,47.3,5,3110,1,1,1
2013,56344,Petrol,Manual,First,17.6,1496,88.73,5,4570,1,1,1
2014,17858,Petrol,Manual,First,17,1197,80,5,5320,1,1,1
2012,53000,Petrol,Manual,First,20.36,1197,78.9,5,3200,1,1,1
2016,67906,Diesel,Manual,First,25.2,1248,74,5,5630,1,0,1
2015,19000,Petrol,Manual,First,21.1,814,55.2,5,3000,1,1,1
2010,67000,Diesel,Automatic,Second,22.69,1995,190,5,9250,0,0,0
2011,80000,Diesel,Manual,First,23.57,1396,70,5,1200,1,0,1
2015,61000,Petrol,Manual,First,22.74,796,47.3,5,2150,1,1,1
2010,39000,Diesel,Manual,First,22.07,1199,73.9,5,3050,1,0,1
2014,59000,Petrol,Automatic,First,14.28,1798,138.03,5,11500,0,1,1
2008,80931,Petrol,Manual,First,17.92,1086,62.1,5,2300,1,1,1
2016,34000,Petrol,Manual,First,20.4,1197,81.8,5,4950,1,1,1
2013,130000,Diesel,Manual,First,21.64,1461,84.8,5,4750,1,0,1
2018,52380,Diesel,Manual,First,24.3,1248,88.5,5,10150,1,0,1
2011,44000,Petrol,Manual,First,18.06,1198,75,5,2650,1,1,1
2015,84000,Diesel,Manual,First,20,1399,68.05,5,3800,1,0,1
2017,41697,Petrol,Automatic,First,13.1,1997,141.1,5,16680,0,1,1
2014,163000,Diesel,Manual,First,19.01,1461,108.5,5,5000,1,0,1
2011,42000,Petrol,Manual,Second,17.71,1197,78.9,5,3750,1,1,0
2013,129000,Diesel,Manual,Third,21.27,1396,88.76,5,4110,1,0,0
2015,32200,Petrol,Manual,Second,18.16,1196,86.8,5,4250,1,1,0
2004,129000,Diesel,Manual,First,10.5,2835,107.2,6,3450,1,0,1
2014,40000,Diesel,Automatic,First,17.11,1968,174.33,5,22500,0,0,1
2006,150000,Petrol,Manual,First,12.4,1998,132,8,4500,1,1,1
2007,140000,Petrol,Manual,First,15.26,1150,74.9,5,900,1,1,1
2006,63181,Petrol,Manual,First,15.3,1341,83,5,1850,1,1,1
2013,39575,Diesel,Manual,First,25.8,1498,98.6,5,3250,1,0,1
2014,70374,Diesel,Manual,First,22.7,1498,89.84,5,7340,1,0,1
2015,26256,Diesel,Manual,First,20.14,1498,88.5,5,4250,1,0,1
2016,13460,Petrol,Manual,First,18.6,1197,81.86,5,6450,1,1,1
2011,122000,Diesel,Manual,Second,12.8,2494,102,8,10750,1,0,0
2015,58589,Diesel,Automatic,First,15.26,2143,203.2,5,27750,0,0,1
2005,115000,Petrol,Manual,Second,17.3,1061,64,5,990,1,1,0
2016,75000,Diesel,Automatic,First,12.62,2198,158,7,24000,0,0,1
2016,30292,Petrol,Manual,First,18.6,1197,81.86,5,6100,1,1,1
2017,32248,Petrol,Manual,First,17.5,1199,88.7,5,8250,1,1,1
2013,74000,Petrol,Manual,First,16.47,1198,73.9,5,4650,1,1,1
2014,56100,Petrol,Manual,First,13.7,1997,153.86,5,9750,1,1,1
2014,61325,Petrol,Manual,First,18.9,1197,81.86,5,4400,1,1,1
2014,33000,Petrol,Manual,First,19.1,1197,85.8,5,3990,1,1,1
2016,18090,Diesel,Automatic,First,16.2,2993,258,5,45730,0,0,1
2014,71390,Diesel,Manual,First,22.7,1498,89.84,5,5270,1,0,1
2014,41000,CNG,Manual,First,26.2,998,58.2,5,3500,1,0,1
2016,67000,Diesel,Manual,First,26,1498,98.6,5,7250,1,0,1
2008,99000,Diesel,Manual,Second,17,1405,70,5,1600,1,0,0
2014,142000,Diesel,Manual,Second,19.01,1461,108.45,5,6000,1,0,0
2010,26966,Petrol,Manual,First,20.36,1197,78.9,5,3000,1,1,1
2015,27628,Petrol,Manual,First,18.7,1199,88.7,5,4950,1,1,1
2016,82497,Diesel,Manual,First,23.65,1248,88.5,5,8990,1,0,1
2007,86000,Petrol,Manual,Third,11.9,2354,144,5,1850,1,1,0
2016,26981,Petrol,Manual,First,16.47,1198,73.9,5,6160,1,1,1
2010,110471,Diesel,Manual,First,21.1,1248,73.9,5,3500,1,0,1
2014,69000,Petrol,Manual,First,19.5,1199,88.76,5,4500,1,1,1
2017,12000,Petrol,Manual,First,18.6,1197,81.83,5,7750,1,1,1
2014,77500,Diesel,Manual,First,20.45,1461,83.8,5,6600,1,0,1
2014,48031,Petrol,Manual,First,18.9,1197,82,5,4980,1,1,1
2008,170000,Diesel,Automatic,Third,16.07,1995,181,5,9750,0,0,0
2014,69565,Diesel,Manual,First,22.7,1498,89.84,5,5550,1,0,1
2016,45492,Diesel,Automatic,First,21.5,1498,108.5,5,10300,0,0,1
2011,85000,Petrol,Automatic,Second,11.7,2354,177.6,5,7500,0,1,0
2008,55902,Petrol,Manual,First,14.49,1399,92.7,5,1800,1,1,1
2017,18500,Petrol,Manual,First,16.2,1199,74,5,6250,1,1,1
2015,129750,Diesel,Manual,Second,14.95,2489,93.7,7,6800,1,0,0
2009,50902,Petrol,Automatic,First,19.2,1197,80,5,3000,0,1,1
2015,84725,Diesel,Manual,First,15.1,2179,140,7,11600,1,0,1
2013,40000,Diesel,Manual,Second,22.7,1582,126.24,5,6950,1,0,0
2010,60000,Petrol,Manual,Third,14.3,1798,160,5,3500,1,1,0
2014,33496,Petrol,Manual,First,18.9,1197,81.86,5,5500,1,1,1
2015,25000,Petrol,Manual,First,18.6,1197,81.83,5,5650,1,1,1
2013,71000,Diesel,Manual,First,18.2,1248,73.8,8,3250,1,0,1
2015,20826,Petrol,Automatic,First,14.3,1598,103.6,5,7720,0,1,1
2016,42244,Diesel,Manual,First,19.67,1582,126.2,5,12000,1,0,1
2013,98598,Diesel,Manual,First,25.44,936,57.6,5,1550,1,0,1
2011,62100,Diesel,Manual,First,11.5,2982,171,7,10750,1,0,1
2016,44238,Petrol,Manual,First,18.6,1197,81.83,5,6720,1,1,1
2012,91743,Diesel,Automatic,First,12.07,2967,241.4,7,28550,0,0,1
2013,19828,Diesel,Automatic,Second,17.85,2967,300,4,75000,0,0,0
2016,36891,Petrol,Manual,First,17.8,1497,117.3,5,10490,1,1,1
2012,90049,Diesel,Manual,First,17.21,1493,100,7,3800,1,0,1
2012,74002,Diesel,Automatic,First,16.55,1968,140,5,18500,0,0,1
2013,41000,Petrol,Automatic,First,12.37,2359,198.25,5,6000,0,1,1
2012,83678,Diesel,Manual,First,22.32,1582,126.32,5,5500,1,0,1
2010,91000,Petrol,Manual,First,18.9,998,67.1,5,2300,1,1,1
2016,50000,Diesel,Manual,First,24.52,1248,88.5,7,8700,1,0,1
2015,58000,Diesel,Manual,First,24.4,1120,71.01,5,4950,1,0,1
2012,80000,Diesel,Manual,First,22.9,1248,74,5,4250,1,0,1
2017,41290,Diesel,Manual,Second,16,2179,140,7,10940,1,0,0
2013,65000,Diesel,Automatic,First,22.48,1995,190,5,21260,0,0,1
2016,16471,Petrol,Manual,Second,14.28,1798,138.03,5,11500,1,1,0
2015,54339,Diesel,Manual,Second,22.54,1396,88.73,5,6000,1,0,0
2016,24025,Petrol,Manual,First,18.15,1198,82,6,4100,1,1,1
2013,24027,Petrol,Manual,First,24.7,796,47.3,5,2010,1,1,1
2010,59270,Petrol,Manual,First,15.7,1172,67,5,2600,1,1,1
2012,40000,Petrol,Manual,First,18.9,998,67.1,5,2350,1,1,1
2012,155566,Diesel,Manual,Second,9.5,2835,118.6,6,9150,1,0,0
2013,42320,Petrol,Manual,First,19.4,1198,86.8,5,2900,1,1,1
2017,24153,Diesel,Manual,Second,22.54,1396,88.73,5,9180,1,0,0
2016,27000,Petrol,Automatic,First,13,1591,121.3,5,11450,0,1,1
2012,92000,CNG,Manual,Second,26.83,796,38.4,5,2100,1,0,0
2017,61795,Petrol,Manual,First,17.8,1198,86.7,5,5530,1,1,1
2016,13500,Petrol,Manual,First,18.15,1198,82,6,3750,1,1,1
2018,4500,Petrol,Automatic,First,18,1497,117.3,5,12500,0,1,1
2017,23000,Diesel,Automatic,First,16,2179,140,7,15500,0,0,1
2013,80578,Diesel,Automatic,Second,14.84,2143,170,5,14500,0,0,0
2017,42646,Diesel,Automatic,First,19.6,1461,108.45,5,12460,0,0,1
2014,30000,Petrol,Manual,Second,16.47,1198,74,5,5250,1,1,0
2009,98000,Diesel,Automatic,Second,13.5,2987,282,5,25000,0,0,0
2012,50000,Diesel,Automatic,First,12.9,2993,271.23,4,45000,0,0,1
2015,63310,Diesel,Manual,First,28.4,1248,74,5,5100,1,0,1
2014,66000,Diesel,Manual,First,25.8,1498,98.6,5,3500,1,0,1
2011,74000,Diesel,Automatic,Second,16.07,1995,181,5,12500,0,0,0
2012,93000,Diesel,Manual,First,23.5,1396,88.7,5,5550,1,0,1
2015,70000,Diesel,Automatic,First,11.5,2982,169,7,19480,0,0,1
2012,48772,Petrol,Manual,First,18.6,1197,85.8,5,3910,1,1,1
2010,66000,Petrol,Manual,First,18.6,1199,79.4,5,2190,1,1,1
2017,27417,Petrol,Automatic,First,18.9,1197,82,5,6890,0,1,1
2011,51593,Petrol,Manual,Second,15.6,1196,70,5,3470,1,1,0
2010,75000,Petrol,Manual,First,16.1,1298,88.2,5,2850,1,1,1
2016,39237,Diesel,Automatic,First,17.11,1968,174.33,5,25640,0,0,1
2018,11966,Petrol,Manual,First,16.8,1497,116.3,5,10280,1,1,1
2015,37000,Petrol,Manual,First,18.2,1199,88.7,5,6300,1,1,1
2014,70920,Diesel,Manual,First,20.14,1498,88.8,5,4750,1,0,1
2013,65280,Diesel,Manual,First,19.87,1461,83.14,5,5800,1,0,1
2016,62000,Diesel,Automatic,First,12.51,2179,187.7,7,44500,0,0,1
2014,44525,Petrol,Manual,First,18.5,1197,82.9,5,4650,1,1,1
2009,86863,Petrol,Manual,First,17,1497,118,5,3600,1,1,1
2015,102626,Diesel,Manual,First,16,2179,140,7,12250,1,0,1
2017,45000,Diesel,Manual,First,16.3,1956,170,5,20000,1,0,1
2017,22000,Diesel,Manual,First,16,2179,140,7,16000,1,0,1
2011,108905,Diesel,Automatic,Second,11.79,2179,120,8,6210,0,0,0
2016,12800,Petrol,Manual,First,19.44,1198,67,7,3250,1,1,1
2016,32000,Diesel,Manual,First,15.4,2179,120,7,9750,1,0,1
2014,39000,Petrol,Automatic,First,15.5,1198,86.7,5,4450,0,1,1
2017,42000,Diesel,Manual,First,25.6,1498,98.6,5,12000,1,0,1
2008,73000,Petrol,Manual,First,14.4,1396,65,5,800,1,1,1
2018,48000,Diesel,Manual,First,24,1186,73.97,5,5950,1,0,1
2015,18000,CNG,Manual,First,33.44,796,40.3,4,3000,1,0,1
2014,19000,Petrol,Manual,First,17.43,1396,105.5,5,5250,1,1,1
2019,33598,Diesel,Manual,First,13.68,2393,147.8,7,22200,1,0,1
2012,63000,Diesel,Automatic,First,17.05,1995,184,5,13500,0,0,1
2015,48000,Diesel,Automatic,First,16.96,1968,138.03,5,13500,0,0,1
2014,66000,Diesel,Manual,First,20,1399,68.05,5,3470,1,0,1
2013,80000,Diesel,Automatic,Second,11.18,2696,184,7,9500,0,0,0
2011,37000,Petrol,Manual,First,15.04,1598,103.6,5,4800,1,1,1
2016,35058,Petrol,Manual,First,15,1598,103.52,5,6540,1,1,1
2012,52000,Petrol,Manual,First,16.47,1198,73.9,5,3100,1,1,1
2015,61313,Diesel,Manual,First,23.65,1248,88.5,5,7990,1,0,1
2009,45000,Petrol,Manual,Second,14.53,1798,138.1,5,3300,1,1,0
2015,74000,Diesel,Manual,First,20.77,1248,88.8,7,8750,1,0,1
2013,89000,Petrol,Automatic,First,19.2,1197,80,5,4190,0,1,1
2019,13414,Diesel,Automatic,First,17.9,2143,136,5,30770,0,0,1
2006,95000,Petrol,Manual,Second,16.9,1497,100,5,2110,1,1,0
2018,15900,Petrol,Manual,First,18.15,1198,82,6,6250,1,1,1
2011,151000,Diesel,Manual,First,11.5,2982,171,7,11400,1,0,1
2011,65000,Petrol,Manual,First,17,1497,118,5,5200,1,1,1
2017,36824,Diesel,Automatic,First,18.53,1968,187.74,5,39840,0,0,1
2013,65287,Diesel,Manual,First,20,1399,68.05,5,4450,1,0,1
2014,52000,Diesel,Automatic,First,17.9,2143,136,5,19500,0,0,1
2007,33000,Petrol,Manual,First,15.26,1150,74.9,5,1750,1,1,1
2016,71000,Diesel,Manual,First,25.83,1498,99,5,5100,1,0,1
2013,71000,Diesel,Automatic,First,22.7,1582,126.2,5,6800,0,0,1
2016,20000,Petrol,Automatic,First,21.4,1197,83.1,5,5740,0,1,1
2010,71000,Petrol,Manual,First,16.1,1197,85,5,3300,1,1,1
2010,29000,Diesel,Automatic,First,9.9,3498,271.72,4,32000,0,0,1
2016,27000,Diesel,Automatic,First,21.76,1995,190,5,35000,0,0,1
2017,19000,Diesel,Automatic,First,28.4,1248,73.75,5,8900,0,0,1
2011,58000,Petrol,Manual,Second,17.01,1591,121.3,5,4000,1,1,0
2018,42203,Diesel,Manual,First,17.1,1956,170,5,19460,1,0,1
2009,94000,Diesel,Automatic,First,11.4,1991,142,5,5250,0,0,1
2013,52000,CNG,Manual,Second,15.1,1196,73,5,2600,1,0,0
2018,4900,Diesel,Manual,First,21.5,1497,108.5,5,9220,1,0,1
2013,70000,Petrol,Manual,First,21.1,814,55.2,5,1800,1,1,1
2015,65266,Diesel,Automatic,First,14.69,2993,258,5,31750,0,0,1
2014,54569,Diesel,Manual,First,20.77,1248,88.76,7,5990,1,0,1
2015,51361,Petrol,Manual,First,18,1198,86.7,5,4940,1,1,1
2007,125000,Petrol,Manual,Third,16.6,1388,68,5,1500,1,1,0
2008,66000,Petrol,Manual,Third,13.5,1799,130,5,3250,1,1,0
2007,65047,LPG,Manual,First,17.3,1061,57.5,5,1950,1,0,1
2014,22281,Diesel,Manual,First,20.77,1248,88.8,7,6500,1,0,1
2013,63210,Diesel,Manual,First,24,1120,70,5,3710,1,0,1
2018,31000,Petrol,Manual,First,20.14,1197,81.86,5,5000,1,1,1
2008,60000,Petrol,Manual,First,19.81,1086,68.05,5,1990,1,1,1
2017,32006,Petrol,Manual,First,18,1198,86.7,5,4250,1,1,1
2009,78000,Diesel,Automatic,First,12.4,2698,179.5,5,8000,0,0,1
2011,9489,Petrol,Manual,First,20.36,1197,78.9,5,2950,1,1,1
2018,5000,Petrol,Manual,First,25.17,799,53.3,5,3500,1,1,1
2012,60000,Diesel,Automatic,Second,15.2,1968,140.8,5,16000,0,0,0
2015,50000,Petrol,Manual,First,22.74,796,47.3,5,2750,1,1,1
2015,53000,Petrol,Manual,First,17.8,1497,117.3,5,6950,1,1,1
2011,64000,Petrol,Automatic,Second,11.74,1796,186,5,12500,0,1,0
2017,43827,Diesel,Automatic,First,13.22,2967,241.4,5,36830,0,0,1
2011,36431,Petrol,Manual,First,16.2,1199,74,5,2700,1,1,1
2017,35000,Diesel,Manual,First,21.38,1396,88.7,5,9900,1,0,1
2011,94832,Petrol,Manual,First,17,1497,118,5,3830,1,1,1
2012,88381,Petrol,Manual,First,17,1497,118,5,5250,1,1,1
2016,45194,Diesel,Manual,First,22.7,1598,118,5,7750,1,0,1
2010,66000,Petrol,Manual,Second,16.51,1586,103.2,5,2460,1,1,0
2014,38578,Diesel,Manual,First,23.4,1248,74,5,3960,1,0,1
2015,40000,Diesel,Manual,First,20.77,1248,88.8,7,8250,1,0,1
2018,20632,Petrol,Manual,First,18.6,1197,81.83,5,7580,1,1,1
2014,73042,Diesel,Manual,First,24,1120,70,5,3990,1,0,1
2014,54257,Petrol,Manual,First,17.4,1497,117.3,5,6250,1,1,1
2013,93000,Diesel,Manual,First,20.5,1598,103.5,5,5000,1,0,1
2005,102000,Diesel,Automatic,Second,11,2987,198.5,5,4650,0,0,0
2016,28881,Diesel,Automatic,First,13.01,2199,194.3,7,21370,0,0,1
2007,52195,Petrol,Manual,First,19.7,796,46.3,5,1750,1,1,1
2018,20422,Diesel,Manual,First,12.4,2499,134,5,16090,1,0,1
2012,38000,Diesel,Manual,First,24.8,1396,88.7,5,4100,1,0,1
2015,92885,Diesel,Manual,First,20,1399,68,5,3560,1,0,1
2010,43000,Petrol,Manual,Second,17,1497,118,5,4210,1,1,0
2015,57000,Diesel,Manual,First,23.9,1582,126.2,5,6600,1,0,1
2018,32434,Petrol,Automatic,First,13,1591,121.3,5,14350,0,1,1
2017,32000,Diesel,Manual,First,22.7,1498,89.84,5,9500,1,0,1
2011,59000,Diesel,Automatic,First,11.2,2993,241,4,21900,0,0,1
2016,76467,Diesel,Automatic,First,18.12,1995,190,5,30450,0,0,1
2016,100000,Diesel,Manual,First,25.83,1498,99,5,5100,1,0,1
2013,37086,Petrol,Automatic,First,17,1591,121.3,5,5440,0,1,1
2010,135000,Diesel,Manual,First,13.8,1399,68,5,1600,1,0,1
2014,54862,Diesel,Automatic,First,17.68,1968,174.33,5,16670,0,0,1
2012,56200,Petrol,Automatic,First,15,1396,98.6,5,3850,0,1,1
2011,169006,Diesel,Manual,First,14.24,2755,174.5,7,10640,1,0,1
2016,20229,Petrol,Manual,First,25.17,799,53.3,5,3500,1,1,1
2008,62000,Petrol,Manual,Third,18,995,62,5,1100,1,1,0
2011,51500,Petrol,Manual,Second,16.2,1599,103.2,5,2600,1,1,0
2012,69000,Diesel,Automatic,First,18.88,1995,184,5,18500,0,0,1
2015,62476,Diesel,Manual,First,26.59,1248,74,5,7950,1,0,1
2017,60500,Diesel,Manual,First,25.4,1186,73.97,5,5490,1,0,1
2017,17978,Petrol,Automatic,First,19,1199,88.7,5,6950,0,1,1
2008,300000,Diesel,Manual,First,17,1405,70,5,1000,1,0,1
2013,123000,Diesel,Manual,Second,17.8,1399,67,5,4450,1,0,0
2016,45296,Diesel,Manual,First,25.1,1248,88.5,5,6990,1,0,1
2008,77325,Petrol,Manual,First,15.6,1586,104.68,5,3510,1,1,1
2018,25858,Petrol,Automatic,First,21.4,1197,83.1,5,7540,0,1,1
2016,120000,Diesel,Manual,First,23.2,1248,73.94,5,3650,1,0,1
2016,22000,Diesel,Automatic,First,19.5,1582,126.24,5,16000,0,0,1
2012,11000,Petrol,Manual,First,16.2,995,62.1,5,1400,1,1,1
2017,3900,Petrol,Manual,First,18.6,1197,81.83,5,6450,1,1,1
2016,106092,Diesel,Manual,First,24.4,1120,71,5,4400,1,0,1
2015,27000,Petrol,Automatic,First,19,1199,88.7,5,5950,0,1,1
2013,11000,Petrol,Manual,First,19.4,1198,86.8,5,3900,1,1,1
2016,39753,Diesel,Automatic,First,13,2143,201.1,5,35280,0,0,1
2017,39800,Diesel,Manual,First,17.6,2179,153.86,7,14250,1,0,1
2017,73000,Diesel,Manual,First,24.4,1120,71,5,4500,1,0,1
2015,55000,Diesel,Manual,First,22.7,1498,89.84,5,7500,1,0,1
2017,18351,Petrol,Automatic,First,21.9,624,37.48,4,3410,0,1,1
2013,45000,Petrol,Manual,Second,19.4,1198,86.8,5,3250,1,1,0
2016,112200,Diesel,Manual,First,24.52,1248,88.5,7,8300,1,0,1
2010,29000,Petrol,Manual,First,20.36,1197,78.9,5,3450,1,1,1
2015,53392,Diesel,Manual,First,16,2179,140,7,11950,1,0,1
2010,71000,Diesel,Manual,First,20.54,1598,103.6,5,4250,1,0,1
2014,93000,Diesel,Manual,First,14,2179,138.1,7,8250,1,0,1
2010,119000,Petrol,Manual,First,10.2,2354,180,5,5950,1,1,1
2016,42225,Petrol,Manual,First,15.1,1196,73,7,4300,1,1,1
2012,65000,Diesel,Manual,First,22.9,1248,74,5,3900,1,0,1
2016,27809,Petrol,Automatic,First,21.4,1197,83.1,5,6410,0,1,1
2015,65100,Diesel,Manual,First,15.1,2179,140,7,8360,1,0,1
2014,51000,Petrol,Manual,First,19.1,1197,82,5,3850,1,1,1
2017,10000,Diesel,Automatic,First,19.27,2143,167.62,5,36000,0,0,1
2011,54895,Petrol,Manual,First,13.14,1798,160,5,7500,1,1,1
2015,80768,Diesel,Manual,First,20.14,1498,88.73,5,5700,1,0,1
2019,12076,Petrol,Manual,First,20.89,1197,81.8,5,5500,1,1,1
2016,49000,Diesel,Manual,First,25.2,1248,74,5,5900,1,0,1
2015,42366,Petrol,Manual,First,17.8,1497,117.3,5,7750,1,1,1
2010,68000,Diesel,Automatic,First,11.5,2993,235,5,18000,0,0,1
2008,122397,Diesel,Manual,First,17.5,1896,106,5,4400,1,0,1
2017,50534,Petrol,Automatic,First,17.21,1197,103.5,5,8270,0,1,1
2014,55300,Diesel,Manual,First,19.87,1461,83.8,5,4750,1,0,1
2008,73095,Petrol,Automatic,First,16.8,1497,118,5,3800,0,1,1
2011,51100,Diesel,Manual,First,20.54,1598,103.6,5,3400,1,0,1
2016,13436,Petrol,Manual,Second,18.9,1197,82,5,4700,1,1,0
2008,76000,Petrol,Manual,Second,16.6,1388,68,5,1490,1,1,0
2016,63141,Diesel,Manual,Second,24.4,1120,71,5,4500,1,0,0
2014,74885,Diesel,Manual,First,25.8,1498,98.6,5,5400,1,0,1
2016,14000,Petrol,Automatic,First,18,1497,117.3,5,11500,0,1,1
2012,56000,Diesel,Manual,Second,20.4,1461,108.5,5,3500,1,0,0
2010,46000,Diesel,Automatic,First,22.48,1995,190,5,16500,0,0,1
2012,51800,Petrol,Manual,First,15.5,1586,103.3,5,3900,1,1,1
2007,81000,Petrol,Automatic,First,16.4,1497,78,5,3250,0,1,1
2018,17370,Petrol,Manual,First,17,1198,73.75,5,5840,1,1,1
2016,18456,Petrol,Manual,First,17,1198,73.75,5,5750,1,1,1
2010,59000,Diesel,Automatic,First,16.55,1968,140,5,10000,0,0,1
2006,141537,Petrol,Manual,Second,18.9,998,67.1,5,1050,1,1,0
2013,51000,Diesel,Automatic,First,19.08,1582,126.32,5,5640,0,0,1
2019,29311,Diesel,Automatic,First,17.9,2143,170,5,50970,0,0,1
2016,31000,Diesel,Automatic,First,21.76,1995,190,5,29950,0,0,1
2014,80000,Diesel,Manual,Second,24.2,1498,98.6,7,4850,1,0,0
2016,33000,Diesel,Automatic,First,17.01,1582,126.2,5,14500,0,0,1
2011,71556,Petrol,Manual,First,17,1497,118,5,5500,1,1,1
2011,85000,Diesel,Manual,First,17.8,1399,68,5,3200,1,0,1
2016,91000,Diesel,Manual,First,26.59,1248,74,5,4500,1,0,1
2015,73187,Diesel,Automatic,First,13,2143,204,5,30720,0,0,1
2009,232000,Diesel,Manual,First,11.5,1991,147.9,7,3500,1,0,1
2007,127079,Diesel,Manual,First,12.8,2494,102,7,6990,1,0,1
2014,58816,Diesel,Manual,First,17.21,1493,100,7,3450,1,0,1
2015,63818,Petrol,Manual,First,17.4,1497,117.3,5,6570,1,1,1
2014,40000,Diesel,Automatic,First,17.11,1968,174.33,5,17500,0,0,1
2013,77445,Diesel,Manual,First,22.07,1199,73.9,5,3750,1,0,1
2017,14000,Petrol,Automatic,First,14.8,1497,121.36,5,9990,0,1,1
2012,85122,Diesel,Manual,First,12.99,2494,100,7,8200,1,0,1
2005,123000,Petrol,Manual,Third,13,1493,100,5,1100,1,1,0
2015,61000,CNG,Manual,First,22.1,1586,85.7,5,3890,1,0,1
2015,63714,Petrol,Manual,First,24.7,796,47.3,5,2450,1,1,1
2009,53000,Diesel,Automatic,First,8.7,2987,224.34,5,13750,0,0,1
2017,60000,Diesel,Manual,First,26.59,1248,74,5,3000,1,0,1
2017,33000,Diesel,Manual,First,24.3,1248,88.5,5,9250,1,0,1
2013,31000,Diesel,Automatic,First,13.2,2400,215,5,17650,0,0,1
2014,79000,Diesel,Automatic,First,12.55,2982,168.5,7,18250,0,0,1
2013,67914,Diesel,Manual,First,23,1396,90,5,3450,1,0,1
2015,58970,Diesel,Automatic,First,17.11,1968,174.33,5,23750,0,0,1
2013,60000,Diesel,Manual,Second,19.64,1461,108.5,5,5450,1,0,0
2017,35225,Petrol,Automatic,First,23.1,998,67.04,5,5250,0,1,1
2012,62282,Petrol,Automatic,First,16.95,1197,78.9,5,2900,0,1,1
2010,80000,Diesel,Automatic,First,22.69,1995,190,5,14200,0,0,1
2018,43698,Petrol,Manual,First,18.9,1197,82,5,5800,1,1,1
2017,28052,Petrol,Automatic,First,18.9,1197,82,5,7220,0,1,1
2016,29091,Petrol,Manual,First,18.9,1197,81.86,5,4870,1,1,1
2013,63000,Petrol,Manual,First,16.47,1198,74,5,3300,1,1,1
2007,91000,Petrol,Manual,Second,17.7,1497,78,5,3000,1,1,0
2014,30000,Diesel,Automatic,First,17.9,2143,136,5,26000,0,0,1
2017,24571,Petrol,Manual,First,14,796,35,5,2900,1,1,1
2014,45000,Petrol,Automatic,First,15.74,1591,121.3,5,7500,0,1,1
2015,24617,Petrol,Manual,First,22.74,796,47.3,5,2360,1,1,1
2017,26927,Diesel,Manual,First,24.3,1248,88.5,5,11390,1,0,1
2013,87736,Diesel,Manual,First,15.1,2179,140,7,7020,1,0,1
2016,35299,Diesel,Manual,First,24.3,1248,88.5,5,8000,1,0,1
2017,51612,Petrol,Manual,First,18.6,1197,81.83,5,7110,1,1,1
1998,55300,Diesel,Automatic,First,10,1796,157.7,5,3900,0,0,1
2009,65090,Petrol,Manual,First,19.7,796,46.3,5,2150,1,1,1
2013,40000,Petrol,Manual,First,18,1198,86.7,5,3250,1,1,1
2015,38467,Diesel,Automatic,First,12.65,2993,255,5,70660,0,0,1
2013,71904,Diesel,Manual,First,24,1120,70,5,4610,1,0,1
2008,87000,Petrol,Manual,First,13.5,1799,130,5,2350,1,1,1
2014,33000,Diesel,Manual,Second,24,1120,70,5,4050,1,0,0
2009,22100,Petrol,Manual,Second,16.1,796,37,4,800,1,1,0
2014,59589,Diesel,Manual,First,23.59,1364,67.1,5,5600,1,0,1
2015,44000,Diesel,Manual,First,22.54,1396,88.73,5,5350,1,0,1
2017,12000,Petrol,Manual,First,24.07,998,67.1,5,3250,1,1,1
2012,66000,Diesel,Automatic,Second,17.05,1995,184,5,11500,0,0,0
2016,38009,Petrol,Automatic,First,23.1,998,67.04,5,4250,0,1,1
2009,35000,Petrol,Automatic,Second,13.7,1798,157.75,5,4450,0,1,0
2009,70000,Diesel,Manual,First,14,2498,112,7,2850,1,0,1
2014,86000,Diesel,Manual,First,15.1,2179,140,7,7850,1,0,1
2016,32000,Petrol,Manual,First,19.1,1197,85.8,5,5300,1,1,1
2017,15000,Petrol,Manual,First,18.88,999,123.24,5,8000,1,1,1
2014,69918,Diesel,Manual,First,21.43,1364,87.2,5,9430,1,0,1
2012,39000,Petrol,Manual,First,18.5,1197,80,5,2750,1,1,1
2018,1011,Diesel,Manual,First,20.37,1461,108.45,5,13500,1,0,1
2009,85000,Diesel,Automatic,First,11,2987,198.5,5,9990,0,0,1
2017,46663,Petrol,Manual,First,21.1,998,100,5,6950,1,1,1
2015,27000,Petrol,Automatic,First,17.97,1498,99.6,5,6750,0,1,1
2015,15000,Petrol,Automatic,First,18.9,1197,82,5,5500,0,1,1
2018,10575,Petrol,Manual,First,21.56,1462,103.25,5,9180,1,1,1
2014,12500,Petrol,Manual,First,19.1,1197,82,5,4150,1,1,1
2012,52000,Diesel,Manual,First,22.32,1582,126.32,5,6500,1,0,1
2015,49818,Petrol,Manual,First,21.5,1197,81.8,5,4110,1,1,1
2008,90000,Diesel,Manual,Second,16.8,1493,110,5,2250,1,0,0
2015,52207,Petrol,Manual,First,17.71,1197,78.9,5,4560,1,1,1
2013,167362,Diesel,Manual,First,11.68,2498,112,7,4000,1,0,1
2015,49894,Diesel,Manual,First,23.59,1364,67.06,5,5270,1,0,1
2019,13024,Diesel,Manual,First,18.06,2523,63,7,9110,1,0,1
2010,128000,Diesel,Manual,Second,14.42,1995,147.6,5,6200,1,0,0
2017,26023,Diesel,Automatic,First,11.36,2755,171.5,7,19970,0,0,1
2016,42784,Diesel,Manual,First,21.38,1396,88.7,5,10170,1,0,1
2014,115000,Diesel,Manual,First,28.4,1248,74,5,4500,1,0,1
2019,30529,Diesel,Manual,First,23.9,1582,126.2,5,14280,1,0,1
2012,14814,Petrol,Manual,Second,19.7,796,46.3,5,2470,1,1,0
2016,58000,Diesel,Manual,First,23.65,1248,88.5,5,7900,1,0,1
2011,68128,Petrol,Manual,First,21.1,814,55.2,5,2300,1,1,1
2013,63220,Petrol,Manual,First,13.24,1598,102.5,5,6500,1,1,1
2016,30000,Petrol,Manual,First,21.1,814,55.2,5,3250,1,1,1
2017,27768,Diesel,Manual,First,20.65,1248,88.7,5,5850,1,0,1
2014,53000,Diesel,Automatic,Second,14.21,2143,203,5,29000,0,0,0
2014,87652,Diesel,Automatic,Second,14.16,1968,174.3,5,25710,0,0,0
2008,94873,Petrol,Manual,Second,15.3,1596,101,5,1850,1,1,0
2015,56000,Diesel,Automatic,First,18.88,1995,184,5,22750,0,0,1
2018,18678,Petrol,Manual,First,21.1,998,100,5,8320,1,1,1
2014,30000,Diesel,Automatic,First,14.21,2143,203,5,26000,0,0,1
2013,59000,Petrol,Manual,First,20.36,1197,78.9,5,3450,1,1,1
2017,13000,Petrol,Manual,First,18.9,1197,82,5,5150,1,1,1
2014,74325,Petrol,Manual,First,19.4,1198,86.8,5,3510,1,1,1
2015,45000,Diesel,Manual,First,21.9,1396,88.76,5,3450,1,0,1
2013,57000,Petrol,Manual,First,16.47,1198,73.9,5,3750,1,1,1
2001,125943,Petrol,Manual,Second,13,1493,100,5,1450,1,1,0
2008,80000,Diesel,Manual,First,18.7,1896,66,5,2200,1,0,1
2010,154000,Diesel,Manual,First,13.1,2499,141,7,7990,1,0,1
2013,62000,Diesel,Manual,Second,18.3,1991,147.9,5,6750,1,0,0
2014,45000,Diesel,Manual,First,24.2,1498,98.6,7,5000,1,0,1
2012,105000,Diesel,Manual,Second,20.77,1248,88.76,7,5900,1,0,0
2013,26000,Petrol,Manual,First,18.9,1197,82,5,3750,1,1,1
2014,30900,Diesel,Automatic,First,14.74,2993,270.9,5,29500,0,0,1
2014,48000,Petrol,Manual,First,18,1198,86.7,5,4750,1,1,1
2011,112719,Diesel,Automatic,First,12.4,2698,179.5,5,11500,0,0,1
2017,5000,Petrol,Manual,First,18.6,1197,81.83,5,6950,1,1,1
2016,16000,Petrol,Manual,First,17,1198,73.75,5,5400,1,1,1
2011,63000,Petrol,Automatic,First,13.4,1997,135.1,5,4750,0,1,1
2011,28300,Petrol,Manual,First,24.07,998,67.1,5,2150,1,1,1
2005,49000,Petrol,Manual,First,19.7,796,46.3,5,900,1,1,1
2016,12501,Petrol,Manual,First,20.51,998,67.04,5,3500,1,1,1
2016,56628,Diesel,Manual,First,20.4,1248,92,5,5850,1,0,1
2010,105000,Diesel,Manual,First,19.3,1248,73.9,5,3150,1,0,1
2016,52126,Diesel,Manual,First,21.64,1461,84.8,5,6000,1,0,1
2010,38000,Petrol,Manual,First,18.5,1197,80,5,2230,1,1,1
2016,50000,Petrol,Manual,First,19.1,1197,82,5,2500,1,1,1
2015,50230,Petrol,Manual,First,18.9,998,67.1,5,3870,1,1,1
2014,31000,Diesel,Manual,First,15.1,2179,140,7,9500,1,0,1
2014,79000,Diesel,Automatic,First,12.55,2982,168.5,7,17750,0,0,1
2012,130000,Diesel,Manual,First,19.64,1461,108.45,5,3750,1,0,1
2010,115000,Petrol,Manual,Second,17.92,1086,62.1,5,1500,1,1,0
2013,41500,Petrol,Manual,Second,17.01,1591,121.3,5,5000,1,1,0
2014,54385,Diesel,Automatic,Second,15.06,1995,177,5,17000,0,0,0
2011,56361,Petrol,Automatic,First,12.9,1799,130,5,4380,0,1,1
2018,22000,Petrol,Automatic,First,15.26,1798,187.74,5,41500,0,1,1
2017,8000,Petrol,Manual,First,20.51,998,67.04,5,3000,1,1,1
2018,28741,Diesel,Manual,First,24.3,1248,88.5,5,11000,1,0,1
2012,117236,Diesel,Automatic,Second,11.8,2720,190,7,14000,0,0,0
2016,30500,Diesel,Automatic,First,26.59,1248,74,5,7650,0,0,1
2018,5000,Petrol,Manual,First,17,1591,121.3,5,8700,1,1,1
2016,42000,Diesel,Manual,First,25.47,1248,88.5,7,9900,1,0,1
2010,32773,Petrol,Manual,First,13.2,1495,94,5,2050,1,1,1
2016,19008,Petrol,Manual,First,17,1197,80,5,5250,1,1,1
2012,32542,Petrol,Manual,First,17,1591,121.3,5,5770,1,1,1
2010,94753,Petrol,Manual,First,19.7,796,46.3,5,1950,1,1,1
2011,70000,Diesel,Manual,Second,12.05,2179,120,8,7450,1,0,0
2012,68347,Petrol,Manual,First,18.9,998,67.1,5,2600,1,1,1
2011,72000,Petrol,Manual,Second,17,1197,80,5,3250,1,1,0
2010,75014,Diesel,Manual,First,21.1,1248,73.9,5,3850,1,0,1
2013,65000,Diesel,Automatic,Second,13.73,1995,148,5,7500,0,0,0
2012,55598,Diesel,Automatic,First,22.69,1995,190,5,11500,0,0,1
2013,50000,Petrol,Manual,First,19.4,1198,86.8,5,3250,1,1,1
2003,44200,Petrol,Manual,Second,11.7,1997,134,5,1500,1,1,0
2014,65000,Diesel,Manual,First,19.3,1248,73.9,5,5310,1,0,1
2013,49000,Diesel,Manual,First,16,2179,140,7,9000,1,0,1
2016,7200,Petrol,Manual,First,19.81,1086,68.05,5,3590,1,1,1
2016,43152,Petrol,Manual,First,20.73,1373,91.1,5,7350,1,1,1
2013,112000,Diesel,Manual,First,12.8,2494,102,8,12000,1,0,1
2017,23540,Petrol,Manual,First,18.9,1197,82,5,6020,1,1,1
2008,82160,Diesel,Manual,First,16.52,1991,123.7,5,2570,1,0,1
2013,57000,Diesel,Manual,First,12.83,2696,162,7,12450,1,0,1
2015,39335,Diesel,Manual,First,15.1,2179,140,7,12630,1,0,1
2014,62000,Petrol,Manual,Second,17.4,1497,117.3,5,7750,1,1,0
2014,60000,Diesel,Manual,First,22.7,1498,89.84,5,5500,1,0,1
2015,35000,Petrol,Manual,First,18.6,1197,81.83,5,4430,1,1,1
2016,32345,Diesel,Automatic,First,17.9,2143,136,5,24510,0,0,1
2014,47000,Petrol,Manual,First,22,814,55,5,2650,1,1,1
2012,65537,CNG,Manual,Second,33.44,796,40.3,4,2100,1,0,0
2011,36000,Petrol,Manual,First,17.6,1496,88.7,5,3200,1,1,1
2016,75000,Diesel,Manual,First,23.4,1248,74,5,4250,1,0,1
2008,38000,Petrol,Manual,First,19.7,796,46.3,5,1100,1,1,1
2015,57818,Petrol,Manual,First,23.1,998,67.04,5,4300,1,1,1
2015,45000,Diesel,Manual,First,22.7,1498,89.84,5,8900,1,0,1
2015,75055,Diesel,Manual,First,19.01,1461,108.5,5,6500,1,0,1
2009,65462,Petrol,Automatic,Third,11.1,2354,142,5,3500,0,1,0
2008,76206,Diesel,Manual,First,17.8,1248,75,5,4250,1,0,1
2018,25948,Diesel,Automatic,First,16,2179,140,7,16460,0,0,1
2016,28500,Petrol,Manual,First,18.7,1199,88.7,5,5950,1,1,1
2015,28004,Petrol,Manual,First,17.8,1497,117.3,5,7100,1,1,1
2011,25000,Petrol,Manual,Second,15.7,1172,67,5,1250,1,1,0
2013,82543,Petrol,Manual,First,16.02,1373,93.7,7,5500,1,1,1
2013,30000,Petrol,Manual,First,18.44,1198,75,5,3250,1,1,1
2010,27800,Petrol,Manual,First,17,1497,118,5,5000,1,1,1
2016,33415,Petrol,Manual,First,16.78,1496,88.73,5,6580,1,1,1
2013,38000,Diesel,Automatic,First,18.88,1995,184,5,19500,0,0,1
2017,41981,Petrol,Manual,First,18.7,1199,88.7,5,6140,1,1,1
2013,77084,Diesel,Manual,First,28.4,1248,73.75,5,4950,1,0,1
2013,71803,Diesel,Manual,First,20.5,1598,103.5,5,5750,1,0,1
2013,73314,Diesel,Manual,First,15.1,2179,140,7,6600,1,0,1
2015,69053,Petrol,Automatic,First,18.9,1197,82,5,5720,0,1,1
2009,79782,Petrol,Manual,Second,17,1497,118,5,2600,1,1,0
2010,250000,Diesel,Manual,Second,12.8,2494,102,7,6500,1,0,0
2011,90000,Diesel,Manual,Second,15.1,2179,140,7,6100,1,0,0
2010,130000,Diesel,Manual,First,19.3,1248,73.9,5,3850,1,0,1
2013,65000,Petrol,Manual,Second,15.04,1598,103.6,5,4500,1,1,0
2013,76000,Diesel,Automatic,Second,16.55,1968,147.51,5,18250,0,0,0
2012,28002,Petrol,Manual,First,16.02,1373,93.7,7,5750,1,1,1
2010,63000,CNG,Manual,Second,14.53,1798,138,5,3350,1,0,0
2010,70000,Petrol,Manual,Second,16.1,796,37,4,900,1,1,0
2011,66276,Petrol,Manual,First,17,1497,118,5,5500,1,1,1
2014,45000,Petrol,Manual,First,19.1,1197,85.8,5,3990,1,1,1
2014,67000,Petrol,Automatic,First,19.16,2494,158.2,5,18750,0,1,1
2014,43068,Diesel,Manual,First,24,1120,70,5,3500,1,0,1
2016,40000,Diesel,Automatic,First,11.36,2755,171.5,8,16450,0,0,1
2011,50436,Petrol,Manual,First,20.36,1197,78.9,5,3650,1,1,1
2014,21000,Petrol,Automatic,First,18.9,1197,82,5,5400,0,1,1
2018,2000,Diesel,Manual,First,27.39,1248,74,5,8700,1,0,1
2016,14500,Petrol,Automatic,First,14.67,1798,177.46,5,20750,0,1,1
2010,68782,Diesel,Automatic,First,14.84,2143,170,5,12500,0,0,1
2011,35888,Diesel,Manual,First,21.1,1248,73.9,5,1890,1,0,1
2015,168205,Diesel,Manual,First,23.4,1248,74,5,4000,1,0,1
2012,47000,Petrol,Manual,First,14.8,1799,130.2,5,3950,1,1,1
2015,93700,Diesel,Manual,First,24.52,1248,88.5,7,7850,1,0,1
2014,45000,Diesel,Manual,First,22.7,1582,126.24,5,7000,1,0,1
2016,55547,Diesel,Automatic,First,12.55,2982,168.5,7,24990,0,0,1
2013,69000,Petrol,Automatic,First,17.21,1197,103.6,5,4500,0,1,1
2005,88000,Diesel,Manual,Third,18.7,1896,66,5,1250,1,0,0
2014,32400,Diesel,Manual,First,20.14,1498,88.8,5,3950,1,0,1
2012,79000,Petrol,Manual,Second,17.92,1086,62.1,5,1600,1,1,0
2004,110000,Petrol,Manual,First,13.2,1495,94,5,600,1,1,1
2014,45407,Petrol,Manual,Second,21.1,814,55.2,5,3390,1,1,0
2011,136490,Diesel,Manual,First,12.8,2494,102,7,9800,1,0,1
2017,19000,Diesel,Manual,First,26.8,1248,74,5,5910,1,0,1
2017,19416,Petrol,Manual,First,21.56,1462,103.25,5,8250,1,1,1
2012,15500,Petrol,Manual,First,17.5,1298,85.8,5,3750,1,1,1
2017,12538,Petrol,Automatic,First,18,1497,117.3,5,12500,0,1,1
2015,44328,Petrol,Manual,First,19.4,1198,86.8,5,3800,1,1,1
2014,63000,Diesel,Manual,First,23.59,1364,67.04,5,4350,1,0,1
2015,100000,Diesel,Automatic,First,13.5,2400,215,5,32500,0,0,1
2015,103000,Petrol,Manual,First,15.64,1193,64.08,5,3000,1,1,1
2016,50296,Diesel,Automatic,Second,11.36,2755,171.5,7,19000,0,0,0
2013,95500,Diesel,Manual,First,20.54,1598,103.6,5,5000,1,0,1
2014,72100,Diesel,Manual,First,22.7,1498,89.84,5,5450,1,0,1
2010,19119,Petrol,Manual,First,18.9,998,67.1,5,2700,1,1,1
2006,30000,Petrol,Manual,First,13,2987,210,5,10750,1,1,1
2015,75600,Diesel,Manual,First,20.14,1498,88.8,5,5800,1,0,1
2007,137000,Petrol,Manual,Second,15.3,1193,65.3,5,950,1,1,0
2002,53500,Petrol,Manual,Second,16.1,796,37,4,630,1,1,0
2018,26101,Diesel,Manual,First,17.1,1956,170,5,17550,1,0,1
2016,7000,Petrol,Manual,First,24.07,998,67.1,5,3000,1,1,1
2013,50000,Diesel,Automatic,First,19.3,1968,141,5,15000,0,0,1
2016,30000,Diesel,Manual,First,26.59,1248,74,5,6000,1,0,1
2016,38151,Diesel,Manual,First,28.09,1248,88.5,5,7650,1,0,1
2009,116000,Diesel,Manual,Second,15.8,2148,170,5,8500,1,0,0
2013,22000,Diesel,Manual,First,20,1399,68,5,2250,1,0,1
2010,60000,Petrol,Automatic,Second,14.53,1798,138.1,5,4650,0,1,0
2016,38000,Diesel,Manual,First,22.7,1598,118,5,7850,1,0,1
2011,51928,Petrol,Manual,First,15.6,1196,70,5,3460,1,1,1
2018,3000,Petrol,Automatic,First,19,1199,88.7,5,8250,0,1,1
2006,67196,Petrol,Manual,First,17.3,993,60,5,1250,1,1,1
2012,100000,Diesel,Manual,Third,11.5,2982,171,7,16000,1,0,0
2015,65218,Diesel,Manual,First,26.21,1248,88.5,5,7400,1,0,1
2016,53886,Petrol,Manual,First,25.17,799,53.3,5,3070,1,1,1
2011,50058,Petrol,Automatic,First,19.2,1197,80,5,3840,0,1,1
2016,64000,Petrol,Automatic,First,23.1,998,67.04,5,4200,0,1,1
2018,41641,Diesel,Manual,First,21.38,1396,88.7,5,10820,1,0,1
2016,44345,Diesel,Manual,First,27.3,1498,98.6,5,6100,1,0,1
2011,45501,Petrol,Manual,First,17,1497,118,5,3100,1,1,1
2001,104000,Petrol,Manual,Third,13.7,1468,85.8,5,1000,1,1,0
2012,50297,Petrol,Manual,First,16.95,1498,97.6,5,4690,1,1,1
2011,87000,Petrol,Automatic,First,11.7,2354,177.6,5,5400,0,1,1
2016,120000,Diesel,Manual,First,15.1,2179,140,7,12000,1,0,1
2018,17000,Petrol,Manual,First,18.6,1197,81.83,5,6500,1,1,1
2014,100000,Diesel,Manual,First,23.08,1461,63.1,5,3000,1,0,1
2015,50979,Petrol,Automatic,First,19.12,1373,91.1,5,6900,0,1,1
2011,41000,Diesel,Manual,First,20.54,1598,103.6,5,4000,1,0,1
2011,24000,Petrol,Manual,First,17,1197,80,5,4250,1,1,1
2008,44738,Petrol,Manual,First,14.53,1798,138.1,5,5100,1,1,1
2014,37298,Diesel,Manual,First,25.1,1498,98.6,5,4900,1,0,1
2014,42000,Petrol,Manual,Second,20.4,1197,81.8,5,3600,1,1,0
2016,45000,Diesel,Automatic,First,14.21,2143,203,5,34000,0,0,1
2015,102000,Diesel,Manual,First,12.99,2494,100.6,7,8250,1,0,1
2011,70000,Petrol,Manual,First,16.1,1298,88.2,5,1300,1,1,1
2018,27467,Diesel,Automatic,First,19.27,2143,167.62,5,39050,0,0,1
2015,15305,Petrol,Manual,First,18.9,1197,82,5,3750,1,1,1
2010,70000,Petrol,Manual,First,18.9,998,67.1,5,2100,1,1,1
2016,36778,Diesel,Manual,First,22.77,1498,98.59,5,8800,1,0,1
2015,25845,Petrol,Manual,First,16.47,1198,74,5,5840,1,1,1
2018,33858,Petrol,Automatic,First,17.01,1591,121.3,5,9030,0,1,1
2017,12000,Petrol,Automatic,Second,24.04,999,67,5,3250,0,1,0
2013,33709,Petrol,Automatic,First,16.5,1198,86.8,5,4900,0,1,1
2018,32709,Petrol,Manual,First,18.16,1196,86.8,5,6460,1,1,1
2014,72000,Diesel,Manual,Second,11.5,2982,171,7,18500,1,0,0
2013,31000,Diesel,Manual,First,25,1396,69.01,5,2700,1,0,1
2016,70000,Diesel,Manual,First,25.83,1498,99,5,4600,1,0,1
2014,61000,Diesel,Manual,First,23.4,1248,74,5,5350,1,0,1
2011,72000,Diesel,Manual,First,23.08,1461,63.1,5,2300,1,0,1
2016,49000,Diesel,Automatic,First,19.3,1968,141,5,15450,0,0,1
2014,42939,Diesel,Automatic,First,16.96,1968,138.03,5,12490,0,0,1
2016,32545,Diesel,Automatic,First,12.07,2967,241.4,7,48760,0,0,1
2011,54000,Petrol,Manual,First,17,1197,80,5,3200,1,1,1
2012,76000,Diesel,Automatic,First,16.07,1995,181,4,8750,0,0,1
2015,27000,Diesel,Manual,First,21.19,1396,88.73,5,5990,1,0,1
2005,120000,Diesel,Manual,Second,12.7,2609,116.6,8,2900,1,0,0
2011,37000,Diesel,Manual,First,20,1399,68.05,5,1800,1,0,1
2012,42000,Petrol,Manual,First,9.8,2354,180,5,6250,1,1,1
2013,60000,Diesel,Manual,First,21.9,1396,88.76,5,5450,1,0,1
2018,3000,Diesel,Automatic,First,16.36,2179,187.7,5,52500,0,0,1
2013,44000,Petrol,Automatic,First,17.1,1591,121.4,5,5600,0,1,1
2014,37000,Petrol,Manual,First,17.4,1497,117.3,5,6450,1,1,1
2012,50000,Petrol,Manual,First,18.5,1197,82.85,5,3700,1,1,1
2013,58581,Petrol,Manual,First,19.4,1198,86.8,5,3490,1,1,1
2013,25500,Diesel,Manual,First,21.9,1396,88.76,5,3550,1,0,1
2017,25000,Petrol,Manual,First,10.4,2393,163.5,5,9000,1,1,1
2011,53766,Petrol,Manual,First,19,998,66.1,5,2700,1,1,1
2006,68000,Petrol,Manual,First,19.7,796,46.3,5,1500,1,1,1
2017,40000,Diesel,Manual,First,16,2179,140,7,15900,1,0,1
2013,73212,Diesel,Manual,First,22.9,1248,74,5,5200,1,0,1
2014,69000,Diesel,Automatic,First,17.05,1995,184,5,16250,0,0,1
2007,61932,Diesel,Automatic,Second,14.3,1968,140,5,3310,0,0,0
2012,52000,Diesel,Automatic,First,16.09,1995,184,5,24000,0,0,1
2011,150000,Petrol,Manual,First,18.5,1197,85.8,5,2500,1,1,1
2013,70933,Diesel,Manual,Second,21.9,1396,88.76,5,3900,1,0,0
2013,115195,Diesel,Manual,First,25.2,1248,74,5,3850,1,0,1
2011,62148,Petrol,Manual,First,11.7,1796,178,5,8800,1,1,1
2009,32000,Petrol,Manual,Second,14.28,1798,138.03,5,4950,1,1,0
2014,58000,Diesel,Manual,First,22.32,1582,126.32,5,5750,1,0,1
2014,68598,Diesel,Manual,First,19.01,1461,108.45,5,6170,1,0,1
2010,84072,Diesel,Manual,First,17.8,1248,75,5,3450,1,0,1
2016,51264,Petrol,Manual,First,24.07,998,67.1,5,3200,1,1,1
2017,21363,Petrol,Automatic,First,13,1591,121.3,5,13490,0,1,1
2016,40000,Petrol,Automatic,First,15.04,1991,183,5,24500,0,1,1
2015,35000,Petrol,Automatic,First,10.1,2354,152,5,14700,0,1,1
2014,55000,Diesel,Manual,First,22.7,1498,89.84,5,6000,1,0,1
2016,43252,Diesel,Automatic,First,13,2143,204,5,34180,0,0,1
2014,42000,Diesel,Manual,First,24,1120,70,5,3500,1,0,1
2006,69000,Petrol,Manual,First,16.6,1388,68,5,2150,1,1,1
2018,14000,Diesel,Automatic,First,17.6,1582,126.2,5,11250,0,0,1
2010,70000,Petrol,Manual,First,19,998,66.1,5,2000,1,1,1
2015,35314,Diesel,Manual,First,23.2,1248,73.94,5,4270,1,0,1
2017,38691,Petrol,Manual,First,17.8,1497,117.3,5,7680,1,1,1
2017,72717,Diesel,Manual,First,12.99,2494,100.6,7,14520,1,0,1
2011,82000,Petrol,Automatic,Second,11.8,3498,272,7,16850,0,1,0
2015,44000,Diesel,Manual,First,21.14,1498,103.52,5,5750,1,0,1
2017,27000,Petrol,Manual,First,15.8,1499,110,5,8300,1,1,1
2014,18500,Petrol,Automatic,First,23.1,998,67.04,5,3950,0,1,1
2014,45000,Petrol,Manual,First,15.04,1598,103.6,5,4800,1,1,1
2011,173000,Diesel,Automatic,First,13.5,2400,215,5,12000,0,0,1
2017,42000,Diesel,Manual,First,23.59,1364,67.04,5,6250,1,0,1
2012,90000,Diesel,Manual,First,19.4,1405,70,5,2500,1,0,1
2014,82329,Petrol,Automatic,First,18,1497,117.3,5,7500,0,1,1
2010,80302,Petrol,Manual,First,17,1497,118,5,3500,1,1,1
2005,105000,Diesel,Manual,First,18.7,1896,66,5,1990,1,0,1
2009,60000,Petrol,Manual,First,14.53,1798,138,5,2250,1,1,1
2014,70000,Petrol,Manual,First,16.78,1496,88.73,5,3250,1,1,1
2016,45000,Diesel,Automatic,First,17.05,1995,184,5,28500,0,0,1
2006,44000,Petrol,Automatic,First,16.4,1497,78,5,1500,0,1,1
2017,25500,Diesel,Manual,First,22.54,1396,88.73,5,7000,1,0,1
2014,68000,Diesel,Automatic,First,13,2987,261.5,5,27500,0,0,1
2015,61786,Diesel,Manual,First,19.67,1582,126.2,5,10500,1,0,1
2014,65000,Diesel,Automatic,Second,15.73,1968,174.33,5,21500,0,0,0
2016,77000,Diesel,Automatic,First,12.63,2179,147.5,5,35000,0,0,1
2015,34000,Diesel,Automatic,First,21.66,1498,103.52,5,7990,0,0,1
2015,59751,Petrol,Automatic,First,23.1,998,67.04,5,4880,0,1,1
2013,23312,Petrol,Automatic,First,11.05,2894,444,4,40500,0,1,1
2015,30000,Petrol,Manual,First,20.73,1373,91.1,5,6550,1,1,1
2015,60146,Diesel,Automatic,First,14.16,1968,174.3,5,29640,0,0,1
2013,44731,Diesel,Manual,Second,20,1399,68,5,4340,1,0,0
2014,43316,Petrol,Manual,First,18.88,999,123.37,5,6220,1,1,1
2009,92000,Petrol,Manual,Second,17,1497,118,5,2250,1,1,0
2015,50000,Diesel,Automatic,First,16.36,2179,187.7,5,38000,0,0,1
2008,69000,Petrol,Manual,Second,20.4,1197,81.8,5,2150,1,1,0
2014,60280,Diesel,Automatic,First,22.48,1995,190,5,22450,0,0,1
2017,48161,Diesel,Automatic,First,15,2143,107.3,5,20870,0,0,1
2013,41000,Petrol,Manual,First,19.4,1198,86.8,5,3100,1,1,1
2016,6000,Petrol,Manual,First,18.6,1197,81.83,5,5950,1,1,1
2006,133000,Diesel,Manual,Second,16.8,1405,68,5,860,1,0,0
2010,76000,Diesel,Manual,First,11.5,2982,171,7,9250,1,0,1
2011,15590,Petrol,Manual,First,19.81,1086,68.05,5,2250,1,1,1
2016,69681,Petrol,Manual,First,17,1197,80,5,6130,1,1,1
2014,49112,Petrol,Automatic,Second,15.5,1198,86.7,5,3790,0,1,0
2017,25000,Diesel,Automatic,First,13.33,2993,255,5,160000,0,0,1
2013,15200,Petrol,Automatic,Second,16.95,1197,78.9,5,3850,0,1,0
2013,86300,Diesel,Manual,First,22.07,1199,73.9,5,4500,1,0,1
2018,26731,Petrol,Manual,First,21.1,998,100,5,8610,1,1,1
2016,74000,Diesel,Manual,First,21.9,1396,88.76,5,6500,1,0,1
2005,83929,Petrol,Automatic,First,11.3,1794,125,5,2600,0,1,1
2015,65000,Diesel,Manual,First,12.99,2494,100.6,7,15000,1,0,1
2017,20000,Petrol,Automatic,First,23.1,998,67.04,5,4700,0,1,1
2015,122086,Diesel,Automatic,First,19.3,1968,141,5,12990,0,0,1
2018,35442,Petrol,Manual,First,17.3,1497,117.3,7,7320,1,1,1
2015,62542,Diesel,Manual,Second,23.9,1582,126.2,5,6500,1,0,0
2012,26671,Petrol,Manual,Second,17,1497,118,5,5670,1,1,0
2014,83500,Diesel,Manual,Second,19.68,1399,67,5,3000,1,0,0
2015,46166,Diesel,Manual,Second,26.21,1248,88.5,5,5500,1,0,0
2015,25200,Petrol,Manual,First,18.9,998,67.1,5,3350,1,1,1
2015,35463,Diesel,Automatic,First,14.94,2967,241.4,5,25020,0,0,1
2017,23249,Petrol,Automatic,First,19.16,2487,175.67,5,26110,0,1,1
2016,40310,Petrol,Manual,First,18.6,1197,81.83,5,7090,1,1,1
2012,82069,CNG,Manual,First,21.4,1586,103.3,5,2650,1,0,1
2018,10000,Petrol,Manual,First,18.9,1197,81.86,5,6500,1,1,1
2012,94000,Diesel,Manual,First,22.07,1199,73.9,5,4500,1,0,1
2016,45000,Diesel,Automatic,First,15.97,2993,258,5,57000,0,0,1
2012,52818,Petrol,Manual,First,16.47,1198,73.9,5,3820,1,1,1
2013,61238,Diesel,Manual,First,20.45,1461,83.8,5,5250,1,0,1
2016,54253,Petrol,Automatic,First,14.67,1798,177.46,5,16810,0,1,1
2013,71000,Diesel,Automatic,First,14.16,1968,174.3,5,21500,0,0,1
2017,20000,Diesel,Manual,First,27.39,1248,74,5,8500,1,0,1
2013,75000,Petrol,Manual,First,16.47,1198,73.9,5,3250,1,1,1
2019,11827,Diesel,Automatic,First,13.5,2477,175.56,6,27110,0,0,1
2015,51579,Petrol,Manual,First,20.73,1373,91.1,5,5950,1,1,1
2015,65178,Diesel,Manual,First,19.87,1461,83.8,5,6790,1,0,1
2016,25350,Petrol,Manual,First,21.1,814,55.2,5,2550,1,1,1
2008,92000,Petrol,Manual,Second,10.8,2354,152,5,3700,1,1,0
2014,45000,Petrol,Manual,Second,17.01,1591,121.3,5,6750,1,1,0
2015,46000,Petrol,Manual,First,14.28,1798,138.03,5,6950,1,1,1
2011,79940,Petrol,Manual,First,15.5,1586,103.3,5,2780,1,1,1
2016,28851,Petrol,Manual,First,16.47,1198,73.9,5,6180,1,1,1
2015,63000,Diesel,Automatic,First,14.16,1968,174.3,5,36000,0,0,1
2012,77283,Petrol,Manual,First,17,1497,118,5,5810,1,1,1
2014,38958,Petrol,Manual,First,22.5,998,67.04,5,3410,1,1,1
2018,8900,Diesel,Automatic,First,13.5,2477,175.56,6,26500,0,0,1
2015,38000,Petrol,Automatic,First,14.7,1798,177.5,5,16000,0,1,1
2017,44887,Diesel,Manual,First,19.67,1582,126.2,5,12130,1,0,1
2009,85000,Petrol,Manual,Second,19.7,796,46.3,5,1800,1,1,0
2013,100000,Petrol,Manual,First,16.8,1497,116.3,5,6250,1,1,1
2016,26239,Petrol,Manual,First,22.7,799,53,5,2750,1,1,1
2011,97000,Diesel,Manual,First,17.67,1968,138.08,5,6000,1,0,1
2013,28000,Petrol,Automatic,First,14.8,1595,120.7,5,11560,0,1,1
2014,20364,Petrol,Automatic,Second,17.21,1197,103.6,5,5200,0,1,0
2014,64637,Diesel,Manual,First,22.77,1498,98.59,5,7520,1,0,1
2017,15731,Petrol,Manual,First,15.29,1591,121.3,5,12490,1,1,1
2019,56251,Diesel,Manual,First,14.24,2755,174.5,7,35820,1,0,1
2017,28000,Petrol,Manual,First,20.85,1197,83.14,5,6250,1,1,1
2015,20045,Petrol,Manual,First,17,1197,80,5,6220,1,1,1
2016,34004,Petrol,Manual,First,15.4,1497,117.3,7,8020,1,1,1
2014,21000,Petrol,Manual,First,23.1,998,67.04,5,3750,1,1,1
2009,68001,Petrol,Automatic,Second,10.93,3498,272,5,11750,0,1,0
2012,31000,Petrol,Manual,First,20.36,1197,78.9,5,2250,1,1,1
2013,8950,Petrol,Manual,First,17.71,1197,78.9,5,3550,1,1,1
2017,43477,Diesel,Automatic,First,15,2143,204,5,38150,0,0,1
2015,20000,Petrol,Manual,First,21.1,814,55.2,5,2660,1,1,1
2014,47200,CNG,Manual,First,33.54,998,67.04,5,2850,1,0,1
2011,60000,Petrol,Manual,First,17,1497,118,5,4950,1,1,1
2003,111000,Petrol,Automatic,First,13,2987,210,5,6500,0,1,1
2016,52000,Diesel,Manual,Second,25,1396,69.01,5,2400,1,0,0
2016,26000,Petrol,Manual,First,15.29,1591,121.3,5,12500,1,1,1
2013,32425,Petrol,Manual,First,20.51,998,67.04,5,3000,1,1,1
2017,54758,Diesel,Manual,First,28.4,1248,73.75,5,6670,1,0,1
2008,59833,Petrol,Manual,Fourth & Above,13.8,1299,70,5,1970,1,1,0
2013,30000,Petrol,Manual,First,16.47,1198,73.9,5,2800,1,1,1
2011,40496,Petrol,Manual,First,20.36,1197,78.9,5,2650,1,1,1
2014,45000,Diesel,Manual,First,18.2,1248,73.74,8,4750,1,0,1
2011,34000,Petrol,Automatic,Second,10.5,1796,157.7,5,19000,0,1,0
2012,62000,Diesel,Manual,First,17.8,1248,75,5,4500,1,0,1
2012,123600,Diesel,Manual,First,15.1,2179,140,7,8250,1,0,1
2014,80102,Petrol,Manual,First,17.71,1197,78.9,5,3500,1,1,1
2013,55000,Diesel,Manual,First,15.1,2179,140,7,8500,1,0,1
2015,48200,Petrol,Manual,First,15.29,1591,121.3,5,9000,1,1,1
2014,90000,Diesel,Manual,First,26,1498,98.6,5,6750,1,0,1
2014,123900,Diesel,Manual,First,19.3,1248,73.9,5,5400,1,0,1
2015,13008,Petrol,Manual,First,20.51,998,67.04,5,3500,1,1,1
2012,60500,Petrol,Manual,First,21.1,814,55.2,5,2600,1,1,1
2017,53841,Diesel,Automatic,First,11.36,2755,171.5,7,20500,0,0,1
2017,47183,Petrol,Manual,Second,15.8,1591,121.3,5,11310,1,1,0
2018,10000,Petrol,Manual,First,20.51,998,67.04,5,4500,1,1,1
2015,45000,Diesel,Automatic,First,11.3,2987,254.8,7,56000,0,0,1
2017,3923,Petrol,Manual,First,23.1,998,67.04,5,5200,1,1,1
2011,85000,Diesel,Manual,First,12.05,2179,120,8,5250,1,0,1
2018,6279,Petrol,Manual,First,22.7,799,53.64,5,3600,1,1,1
2014,74500,Diesel,Manual,First,21.2,1248,75,5,3300,1,0,1
2013,42000,Diesel,Manual,First,22.7,1582,126.24,5,5850,1,0,1
2014,56510,Petrol,Manual,First,19.1,1197,85.8,5,3900,1,1,1
2009,88000,Diesel,Automatic,First,16.55,1968,140,5,7980,0,0,1
2014,36631,Petrol,Automatic,First,16.5,1198,86.8,5,4300,0,1,1
2011,34000,Petrol,Manual,First,18.9,998,67.1,5,2250,1,1,1
2013,49000,Petrol,Manual,First,19.81,1086,68.05,5,3200,1,1,1
2012,65254,Diesel,Manual,First,22.32,1582,126.32,5,6550,1,0,1
2014,95000,Diesel,Manual,Second,22.32,1582,126.32,5,6900,1,0,0
2009,83000,Diesel,Manual,First,23.2,1248,73.94,5,2950,1,0,1
2017,101065,Diesel,Manual,First,20.5,1582,126.2,5,11450,1,0,1
2017,15134,Petrol,Manual,First,21.4,1197,83.1,5,6370,1,1,1
2011,72000,Diesel,Manual,First,22.32,1582,126.3,5,5000,1,0,1
2012,120000,Diesel,Manual,Second,22.3,1248,74,5,2600,1,0,0
2010,45000,Petrol,Manual,First,18.5,1197,80,5,1900,1,1,1
2015,54996,Diesel,Automatic,First,17.85,2967,300,4,60950,0,0,1
2017,22874,Petrol,Manual,First,15.1,1196,73,5,4440,1,1,1
2012,58000,Diesel,Automatic,Second,22.69,1995,190,5,15300,0,0,0
2016,86000,Diesel,Manual,Second,25.47,1248,88.5,7,8200,1,0,0
2014,69000,Petrol,Automatic,First,16.9,1197,81.86,5,5250,0,1,1
2016,55001,Petrol,Automatic,Second,16.93,1197,103.2,5,8500,0,1,0
2015,28000,Diesel,Automatic,First,15.73,1968,174.33,5,23750,0,0,1
2013,53213,Petrol,Manual,First,19.81,1086,68.05,5,2740,1,1,1
2016,44340,Diesel,Automatic,First,16.96,1968,138.03,5,13830,0,0,1
2017,16900,Petrol,Manual,First,21.1,998,100,5,6990,1,1,1
2009,57000,Petrol,Manual,First,19.81,1086,68.05,5,2250,1,1,1
2013,83165,Diesel,Manual,First,12.8,2494,102,8,11490,1,0,1
2012,24735,Petrol,Manual,Second,18.6,1199,79.4,5,2870,1,1,0
2005,65175,Diesel,Manual,First,12.8,2494,102,8,3250,1,0,1
2009,60000,Petrol,Manual,Second,9.8,2354,180,5,3500,1,1,0
2017,60357,Diesel,Manual,First,25.32,1198,77,6,4490,1,0,1
2011,77000,Diesel,Manual,First,22.07,1199,73.9,5,2900,1,0,1
2014,85301,Petrol,Manual,First,12.4,1998,132,8,12360,1,1,1
2011,50000,Diesel,Automatic,First,11.79,2179,120,8,6000,0,0,1
2010,58000,Diesel,Automatic,First,16.46,2993,258,5,31000,0,0,1
2015,39000,Diesel,Manual,First,25.6,1498,98.6,5,5490,1,0,1
2015,46190,Diesel,Manual,First,22.07,1199,73.9,5,5860,1,0,1
2015,83000,Diesel,Manual,First,16,2179,140,7,9000,1,0,1
2016,33000,Petrol,Manual,First,16.09,1598,103.5,5,7700,1,1,1
2017,27279,Petrol,Manual,First,17.4,1497,117.3,5,9470,1,1,1
2014,53900,Diesel,Automatic,First,14.16,1968,174.3,5,29000,0,0,1
2012,63998,Petrol,Automatic,First,17,1497,118,5,5420,0,1,1
2016,57932,Petrol,Manual,First,20.4,1197,81.8,5,6390,1,1,1
2015,25000,Petrol,Manual,First,22.74,796,47.3,5,2750,1,1,1
2011,169000,Diesel,Manual,First,20,1399,68,5,2500,1,0,1
2012,53000,Petrol,Manual,First,17.92,1086,62.1,5,2350,1,1,1
2015,43053,Petrol,Manual,First,18.9,998,67.1,5,4650,1,1,1
2014,75000,Diesel,Manual,First,26,1498,98.6,5,6000,1,0,1
2012,89000,Petrol,Manual,Second,16.8,1497,116.3,5,3500,1,1,0
2014,75578,Diesel,Manual,First,25.1,1498,98.6,5,7000,1,0,1
2014,46676,Petrol,Manual,First,17,1591,121.3,5,7750,1,1,1
2014,51349,Petrol,Manual,First,24.07,998,67.1,5,2930,1,1,1
2014,34233,Diesel,Automatic,First,14.21,2143,203,5,22500,0,0,1
2014,39626,Diesel,Automatic,First,11.2,2993,241,4,40660,0,0,1
2008,82500,Petrol,Manual,First,14,1061,64,5,1750,1,1,1
2015,63000,Diesel,Manual,Second,19.72,1461,108.45,5,8200,1,0,0
2011,77001,Diesel,Manual,First,12.05,2179,120,8,4490,1,0,1
2016,43000,Diesel,Automatic,First,10.91,3198,197.2,7,26500,0,0,1
2011,61111,Petrol,Manual,First,19,998,67.1,5,2600,1,1,1
2011,43000,Petrol,Manual,First,20.36,1197,78.9,5,2490,1,1,1
2013,47000,Petrol,Automatic,First,16.5,1198,86.8,5,5400,0,1,1
2017,34000,Petrol,Automatic,First,20.51,998,67,5,4350,0,1,1
2018,22060,Diesel,Automatic,First,18.51,1968,147.51,5,32730,0,0,1
2011,80000,Petrol,Manual,First,18.9,998,67.1,5,2500,1,1,1
2015,13506,Diesel,Automatic,First,18.25,1968,187.74,5,21660,0,0,1
2016,16000,Petrol,Manual,First,25.17,799,53.3,5,2990,1,1,1
2016,31006,Petrol,Manual,First,24.7,796,47.3,5,2610,1,1,1
2013,91200,Diesel,Manual,First,12.99,2494,100,8,8250,1,0,1
2015,43000,Petrol,Automatic,First,14.53,1794,138.1,5,12500,0,1,1
2015,45000,Diesel,Manual,First,25.83,1498,99,5,5500,1,0,1
2014,28637,Petrol,Manual,First,19.4,1198,86.8,5,5530,1,1,1
2004,69870,Petrol,Manual,Second,14.2,1597,92,5,1100,1,1,0
2014,84000,Diesel,Manual,First,12.05,2179,120,7,6850,1,0,1
2007,84143,Petrol,Manual,First,13,2987,210,5,17090,1,1,1
2012,77000,Diesel,Manual,Second,12.05,2179,120,8,4930,1,0,0
2012,75000,Diesel,Automatic,Second,12.39,2179,147.51,5,17500,0,0,0
2011,76155,Petrol,Manual,First,18.6,1199,79.4,5,1950,1,1,1
2014,98000,Diesel,Manual,First,22.9,1248,74,5,6100,1,0,1
2008,48233,Petrol,Manual,Second,13.4,1794,125,5,1800,1,1,0
2015,63000,Diesel,Automatic,First,13.22,2967,241.4,5,34500,0,0,1
2015,34063,Petrol,Manual,First,21.1,814,55.2,5,4010,1,1,1
2013,32576,Petrol,Manual,First,19.5,1199,88.76,5,3150,1,1,1
2015,28843,Petrol,Automatic,First,17.01,1499,110.5,5,5490,0,1,1
2016,26000,Diesel,Automatic,Second,19.6,1461,108.45,5,10000,0,0,0
2013,39000,Petrol,Automatic,First,15.6,1497,116.3,5,4550,0,1,1
2010,66000,Petrol,Manual,First,19.7,796,46.3,5,1500,1,1,1
2011,38002,Petrol,Manual,First,20.36,1197,78.9,5,2150,1,1,1
2010,49000,Petrol,Manual,Second,18,995,62,5,1400,1,1,0
2014,52000,Diesel,Manual,First,21.14,1498,103.6,5,6200,1,0,1
2013,56500,Diesel,Automatic,First,17.68,1968,174.33,5,19800,0,0,1
2015,20568,Petrol,Manual,First,18.7,1199,88.7,5,5600,1,1,1
2015,26000,Petrol,Manual,First,15.29,1591,121.3,5,9500,1,1,1
2012,56000,Petrol,Manual,First,18.6,1199,79.4,5,2210,1,1,1
2017,27509,Petrol,Manual,First,22.7,799,53.64,5,3310,1,1,1
2016,36216,Petrol,Manual,First,19.1,1197,81.86,5,5440,1,1,1
2009,28888,Petrol,Automatic,First,10,2496,157.7,5,7560,0,1,1
2011,120000,Diesel,Manual,Second,22.9,1248,74,5,3200,1,0,0
2018,31396,Petrol,Manual,First,23.1,998,67.04,5,5530,1,1,1
2015,79000,Diesel,Automatic,First,19.3,1968,141,5,17000,0,0,1
2010,62000,Petrol,Automatic,First,16.8,1497,118,5,3550,0,1,1
2006,120000,Petrol,Automatic,Second,9,2997,218,5,2650,0,1,0
2016,53000,Petrol,Automatic,First,14.67,1798,177.46,5,17850,0,1,1
2010,124313,Diesel,Manual,First,12.99,2494,100.6,8,7960,1,0,1
2015,26725,Petrol,Automatic,First,23.1,998,67.04,5,4250,0,1,1
2014,45617,Diesel,Manual,First,20.77,1248,88.76,7,5850,1,0,1
2013,37000,Diesel,Automatic,First,20,2143,107.3,5,13000,0,0,1
2010,109147,Diesel,Manual,First,14,2498,112,8,2650,1,0,1
2014,59000,Diesel,Manual,First,25.8,1498,98.6,5,4750,1,0,1
2015,28000,Petrol,Manual,First,25.17,799,53.3,5,2650,1,1,1
2017,4700,Petrol,Manual,First,25.17,799,53.3,5,3000,1,1,1
2014,72469,Diesel,Automatic,First,12.07,2967,241.4,7,32520,0,0,1
2014,57539,Diesel,Automatic,First,22.32,1582,126.32,5,7750,0,0,1
2016,42000,Diesel,Automatic,First,11.36,2755,171.5,7,19600,0,0,1
2010,62489,Petrol,Manual,First,17,1197,80,5,2600,1,1,1
2013,51167,Petrol,Manual,First,16.47,1198,73.9,5,3760,1,1,1
2012,130000,Diesel,Manual,First,20.54,1598,103.6,5,4750,1,0,1
2007,63000,Petrol,Manual,Second,17.7,1497,78,5,1750,1,1,0
2011,60000,Petrol,Manual,First,16.2,1599,103.2,5,3950,1,1,1
2005,123200,Petrol,Manual,Second,13.2,1495,94,5,1000,1,1,0
2011,115692,Diesel,Automatic,First,20,1968,138.1,5,4500,0,0,1
2011,87073,Petrol,Automatic,First,10.93,2497,204,5,17230,0,1,1
2015,40901,Petrol,Manual,First,18.6,1197,81.83,5,5760,1,1,1
2013,36264,Petrol,Manual,First,20.36,1197,78.9,5,4320,1,1,1
2009,60000,Petrol,Manual,Second,19.81,1086,68.05,5,1900,1,1,0
2018,20000,Petrol,Manual,First,17,1198,74,5,5500,1,1,1
2014,68400,Petrol,Automatic,First,12.98,2494,178.4,5,13500,0,1,1
2013,71231,Diesel,Manual,Second,16,2179,140,7,9750,1,0,0
2011,75000,Diesel,Automatic,First,17.2,1968,138.1,5,9440,0,0,1
2018,1997,Petrol,Automatic,First,22.5,998,67,5,4450,0,1,1
2016,47300,Diesel,Manual,First,24.3,1248,88.5,5,8850,1,0,1
2012,61449,Petrol,Manual,First,0,1086,62,5,2150,1,1,1
2013,47910,Diesel,Manual,First,20.54,1598,103.6,5,4890,1,0,1
2015,62000,Diesel,Manual,First,20.14,1498,88.8,5,6250,1,0,1
2012,65060,Diesel,Manual,First,22.9,1248,74,5,4800,1,0,1
2008,82203,Petrol,Manual,First,19.81,1086,68.05,5,1800,1,1,1
2013,44000,Diesel,Manual,First,16,2179,140,7,7250,1,0,1
2014,53817,Diesel,Manual,First,25.47,1248,88.5,7,7560,1,0,1
2013,61591,Diesel,Manual,First,16,2179,140,7,6820,1,0,1
2011,86500,Diesel,Manual,Second,21.12,1248,88.8,5,1800,1,0,0
2009,100000,Diesel,Automatic,First,11,2987,198.5,5,11500,0,0,1
2010,87000,Petrol,Manual,First,15.6,1586,104.68,5,2800,1,1,1
2016,35000,Petrol,Automatic,First,20.51,998,67,5,5500,0,1,1
2016,6000,Petrol,Manual,First,20.63,1198,67.06,5,2700,1,1,1
2014,59327,Diesel,Manual,First,20,1399,68,5,3250,1,0,1
2014,81001,Diesel,Automatic,First,17.2,1968,138.1,5,10900,0,0,1
2014,44612,Petrol,Manual,First,18.5,1197,80,5,4070,1,1,1
2016,42388,Diesel,Automatic,First,11.36,2755,171.5,7,18000,0,0,1
2012,54000,Petrol,Manual,First,19.4,1198,86.8,5,2950,1,1,1
2011,83010,Diesel,Automatic,First,17.2,1968,138.1,5,7500,0,0,1
2016,65405,Diesel,Automatic,First,13,2143,204,5,32730,0,0,1
2015,36000,Diesel,Automatic,Second,12.55,2982,168.7,7,21500,0,0,0
2008,85000,Petrol,Manual,First,16.51,1586,103.2,5,2500,1,1,1
2016,35000,Diesel,Manual,First,27.3,1498,98.6,5,5500,1,0,1
2012,54000,Petrol,Automatic,First,14.53,1794,138.1,5,7500,0,1,1
2007,70000,Petrol,Manual,First,16.9,1497,100,5,1550,1,1,1
2017,27001,Diesel,Automatic,First,20.68,1995,190,5,29000,0,0,1
2019,41075,Diesel,Manual,First,28.4,1248,74,5,8400,1,0,1
2016,26000,Diesel,Manual,First,25.32,1198,77,6,6500,1,0,1
2010,55000,Petrol,Manual,First,16,1198,90,5,2350,1,1,1
2016,19000,Petrol,Manual,First,20.4,1197,81.8,5,5550,1,1,1
2016,15000,Petrol,Automatic,First,18.9,1197,82,5,5350,0,1,1
2016,37000,Petrol,Manual,First,17.8,1198,86.7,5,5250,1,1,1
2017,38712,Petrol,Manual,First,18.9,1197,81.86,5,5870,1,1,1
2014,52400,Diesel,Manual,First,20.54,1598,103.6,5,5360,1,0,1
2016,23988,Diesel,Manual,First,28.09,1248,88.5,5,7750,1,0,1
2014,32283,Petrol,Automatic,Second,14.4,1598,103.6,5,5410,0,1,0
2010,52000,Petrol,Manual,First,18.5,1197,80,5,3650,1,1,1
2016,32000,Petrol,Automatic,First,16.5,1198,86.8,5,5250,0,1,1
2014,39000,Petrol,Manual,First,17.4,1497,117.3,5,6250,1,1,1
2017,14149,Petrol,Manual,First,23.9,624,37.48,4,3470,1,1,1
2006,103000,Petrol,Automatic,First,10.13,3498,364.9,5,8850,0,1,1
2004,82000,Petrol,Manual,First,14,1061,64,5,850,1,1,1
2015,34000,Petrol,Automatic,First,13.7,1798,157.75,5,13650,0,1,1
2016,45180,Diesel,Automatic,First,12.07,2967,241.4,7,50220,0,0,1
2018,2000,Petrol,Manual,First,22,1197,81.8,5,7750,1,1,1
2011,82321,Diesel,Manual,First,12.8,2494,102,7,10050,1,0,1
2011,7000,Petrol,Automatic,First,12.05,1995,154,5,9750,0,1,1
2015,27000,Diesel,Automatic,First,17.9,2143,136,5,23000,0,0,1
2019,31271,Diesel,Manual,First,13.68,2393,147.8,8,21420,1,0,1
2014,24000,Diesel,Manual,First,25.2,1248,74,5,5210,1,0,1
2009,147000,Diesel,Manual,First,12.99,2494,100.6,7,7500,1,0,1
2010,115000,Petrol,Manual,First,18.6,1199,79.4,5,1750,1,1,1
2010,82000,Diesel,Manual,Second,13.8,1399,68,5,1000,1,0,0
2016,20000,Diesel,Automatic,First,19.27,2143,170,5,33000,0,0,1
2011,45560,Petrol,Manual,First,17.6,1496,88.73,5,2200,1,1,1
2017,57539,Diesel,Manual,First,12.8,2494,102,7,12830,1,0,1
2018,20004,Diesel,Automatic,First,17.54,2993,313,4,68940,0,0,1
2012,54500,Diesel,Manual,First,21.13,1498,108.4,5,4100,1,0,1
2016,27886,Petrol,Manual,First,22,814,55,5,2850,1,1,1
2007,66000,Petrol,Automatic,First,11.1,2354,158.8,5,3700,0,1,1
2013,72202,Diesel,Automatic,First,20,1968,138.1,5,9060,0,0,1
2011,70000,Petrol,Manual,Second,13.4,1798,157.8,5,4750,1,1,0
2015,78233,Diesel,Manual,First,26,1498,98.6,5,6600,1,0,1
2007,120203,Diesel,Manual,Second,13.93,2179,138,7,3500,1,0,0
2011,20575,Petrol,Manual,First,19,998,67.1,5,2000,1,1,1
2013,39879,Petrol,Manual,First,17.8,1198,86.7,5,3890,1,1,1
2017,31056,Petrol,Manual,First,23.01,999,67,5,3600,1,1,1
2015,50940,Petrol,Automatic,First,19.12,1373,91.1,5,6950,0,1,1
2016,99362,Diesel,Manual,First,22.54,1396,88.73,5,7030,1,0,1
2016,54000,Diesel,Manual,First,13.68,2393,147.8,7,16500,1,0,1
2016,54268,Diesel,Manual,First,28.09,1248,88.5,5,7670,1,0,1
2012,94521,Diesel,Automatic,First,14.74,2993,270.9,5,23190,0,0,1
2017,38932,Petrol,Manual,First,19.1,1197,82,5,6210,1,1,1
2015,60395,Diesel,Automatic,First,16.12,2967,245,5,45820,0,0,1
2016,29000,Diesel,Manual,First,24.4,1120,71,5,5950,1,0,1
2011,58000,Diesel,Automatic,First,16.55,1968,140,5,11000,0,0,1
2016,60913,Petrol,Manual,First,20.73,1373,91.1,5,7190,1,1,1
2011,65000,Diesel,Manual,First,12.8,2494,102,8,6400,1,0,1
2015,26000,Diesel,Manual,First,15.8,2148,170,5,26000,1,0,1
2016,19947,Petrol,Manual,First,20.36,1197,78.9,5,4500,1,1,1
2011,70816,Petrol,Automatic,First,16.95,1197,78.9,5,3100,0,1,1
2015,54000,Diesel,Manual,First,27.39,1248,74,5,5950,1,0,1
2008,138000,Petrol,Manual,First,18.2,1061,64,5,1200,1,1,1
2014,35000,Diesel,Automatic,First,16.46,2993,258,5,52000,0,0,1
2015,50000,Diesel,Automatic,First,11.33,4134,335.2,7,48000,0,0,1
2011,124652,Diesel,Automatic,First,11.7,2993,245,5,21990,0,0,1
2013,80264,Petrol,Manual,First,21.1,1197,85.8,5,4300,1,1,1
2013,125600,Diesel,Manual,First,21.64,1461,84.8,5,3750,1,0,1
2015,49000,Petrol,Manual,First,14.28,1798,138.03,5,8950,1,1,1
2012,111000,Diesel,Manual,First,23.59,1364,67.1,5,4750,1,0,1
2016,33690,Petrol,Manual,First,14.28,1798,138.03,5,14600,1,1,1
2012,50000,Diesel,Automatic,First,17.68,1968,174.33,5,17500,0,0,1
2012,38092,Diesel,Manual,First,20.77,1248,88.8,7,5200,1,0,1
2017,47774,Petrol,Manual,First,18.9,1197,82,5,6040,1,1,1
2009,167000,Diesel,Manual,Second,19.09,1396,69,5,2700,1,0,0
2019,65000,Diesel,Automatic,First,26.59,1248,74,5,6750,0,0,1
2011,46000,Petrol,Manual,First,15.26,1598,103.5,5,2350,1,1,1
2017,16500,Petrol,Manual,First,23.84,1199,84,5,5000,1,1,1
2016,39000,Petrol,Manual,First,17.8,1497,117.3,5,6950,1,1,1
2018,6000,Petrol,Manual,First,19.5,1199,86.76,5,6700,1,1,1
2015,60000,Diesel,Automatic,First,17.11,1968,174.33,5,25000,0,0,1
2011,97320,Petrol,Automatic,First,14.4,1598,103.6,5,3750,0,1,1
2011,99807,Diesel,Manual,First,20.54,1598,103.6,5,3750,1,0,1
2013,46000,Petrol,Manual,First,17,1497,118,5,5100,1,1,1
2010,12000,Petrol,Manual,First,22.5,998,67.04,5,2450,1,1,1
2005,13002,Petrol,Automatic,First,9.3,2771,193.1,5,3250,0,1,1
2014,26000,Diesel,Manual,First,26,1498,98.6,5,5500,1,0,1
2014,68365,CNG,Manual,First,26.6,998,58.16,5,3770,1,0,1
2016,27833,Diesel,Automatic,First,0,2987,165,5,49240,0,0,1
2016,51639,Petrol,Manual,First,22.74,796,47.3,5,3040,1,1,1
2015,21000,Petrol,Manual,First,18.6,1197,81.83,5,4900,1,1,1
2013,90000,Diesel,Manual,First,22.7,1498,89.84,5,6250,1,0,1
2015,36255,Diesel,Automatic,First,19.59,1995,184,5,33000,0,0,1
2011,58000,Diesel,Automatic,Second,11.7,2993,245,5,27000,0,0,0
2014,48997,Petrol,Manual,Second,18,1198,86.7,5,5210,1,1,0
2014,31130,Petrol,Manual,First,15.85,1499,110.4,5,5750,1,1,1
2012,75668,Diesel,Automatic,First,14.74,2993,270.9,5,16580,0,0,1
2015,12000,Petrol,Manual,First,14.53,1798,138,5,11000,1,1,1
2014,90000,Petrol,Manual,Second,20.36,1197,78.9,5,2800,1,1,0
2019,17320,Diesel,Automatic,First,15.8,2148,170,5,37990,0,0,1
2011,85000,Diesel,Manual,Second,20,1968,108.5,5,3650,1,0,0
2007,130000,Diesel,Manual,First,13.1,2499,141,7,6000,1,0,1
2013,60328,Petrol,Manual,First,15.6,1196,70,5,4540,1,1,1
2015,34327,Petrol,Manual,First,18,1198,86.7,5,5400,1,1,1
2014,75000,Diesel,Manual,First,19.1,1405,70,5,3300,1,0,1
2012,86000,Diesel,Automatic,Second,14.7,1985,163,5,18250,0,0,0
2017,12000,Petrol,Manual,First,22.7,799,53,5,3100,1,1,1
2013,57759,Petrol,Manual,First,21.1,814,55.2,5,3840,1,1,1
2016,24300,Petrol,Manual,First,22.74,796,47.3,5,2440,1,1,1
2011,66000,Petrol,Manual,Second,16.47,1198,73.9,5,3600,1,1,0
2015,75915,Petrol,Manual,First,20.36,1197,78.9,5,3900,1,1,1
2013,107000,Petrol,Manual,Second,16.95,1498,97.7,5,2900,1,1,0
2008,86000,Petrol,Manual,Second,14.53,1798,138.1,5,3500,1,1,0
2009,160000,Diesel,Manual,Second,18.1,1493,110,5,3500,1,0,0
2019,3000,Petrol,Manual,First,24.7,796,47.3,5,3500,1,1,1
2015,72495,Diesel,Manual,First,21.9,1396,88.76,5,7000,1,0,1
2016,33000,Diesel,Automatic,First,19.08,1582,126.2,5,8700,0,0,1
2014,60000,Diesel,Automatic,First,12.07,2967,241.4,7,45000,0,0,1
2016,80103,Diesel,Manual,First,25,1396,69,5,1800,1,0,1
2007,42100,Petrol,Manual,First,18,995,62,5,990,1,1,1
2018,4500,Petrol,Manual,First,18.9,1197,81.86,5,4800,1,1,1
2014,97000,Diesel,Manual,First,12.55,2982,169,7,17950,1,0,1
2017,51223,Petrol,Manual,First,18.9,1197,81.86,5,5660,1,1,1
2009,64000,Petrol,Manual,First,17,1497,118,5,3100,1,1,1
2016,56911,Petrol,Manual,First,18.6,1197,81.86,5,6540,1,1,1
2015,147848,Diesel,Manual,First,12.8,2494,102,8,13200,1,0,1
2018,21290,Petrol,Automatic,First,13,4951,395,4,56800,0,1,1
2019,14076,Diesel,Automatic,First,11.36,2755,171.5,7,19400,0,0,1
2007,75180,Petrol,Manual,First,18.2,1061,64,5,1650,1,1,1
2013,92000,Diesel,Manual,Second,22.9,1248,74,5,4350,1,0,0
2015,57266,Diesel,Manual,First,20.5,1248,91.72,5,6500,1,0,1
2007,64000,Petrol,Manual,First,18.2,998,67.1,5,1110,1,1,1
2013,41000,Diesel,Manual,First,19.87,1461,83.8,5,5500,1,0,1
2012,45999,Diesel,Manual,First,10.5,2835,107.2,6,11000,1,0,1
2015,50000,Petrol,Automatic,First,23.1,998,67.04,5,3900,0,1,1
2013,70000,Diesel,Manual,First,17.88,1405,48.21,5,1800,1,0,1
2016,37540,Petrol,Manual,First,18.6,1197,81.86,5,6220,1,1,1
2014,44000,Petrol,Automatic,First,23.1,998,67.04,5,4300,0,1,1
2017,22500,Petrol,Manual,First,18.9,1197,81.86,5,5990,1,1,1
2017,17431,Petrol,Manual,First,18.6,1197,81.83,5,6000,1,1,1
2014,61566,Petrol,Manual,First,17.1,1591,121.3,5,5850,1,1,1
2014,61730,Diesel,Automatic,First,12.39,2179,147.51,5,19940,0,0,1
2009,68000,Petrol,Manual,First,16.1,1298,88.2,5,2900,1,1,1
2014,29000,Petrol,Manual,First,18,1198,86.7,5,4250,1,1,1
2010,156210,Diesel,Manual,First,21.43,1364,87.2,5,5990,1,0,1
2013,46500,Diesel,Manual,First,27.4,1498,98.6,5,3300,1,0,1
2009,52830,Diesel,Automatic,Second,16.77,2967,241.38,5,8080,0,0,0
2017,39867,Petrol,Manual,First,22.5,998,67.04,5,4500,1,1,1
2014,58972,Diesel,Manual,First,24.2,1498,98.6,7,6500,1,0,1
2006,66000,Petrol,Automatic,Second,10.1,2354,152,5,3900,0,1,0
2013,52000,Petrol,Manual,First,17.1,1591,121.3,5,5250,1,1,1
2014,58000,Diesel,Automatic,First,11.72,2199,194.3,7,17000,0,0,1
2012,58000,Petrol,Automatic,First,16.95,1197,78.9,5,3500,0,1,1
2008,75000,Diesel,Manual,Second,17.7,1399,68,5,3000,1,0,0
2015,41008,Petrol,Manual,Second,20.36,1197,78.9,5,4870,1,1,0
2014,65000,Diesel,Manual,First,24.4,1120,71,5,6000,1,0,1
2015,19000,Diesel,Automatic,First,18.19,1968,174.5,5,15500,0,0,1
2008,74000,Petrol,Manual,Second,16.6,1388,68,5,1600,1,1,0
2017,33000,Petrol,Automatic,First,21.4,1197,83.1,5,7250,0,1,1
2010,95000,Diesel,Manual,Second,17,1896,105,5,3250,1,0,0
2012,34000,Diesel,Manual,First,20.64,1498,108.5,5,3400,1,0,1
2014,102865,Diesel,Automatic,First,12.07,2967,241.4,7,30500,0,0,1
2016,52378,Petrol,Manual,First,17,1591,121.3,5,7970,1,1,1
2012,38000,Diesel,Automatic,First,14.84,2143,170,5,13510,0,0,1
2015,60334,Diesel,Manual,First,25.8,1498,98.6,5,5430,1,0,1
2010,107000,Petrol,Manual,First,16.6,1388,68,5,2600,1,1,1
2013,445000,Petrol,Manual,First,18.5,1197,82.9,5,4450,1,1,1
2017,2196,Petrol,Manual,First,22.74,796,47.3,5,2750,1,1,1
2010,24000,Petrol,Automatic,First,10.6,2996,258,5,8750,0,1,1
2015,44846,Petrol,Manual,Second,14.6,1368,88.7,5,5410,1,1,0
2018,64035,Diesel,Automatic,First,28.4,1248,73.75,5,8550,0,0,1
2014,45600,Diesel,Manual,First,15.1,2179,140,7,8250,1,0,1
2014,102001,Diesel,Automatic,First,11.1,2400,200,7,23580,0,0,1
2014,47439,Petrol,Manual,First,20.36,1197,78.9,5,4490,1,1,1
2010,193254,Diesel,Manual,First,11.5,2982,171,7,12990,1,0,1
2016,29000,Petrol,Automatic,First,21.9,624,37.48,4,2800,0,1,1
2016,51681,Diesel,Manual,First,19.98,1461,108.5,8,8430,1,0,1
2015,50000,Diesel,Automatic,First,12.07,2967,241.4,7,47500,0,0,1
2016,42666,Petrol,Automatic,First,18,1497,117.3,5,8950,0,1,1
2013,65000,Diesel,Manual,Second,19.01,1461,108.45,5,5500,1,0,0
2014,18776,Petrol,Manual,First,17.8,1198,86.7,5,4750,1,1,1
2016,6714,Petrol,Manual,First,18,1198,86.7,5,4750,1,1,1
2009,40000,Petrol,Automatic,Second,12.05,1995,154,5,9500,0,1,0
2011,88539,Diesel,Manual,First,23.2,1248,73.94,5,3770,1,0,1
2012,65055,Petrol,Manual,Second,17,1497,118,5,4250,1,1,0
2014,23000,Diesel,Automatic,First,18.88,1995,184,5,19900,0,0,1
2009,60000,Diesel,Manual,First,15,1896,105,5,4000,1,0,1
2013,59350,Petrol,Manual,First,19.1,1197,85.8,5,4160,1,1,1
2015,19000,Diesel,Automatic,Second,16.36,2179,187.7,5,38000,0,0,0
2016,45560,Petrol,Automatic,First,16.9,1197,82,5,6340,0,1,1
2009,118000,Diesel,Manual,First,12.8,2494,102,8,4500,1,0,1
2016,55000,Petrol,Manual,First,15.1,1196,73,7,3750,1,1,1
2012,60000,Diesel,Automatic,Second,15.2,1968,140.8,5,10200,0,0,0
2007,145000,Diesel,Manual,First,12.8,2494,102,8,5000,1,0,1
2008,46810,Petrol,Manual,First,9.8,1995,163.5,5,3950,1,1,1
2016,62767,Diesel,Manual,First,20.34,1498,103.2,5,9750,1,0,1
2018,18553,Petrol,Manual,First,18.6,1197,81.86,5,7930,1,1,1
2011,143143,Diesel,Manual,First,17.8,1399,67,5,2100,1,0,1
2015,53497,Diesel,Manual,First,13.5,2477,175.56,7,16420,1,0,1
2011,148000,Diesel,Manual,Second,14.66,2199,194.3,7,8900,1,0,0
2012,95000,Diesel,Manual,First,15.1,2179,140,7,7210,1,0,1
2015,100000,Diesel,Manual,First,12.8,2494,102,8,13500,1,0,1
2016,29000,Diesel,Automatic,First,11.57,2987,254.79,5,65000,0,0,1
2014,87000,Diesel,Manual,First,12.05,2179,120,7,7400,1,0,1
2014,56838,Petrol,Automatic,First,16.8,1497,118,5,5150,0,1,1
2013,100000,Diesel,Automatic,First,12,2987,224,7,32000,0,0,1
2011,125000,Petrol,Manual,First,17,1497,118,5,3250,1,1,1
2017,17000,Petrol,Automatic,First,22.5,998,67,5,3950,0,1,1
2013,70000,Petrol,Manual,Second,15.4,1193,65,5,1500,1,1,0
2010,50000,Petrol,Manual,Second,17,1197,80,5,3000,1,1,0
2010,39800,Petrol,Manual,First,16,1198,90,5,1990,1,1,1
2010,60000,Petrol,Manual,First,19,998,66.1,5,1350,1,1,1
2009,58000,Diesel,Automatic,First,16.07,1995,181,5,13500,0,0,1
2010,110009,Diesel,Manual,First,17.67,1968,138.08,5,6990,1,0,1
2013,85000,Diesel,Manual,First,19.01,1461,108.5,5,8500,1,0,1
2010,84000,Diesel,Manual,Second,22.07,1199,73.9,5,2890,1,0,0
2011,51000,Diesel,Automatic,First,22.69,1995,190,5,10500,0,0,1
2013,68880,Petrol,Manual,First,16.95,1498,97.7,5,3970,1,1,1
2017,5500,Petrol,Automatic,First,24.07,998,67.1,5,4250,0,1,1
2016,40052,Petrol,Manual,First,21.1,1197,85.8,5,6170,1,1,1
2016,47293,Diesel,Automatic,First,14.16,1968,174.3,5,38720,0,0,1
2013,79663,Diesel,Manual,First,16.8,1493,110,5,6500,1,0,1
2013,63000,Diesel,Manual,Second,25.8,1498,98.6,5,4250,1,0,0
2014,45000,Diesel,Manual,First,26,1498,98.6,5,4750,1,0,1
2014,56501,Diesel,Automatic,First,12.9,2755,174.5,7,17710,0,0,1
2015,58000,Diesel,Manual,First,20.34,1498,103.2,5,5850,1,0,1
2011,51602,Diesel,Automatic,First,22.48,1995,190,5,17270,0,0,1
2007,74199,Diesel,Automatic,First,16.07,1995,181,5,9250,0,0,1
2017,25000,Petrol,Automatic,First,13,1591,121.3,5,12750,0,1,1
2016,70000,Diesel,Automatic,Second,21.76,1995,190,5,27000,0,0,0
2013,25000,Diesel,Automatic,Second,14.84,2143,167.62,5,21000,0,0,0
2017,22000,Diesel,Manual,First,26.59,1248,74,5,7950,1,0,1
2015,47020,Petrol,Manual,Second,23.1,998,67.04,5,4500,1,1,0
2017,8000,Diesel,Automatic,First,19.59,1995,187.74,5,33750,0,0,1
2010,73000,Diesel,Automatic,First,11.33,4134,335.2,7,17510,0,0,1
2017,36973,Petrol,Manual,First,18.2,1199,88.7,5,6800,1,1,1
2014,42083,Petrol,Manual,First,25.4,624,37.48,4,1680,1,1,1
2016,61000,Petrol,Manual,First,24.7,796,47.3,5,2900,1,1,1
2014,43628,Petrol,Manual,First,22.5,998,67.04,5,3160,1,1,1
2014,60000,Diesel,Manual,First,24.4,1120,71,5,3900,1,0,1
2010,54000,Petrol,Manual,Second,17.8,1199,76.8,5,1950,1,1,0
2015,27001,Diesel,Automatic,First,16.36,2179,187.7,5,26520,0,0,1
2010,52000,Diesel,Automatic,First,18.33,1968,167.7,5,9000,0,0,1
2012,80000,Diesel,Manual,First,21.27,1396,88.76,5,4500,1,0,1
2008,160000,Diesel,Manual,First,10.5,2835,107.2,6,8750,1,0,1
2018,3300,Diesel,Automatic,First,24.3,1248,88.5,5,11500,0,0,1
2016,35027,Petrol,Manual,First,24.07,998,67.1,5,3000,1,1,1
2015,26568,Petrol,Manual,First,21.1,814,55.2,5,3790,1,1,1
2015,59000,Diesel,Manual,First,28.09,1248,88.5,5,6000,1,0,1
2016,51000,Diesel,Manual,First,19.67,1582,126.2,5,13250,1,0,1
2012,56400,Diesel,Automatic,First,17.2,1968,138.1,5,8000,0,0,1
2015,80000,Diesel,Manual,First,20.14,1498,88.8,5,5800,1,0,1
2013,107000,Diesel,Manual,Second,12.99,2494,100.6,7,13500,1,0,0
2014,100000,Diesel,Automatic,First,14.21,2143,203,5,25000,0,0,1
2016,59998,Diesel,Manual,First,20.14,1498,88.8,5,5490,1,0,1
2013,105000,Diesel,Automatic,First,17.32,1968,150,5,19000,0,0,1
2011,36000,Petrol,Manual,First,18.5,1197,80,5,2500,1,1,1
2015,24350,Petrol,Manual,Second,19.81,1086,68.05,5,3000,1,1,0
2018,28973,Diesel,Manual,First,24.7,1047,69,5,6640,1,0,1
2017,8243,Petrol,Manual,First,21.1,814,55.2,5,3210,1,1,1
2009,136642,Petrol,Manual,Second,17.92,1086,62.1,5,1550,1,1,0
2011,60000,Petrol,Manual,First,17.92,1086,62.1,5,2590,1,1,1
2008,100000,Diesel,Manual,Second,12.7,2609,120,8,4000,1,0,0
2010,48689,Petrol,Manual,First,17.4,1497,117.3,5,3870,1,1,1
2017,45000,Diesel,Manual,First,24.3,1248,88.5,5,9750,1,0,1
2019,38163,Diesel,Automatic,First,17.11,1968,174.33,5,32910,0,0,1
2011,43800,Diesel,Automatic,Second,14.21,2143,203,5,16750,0,0,0
2007,92000,Petrol,Manual,First,13.5,1799,130,5,1900,1,1,1
2017,14064,Petrol,Manual,First,18.6,1197,81.83,5,6590,1,1,1
2017,42366,Diesel,Automatic,First,15.73,1968,174.33,5,31930,0,0,1
2014,76551,Diesel,Manual,First,25.1,1498,98.6,5,7250,1,0,1
2008,72672,Petrol,Manual,First,19.81,1086,68.05,5,1900,1,1,1
2015,45000,Diesel,Manual,First,25.2,1248,74,5,3550,1,0,1
2012,91696,Diesel,Automatic,First,11.4,2953,153.86,7,9250,0,0,1
2009,66484,Petrol,Manual,First,13.8,1299,70,5,1650,1,1,1
2019,15456,Diesel,Automatic,First,20.68,1995,190,5,36640,0,0,1
2011,55000,Diesel,Automatic,Second,14.21,2143,203,5,16000,0,0,0
2019,21112,CNG,Manual,First,15.1,1196,73,5,5380,1,0,1
2014,61297,Diesel,Manual,First,25.8,1498,98.6,5,4350,1,0,1
2006,80000,Petrol,Manual,Second,17.3,993,60,5,1200,1,1,0
2013,59000,Petrol,Manual,Second,18.5,1197,80,5,4100,1,1,0
2009,150000,Diesel,Automatic,First,11,2993,235,5,18750,0,0,1
2017,60083,Diesel,Manual,First,19.67,1582,126.2,5,13780,1,0,1
2016,85450,Diesel,Manual,First,26.59,1248,74,5,4000,1,0,1
2013,88000,Diesel,Manual,First,22.9,1248,74,5,4330,1,0,1
2015,81828,Diesel,Manual,First,24,1186,73.97,5,5430,1,0,1
2016,18000,Petrol,Manual,First,18.16,1196,86.8,5,4900,1,1,1
2017,15000,Diesel,Automatic,First,15.97,2993,258,5,70000,0,0,1
2016,34000,Diesel,Automatic,First,11.78,2143,167.62,5,25500,0,0,1
2015,46000,Petrol,Automatic,First,18.9,1197,82,5,5100,0,1,1
2013,48158,Diesel,Manual,First,22.32,1582,126.32,5,6700,1,0,1
2013,93000,Diesel,Automatic,First,16.73,2993,218,5,26500,0,0,1
2013,71007,Diesel,Manual,First,23.08,1461,63.1,5,3900,1,0,1
2010,63067,Petrol,Manual,Second,15.5,1586,103.3,5,2700,1,1,0
2011,70259,Diesel,Manual,First,21.12,1248,88.8,5,2950,1,0,1
2015,13000,Diesel,Automatic,First,16.55,1968,140,5,23000,0,0,1
2009,140000,Diesel,Manual,Second,17.8,1248,75,5,2490,1,0,0
2015,130000,Diesel,Manual,First,25.2,1248,74,5,4500,1,0,1
2011,89401,Diesel,Manual,First,21.43,1364,87.2,5,4500,1,0,1
2015,67000,Diesel,Manual,First,27.3,1498,98.6,5,6900,1,0,1
2010,65329,Petrol,Automatic,First,7.94,4395,450,4,20720,0,1,1
2010,72000,Petrol,Manual,First,16.25,1198,73.9,5,2210,1,1,1
2011,82000,Diesel,Automatic,Second,12.35,2179,187.74,5,13900,0,0,0
2010,85000,Petrol,Manual,First,15.3,1596,101,5,1460,1,1,1
2012,83000,Diesel,Automatic,First,19.08,1582,126.32,5,6000,0,0,1
2016,26000,Petrol,Manual,First,21.7,999,67,5,3000,1,1,1
2012,27000,Diesel,Manual,First,22.3,1248,88.8,5,3500,1,0,1
2018,37746,Diesel,Manual,First,21.19,1396,88.73,5,7590,1,0,1
2009,63274,Petrol,Manual,Second,15,1586,104.68,5,1990,1,1,0
2016,25000,Petrol,Manual,First,25.17,799,53.3,5,3800,1,1,1
2013,197000,Diesel,Manual,First,11.68,2498,112,7,4000,1,0,1
2013,45010,Petrol,Manual,Second,21.1,814,55.2,5,2950,1,1,0
2013,75348,Diesel,Manual,First,25.8,1498,98.6,5,3750,1,0,1
2010,90110,Diesel,Manual,First,22.07,1199,73.9,5,2500,1,0,1
2011,102013,Petrol,Manual,First,17,1497,118,5,3750,1,1,1
2015,36000,Diesel,Automatic,First,12.55,2982,168.5,7,22000,0,0,1
2017,37578,Petrol,Manual,First,18,1198,86.7,5,6140,1,1,1
2015,46001,Diesel,Automatic,First,20.58,1995,143,5,16000,0,0,1
2014,46559,Petrol,Automatic,First,23.1,998,67.04,5,3750,0,1,1
2015,48000,Diesel,Manual,First,12.99,2494,100.6,8,11750,1,0,1
2013,46000,Diesel,Automatic,Second,16.36,2179,187.7,5,24000,0,0,0
2017,15000,Petrol,Manual,First,17.5,1199,88.7,5,8900,1,1,1
2012,85000,Diesel,Automatic,Third,17.05,1995,184,5,10000,0,0,0
2014,32000,Petrol,Automatic,First,14.3,1598,103.5,5,5550,0,1,1
2012,60818,Petrol,Manual,First,16.09,1598,103.5,5,3590,1,1,1
2019,35188,Diesel,Manual,First,22.77,1498,98.59,5,11130,1,0,1
2012,110000,Diesel,Manual,First,15.1,2179,140,7,7200,1,0,1
2014,61000,Diesel,Manual,First,18.6,1388,67,5,2980,1,0,1
2010,75000,Petrol,Manual,Second,17.92,1086,62.1,5,1700,1,1,0
2015,55000,Diesel,Automatic,First,12,2987,224,7,52000,0,0,1
2003,69966,Petrol,Manual,First,19.7,796,46.3,5,950,1,1,1
2016,42000,Petrol,Manual,First,17.8,1497,117.3,5,9250,1,1,1
2014,48000,Diesel,Automatic,First,13.01,2199,194.3,7,16250,0,0,1
2015,35000,Diesel,Automatic,First,17.9,2143,136,5,20990,0,0,1
2005,128000,Diesel,Manual,Second,12.8,2494,102,8,4250,1,0,0
2008,78000,Diesel,Automatic,Second,16.07,1995,181,5,7200,0,0,0
2011,53080,Petrol,Manual,First,18.6,1197,85.8,5,4400,1,1,1
2011,66000,Petrol,Manual,Second,15.04,1598,103.6,5,4250,1,1,0
2012,25000,Petrol,Manual,First,16.02,1373,93.7,7,5350,1,1,1
2016,36139,Petrol,Automatic,Second,18.9,1197,82,5,6300,0,1,0
2017,44000,Diesel,Manual,First,19.67,1582,126.2,5,12500,1,0,1
2008,50000,Diesel,Automatic,Second,16.77,2967,241.38,5,7500,0,0,0
2016,81177,Diesel,Manual,First,16,1997,140,7,11250,1,0,1
2016,26000,Petrol,Automatic,First,16.05,1499,110.4,5,7650,0,1,1
2016,100000,Diesel,Manual,First,24.4,1120,71,5,4500,1,0,1
2014,75000,Diesel,Automatic,First,21.21,1498,103.2,5,7500,0,0,1
2004,119859,Petrol,Automatic,First,13,2987,210,5,7100,0,1,1
2010,55980,Petrol,Manual,First,20.36,1197,78.9,5,2250,1,1,1
2015,30000,Diesel,Automatic,First,17.11,1968,174.33,5,27000,0,0,1
2012,49700,Diesel,Manual,Second,21.9,1396,88.76,5,4180,1,0,0
2013,79000,Diesel,Manual,First,23.5,1396,88.7,5,6500,1,0,1
2010,65100,Petrol,Manual,First,17,1497,118,5,3150,1,1,1
2016,54161,Diesel,Manual,First,25.47,1248,88.5,7,7640,1,0,1
2011,28619,Petrol,Manual,First,19.7,796,46.3,5,2400,1,1,1
2016,9000,Petrol,Automatic,First,20.51,998,67,5,4250,0,1,1
2016,42876,Diesel,Automatic,First,19.08,1582,126.2,5,9310,0,0,1
2011,64000,Petrol,Manual,First,19.7,796,46.3,5,2390,1,1,1
2018,20488,Petrol,Manual,Second,16.09,1598,103.5,5,7640,1,1,0
2016,21000,Petrol,Manual,First,21.4,1197,83.1,5,6210,1,1,1
2012,119203,Diesel,Automatic,First,0,2179,115,5,16500,0,0,1
2011,55987,Petrol,Automatic,First,13.7,1997,153.86,5,8220,0,1,1
2017,72668,Diesel,Manual,First,14.24,2755,174.5,7,28850,1,0,1
2015,32000,Petrol,Automatic,First,15.6,1497,116.3,5,8500,0,1,1
2014,3000,Petrol,Automatic,Second,12,5461,421,2,90000,0,1,0
2015,10400,Petrol,Manual,First,17.4,1497,117.3,5,6510,1,1,1
2013,35000,Diesel,Manual,First,22.9,1248,74,5,4650,1,0,1
2013,55101,Petrol,Automatic,First,14.53,1794,138.1,5,8400,0,1,1
2014,57464,Diesel,Manual,First,23.59,1364,67.06,5,5750,1,0,1
2006,110000,Petrol,Manual,First,18.9,998,67.1,5,1110,1,1,1
2014,72000,Petrol,Automatic,First,12,1991,184,5,17250,0,1,1
2012,16000,Diesel,Automatic,First,16.36,2179,187.7,5,32000,0,0,1
2011,62020,Petrol,Manual,First,17,1197,80,5,3450,1,1,1
2014,85000,Diesel,Automatic,Second,12.39,2179,147.51,5,23000,0,0,0
2018,14223,Petrol,Manual,First,18.6,1197,81.86,5,7320,1,1,1
2014,41210,Petrol,Manual,First,18,1198,86.7,5,4400,1,1,1
2015,20000,Diesel,Automatic,First,0,2987,165,5,47350,0,0,1
2016,18043,Petrol,Manual,First,22.74,796,47.3,5,4120,1,1,1
2016,80000,Diesel,Automatic,First,11.36,2755,171.5,7,19500,0,0,1
2016,21000,Petrol,Automatic,First,18.9,1197,82,5,6200,0,1,1
2016,49000,Diesel,Automatic,First,16.55,2993,258,5,45000,0,0,1
2010,95000,Petrol,Manual,Second,18.5,1197,80,5,2800,1,1,0
2015,32000,Petrol,Automatic,First,18.9,1197,82,5,4800,0,1,1
2014,122800,Diesel,Manual,First,25.01,1498,89.75,5,5650,1,0,1
2015,69000,Diesel,Manual,First,26.59,1248,74,5,5900,1,0,1
2015,65000,Diesel,Manual,Second,23.59,1364,67.04,5,5000,1,0,0
2015,23000,Petrol,Manual,First,19.1,1197,82,5,4900,1,1,1
2009,70000,Petrol,Manual,First,13.5,1799,130,5,4250,1,1,1
2014,250000,Diesel,Manual,First,12.99,2494,100.6,8,10900,1,0,1
2012,56000,Petrol,Manual,First,13.2,1495,94,5,2450,1,1,1
2013,30000,Petrol,Manual,First,22.74,796,47.3,5,2500,1,1,1
2010,35000,Petrol,Automatic,First,8.1,5461,387.3,2,29500,0,1,1
2013,92250,Diesel,Manual,Second,22.7,1498,89.84,5,5750,1,0,0
2018,40000,Petrol,Manual,First,20.14,1197,81.86,5,5000,1,1,1
2014,96848,Petrol,Automatic,First,14.3,1598,103.6,5,4620,0,1,1
2016,42000,Diesel,Automatic,First,15.73,1968,174.33,5,23500,0,0,1
2013,55886,Diesel,Manual,First,16,2179,140,7,7250,1,0,1
2019,12336,Petrol,Manual,First,17,1591,121.3,5,11880,1,1,1
2009,60000,Petrol,Manual,Third,13.9,1599,103.2,5,2250,1,1,0
2003,83000,Petrol,Manual,Second,14.2,1597,92,5,850,1,1,0
2018,24000,Petrol,Manual,First,19.69,1198,67.04,5,4000,1,1,1
2016,32198,Petrol,Automatic,First,16.5,1198,86.8,5,5100,0,1,1
2014,92247,Diesel,Manual,First,12.99,2494,100.6,7,12500,1,0,1
2011,121311,Diesel,Manual,First,20.64,1498,108.5,5,2900,1,0,1
2016,66296,Diesel,Manual,First,16,2179,140,7,15960,1,0,1
2015,41000,Petrol,Automatic,First,16.9,1197,82,5,5450,0,1,1
2017,38681,Diesel,Manual,First,13.5,2198,157.7,7,23860,1,0,1
2008,43761,Petrol,Manual,First,18,995,62,5,1750,1,1,1
2017,17400,Diesel,Manual,First,24.52,1248,88.5,7,9750,1,0,1
2013,61510,Diesel,Manual,First,25.8,1498,98.6,5,4750,1,0,1
2014,60000,Petrol,Manual,First,17.4,1497,117.3,5,6250,1,1,1
2014,35165,Diesel,Automatic,Second,23.8,1998,112,5,22000,0,0,0
2016,41617,Petrol,Automatic,First,14.53,1794,138.1,5,14140,0,1,1
2014,65000,Petrol,Automatic,First,13.7,1798,157.75,5,11950,0,1,1
2011,68000,Petrol,Manual,First,18.9,998,67.1,5,2500,1,1,1
2013,49000,Petrol,Manual,First,19.81,1086,68.05,5,2750,1,1,1
2019,16698,Petrol,Manual,First,23.84,1199,84,5,5850,1,1,1
2016,30965,Petrol,Manual,First,21.4,1197,83.1,5,6250,1,1,1
2014,56058,Petrol,Manual,First,15.04,1598,103.2,5,4950,1,1,1
2017,15356,Petrol,Manual,First,18.9,1197,81.86,5,4750,1,1,1
2013,54000,Diesel,Manual,First,20,1399,68.05,5,2550,1,0,1
2011,47000,Petrol,Automatic,Second,13.9,1799,130.3,5,4500,0,1,0
2015,21652,Petrol,Manual,First,22.74,796,47.3,5,3010,1,1,1
2016,52000,Diesel,Automatic,First,15.68,1999,177,5,42000,0,0,1
2010,35010,Diesel,Automatic,First,12.4,2698,179.5,5,11500,0,0,1
2006,76662,Diesel,Automatic,First,11,2987,198.5,5,10990,0,0,1
2009,89000,Petrol,Automatic,First,17,1497,118,5,3710,0,1,1
2006,80000,Petrol,Automatic,Third,10.1,2354,152,5,2000,0,1,0
2018,39023,Diesel,Manual,First,28.09,1248,88.5,5,9480,1,0,1
2004,62000,Petrol,Manual,Second,18.9,998,67.1,5,1250,1,1,0
2015,78046,Diesel,Manual,First,19.67,1582,126.2,5,10900,1,0,1
2015,34400,Diesel,Manual,First,28.09,1248,88.5,5,5500,1,0,1
2016,64624,Petrol,Manual,First,21.1,814,55.2,5,3710,1,1,1
2014,69192,Petrol,Manual,First,16.02,1373,93.7,7,6250,1,1,1
2012,55000,Diesel,Manual,First,20.54,1598,103.6,5,4900,1,0,1
2005,81000,Petrol,Manual,Second,12.8,1493,100,5,1100,1,1,0
2016,36733,Petrol,Manual,First,16.47,1198,73.9,5,4720,1,1,1
2017,24310,CNG,Manual,First,33.44,796,40.3,4,3700,1,0,1
2016,43022,Diesel,Automatic,First,17.9,2143,136,5,24850,0,0,1
2013,74000,Diesel,Manual,First,14.66,2199,194.3,7,12250,1,0,1
2014,47000,Diesel,Manual,First,22.9,1248,74,5,3900,1,0,1
2017,37460,Petrol,Manual,First,18.6,1197,81.86,5,6280,1,1,1
2011,130000,Diesel,Manual,First,14,2498,112,8,2750,1,0,1
2017,31576,Petrol,Manual,First,18.9,1197,82,5,7850,1,1,1
2011,66000,Petrol,Manual,First,15.04,1598,103.6,5,2950,1,1,1
2008,79000,Petrol,Automatic,Second,11.7,2354,177.6,5,4850,0,1,0
2011,47140,Diesel,Automatic,Second,13.5,2925,281.61,5,30000,0,0,0
2016,36610,Diesel,Automatic,First,15,2143,107.3,5,19900,0,0,1
2016,93000,Diesel,Manual,First,20.5,1582,126.2,5,10800,1,0,1
2007,52195,Petrol,Manual,First,19.7,796,46.3,5,1750,1,1,1
2016,20003,Diesel,Automatic,First,20.38,1968,143,5,19250,0,0,1
2013,66314,Diesel,Manual,First,19.87,1461,83.8,5,5500,1,0,1
2009,76000,Diesel,Manual,First,17.8,1399,68,5,2750,1,0,1
2015,29000,Diesel,Manual,First,19.67,1582,126.2,5,13000,1,0,1
2011,30000,Diesel,Manual,First,20,1399,68,5,3200,1,0,1
2013,56526,Petrol,Manual,First,15.26,1598,103.5,5,5840,1,1,1
2015,38000,Diesel,Automatic,Second,16.8,1969,150,5,24000,0,0,0
2012,41000,Diesel,Automatic,First,19.08,1582,126.32,5,6250,0,0,1
2009,53000,Diesel,Automatic,First,14.49,2993,258,5,36000,0,0,1
2003,125000,Diesel,Manual,Third,14.8,1998,68,5,3000,1,0,0
2010,242000,Diesel,Manual,First,11.5,2982,171,7,11000,1,0,1
2015,90000,Diesel,Manual,First,26.21,1248,88.5,5,6500,1,0,1
2018,11000,Diesel,Manual,First,24.3,1248,88.5,5,9400,1,0,1
2018,21936,Diesel,Automatic,First,21.76,1995,190,5,37920,0,0,1
2013,41000,Petrol,Automatic,First,14.4,1598,103.6,5,5250,0,1,1
2011,47000,Petrol,Manual,First,17,1197,80,5,4500,1,1,1
2009,110000,Diesel,Automatic,First,11,2993,235,5,18000,0,0,1
2015,45960,Petrol,Manual,First,19.1,1197,82,5,5560,1,1,1
2013,48000,Diesel,Automatic,First,14.21,2143,203,5,22000,0,0,1
2011,68000,Diesel,Automatic,First,12.39,2179,147.51,5,22000,0,0,1
2011,41000,Petrol,Manual,First,20.36,1197,78.9,5,2650,1,1,1
2013,69573,Diesel,Manual,Second,22.32,1582,126.32,5,5850,1,0,0
2012,115000,Diesel,Manual,First,19.33,1968,138.1,5,6950,1,0,1
2012,47629,Diesel,Manual,First,15.1,2179,140,7,6500,1,0,1
2004,66624,Petrol,Manual,Third,19.7,796,35,8,850,1,1,0
2013,80000,Petrol,Automatic,Second,14.67,1798,177.46,5,7250,0,1,0
2012,94868,Diesel,Manual,First,22.9,1248,74,5,4500,1,0,1
2010,76477,Diesel,Manual,First,10.5,2179,120,8,4250,1,0,1
2016,28000,Petrol,Automatic,First,13.7,1991,183,5,26000,0,1,1
2017,28599,Diesel,Manual,First,16.55,2498,105,6,9660,1,0,1
2013,45348,Diesel,Manual,Second,19.01,1461,108.45,5,6850,1,0,0
2013,80127,Diesel,Automatic,First,12.8,1968,167.6,5,23680,0,0,1
2013,68000,Diesel,Automatic,Second,12.39,2179,147.51,5,15750,0,0,0
2012,75000,Diesel,Manual,Third,20.54,1598,103.6,5,3500,1,0,0
2006,48000,Petrol,Automatic,Second,11.62,2979,306,5,6990,0,1,0
2019,41871,Diesel,Manual,First,22.7,1582,126.2,5,15570,1,0,1
2015,84931,Diesel,Manual,First,15.3,2956,83.8,7,5290,1,0,1
2016,15000,Petrol,Manual,First,22.7,799,53.64,5,2250,1,1,1
2009,110000,Diesel,Automatic,First,11.7,2993,245,5,20000,0,0,1
2011,5900,Petrol,Automatic,First,7.94,4395,450,4,47500,0,1,1
2002,103653,Petrol,Manual,Second,18.9,1061,47,5,1220,1,1,0
2012,64806,Petrol,Manual,First,16.47,1198,73.9,5,3650,1,1,1
2016,35000,Petrol,Manual,First,20.62,1198,67,7,3100,1,1,1
2016,40000,Petrol,Manual,First,15.29,1591,121.3,5,11500,1,1,1
2015,23876,Petrol,Manual,First,24.07,998,67.1,5,3460,1,1,1
2013,67901,Diesel,Manual,First,14.66,2199,194.3,7,8380,1,0,1
2014,68865,Diesel,Manual,First,15.11,1598,103.6,5,4800,1,0,1
2014,71000,Diesel,Manual,Second,25.8,1498,98.6,5,4500,1,0,0
2014,25000,Diesel,Manual,First,22.9,1248,74,5,3950,1,0,1
2012,180000,Diesel,Manual,First,20.5,1598,103.5,5,3650,1,0,1
2005,131000,Diesel,Automatic,First,11,2987,198.5,5,10000,0,0,1
2011,65000,Diesel,Manual,Second,12.05,2179,120,8,4000,1,0,0
2012,117777,Diesel,Manual,First,21.64,1461,84.8,5,4750,1,0,1
2009,65000,Petrol,Manual,Second,17.5,1298,85.8,5,3100,1,1,0
2017,46897,Petrol,Manual,First,21.1,814,55.2,5,3610,1,1,1
2015,36695,Petrol,Manual,First,19.4,1198,86.8,5,4290,1,1,1
2011,43000,Petrol,Manual,First,18.06,1198,75,5,2130,1,1,1
2008,54000,Petrol,Manual,First,19.7,796,46.3,5,1100,1,1,1
2011,89000,Diesel,Automatic,First,22.69,1995,190,5,13950,0,0,1
2014,7000,Petrol,Manual,First,16.47,1198,74,5,5350,1,1,1
2014,58470,Petrol,Manual,First,23.1,998,67.04,5,3900,1,1,1
2014,37000,Petrol,Manual,First,21.5,1197,81.8,5,2800,1,1,1
2016,29000,Diesel,Manual,First,26.21,1248,88.5,5,8750,1,0,1
2013,52000,Diesel,Automatic,First,16.55,1968,147.51,5,19500,0,0,1
2013,32807,Petrol,Manual,First,19.4,1198,86.8,5,2750,1,1,1
2013,86000,Diesel,Automatic,First,11.79,2179,120,8,8000,0,0,1
2014,66500,Diesel,Manual,First,26,1498,98.6,5,5700,1,0,1
2012,94000,Diesel,Automatic,First,17.05,1995,184,5,12500,0,0,1
2011,29000,Petrol,Manual,Second,18,995,62,5,1750,1,1,0
2010,107389,Diesel,Manual,Second,20,1399,68,5,1900,1,0,0
2015,36100,Petrol,Manual,First,20.4,1197,81.8,5,4500,1,1,1
2015,16329,Diesel,Automatic,First,19.27,2143,170,5,30300,0,0,1
2014,36000,Diesel,Automatic,First,19.3,1968,141,5,16000,0,0,1
2017,41816,Diesel,Automatic,First,18.56,1995,190,5,32780,0,0,1
2015,54680,Petrol,Manual,First,21.1,814,55.2,5,2500,1,1,1
2017,14000,Diesel,Automatic,First,18.25,1968,187.74,5,43000,0,0,1
2017,23977,Petrol,Manual,First,18.16,1196,86.8,5,5380,1,1,1
2013,30131,Petrol,Manual,First,20.92,998,67.1,5,2650,1,1,1
2017,2530,Petrol,Manual,First,24.7,796,47.3,5,3300,1,1,1
2015,39000,Diesel,Automatic,First,19.27,2143,167.62,5,34000,0,0,1
2001,140000,Petrol,Manual,Third,20.3,1086,68,5,700,1,1,0
2017,32257,Diesel,Manual,First,24.4,1120,71,5,6830,1,0,1
2016,46983,Diesel,Manual,First,25.8,1498,98.6,5,5770,1,0,1
2008,107000,Diesel,Manual,Second,17.8,1248,75,5,3100,1,0,0
2017,19000,Petrol,Manual,First,16.2,1199,74,5,4950,1,1,1
2013,88000,Diesel,Automatic,First,17.11,1968,174.33,5,16250,0,0,1
2012,84384,Diesel,Automatic,First,10.2,4367,308,7,52540,0,0,1
2011,128000,Diesel,Manual,Third,16,2179,140,7,6400,1,0,0
2011,71000,Diesel,Manual,Third,13.1,2499,141,7,6950,1,0,0
2008,50000,Diesel,Manual,First,17.2,1396,53.5,5,850,1,0,1
2016,16000,Petrol,Manual,First,21.4,1197,83.1,5,6950,1,1,1
2017,82000,Diesel,Manual,First,24.4,1120,71,5,3450,1,0,1
2008,80000,Petrol,Manual,First,13.5,1799,130,5,2750,1,1,1
2015,36000,Petrol,Manual,Second,18.6,1197,81.83,5,4950,1,1,0
2018,17477,Petrol,Manual,First,17,1198,108.5,5,9620,1,1,1
2016,16725,Petrol,Manual,First,18.6,1197,81.83,5,6790,1,1,1
2014,48241,Petrol,Manual,First,19.1,1197,85.8,5,4500,1,1,1
2014,52431,Petrol,Manual,First,22.5,998,67.04,5,3010,1,1,1
2012,68000,Diesel,Manual,First,21.9,1396,88.76,5,4400,1,0,1
2012,158000,Diesel,Automatic,First,12.55,2982,168.5,7,17490,0,0,1
2014,31446,Petrol,Manual,First,20.36,1197,78.9,5,4660,1,1,1
2015,25000,Petrol,Manual,First,18.9,1197,82,5,5500,1,1,1
2016,57000,Petrol,Manual,First,18.6,1197,81.83,5,6000,1,1,1
2018,57078,Diesel,Manual,First,24.3,1248,88.5,5,10190,1,0,1
2016,47471,Diesel,Manual,First,25.8,1498,98.6,5,5250,1,0,1
2014,50000,Diesel,Automatic,First,15.26,2143,203.2,5,45000,0,0,1
2010,62000,Diesel,Manual,First,23,1396,90,5,2700,1,0,1
2013,65807,Petrol,Manual,First,19.81,1086,68.05,5,3390,1,1,1
2014,81768,Diesel,Manual,First,26.59,1248,74,5,5690,1,0,1
2018,9952,Petrol,Automatic,First,10.37,2979,306,2,58540,0,1,1
2017,24000,Diesel,Manual,First,27.39,1248,74,5,8400,1,0,1
2012,72921,Diesel,Manual,First,25.44,936,57.6,5,2500,1,0,1
2012,59000,Petrol,Manual,First,19.4,1198,86.8,5,3250,1,1,1
2014,33000,Diesel,Manual,Second,20,1399,68.05,5,3250,1,0,0
2016,36789,Petrol,Automatic,First,23.1,998,67.04,5,4250,0,1,1
2014,41000,Diesel,Automatic,First,14.84,2143,170,5,18500,0,0,1
2015,46650,Petrol,Manual,First,19.4,1198,86.8,5,4250,1,1,1
2018,3000,Petrol,Automatic,First,21.4,1197,83.1,5,8850,0,1,1
2014,14799,Petrol,Manual,First,21.1,814,55.2,5,4140,1,1,1
2015,68525,Diesel,Manual,First,23,1396,90,5,7000,1,0,1
2018,15000,Diesel,Automatic,First,10.91,3198,197,7,33000,0,0,1
2017,29000,Petrol,Manual,First,17.4,1497,117.3,5,10000,1,1,1
2012,77407,Diesel,Manual,Second,21.5,1248,88.8,5,3530,1,0,0
2007,118000,Petrol,Manual,First,12.9,1598,102.5,5,1350,1,1,1
2013,75000,Diesel,Manual,First,20.54,1598,103.6,5,4500,1,0,1
2012,69000,Petrol,Manual,First,16.8,1497,116.3,5,4900,1,1,1
2016,52553,Diesel,Manual,First,19.67,1582,126.2,5,12260,1,0,1
2014,58000,Diesel,Manual,Second,24.4,1120,71,5,3990,1,0,0
2017,24000,Diesel,Automatic,First,17.9,2143,170,5,46950,0,0,1
2015,65542,Diesel,Manual,First,20,1399,68,5,3800,1,0,1
2013,68008,Diesel,Manual,Second,15,1896,105,5,6750,1,0,0
2017,22251,Diesel,Manual,First,18.49,1493,100,7,8750,1,0,1
2013,55000,Petrol,Manual,Second,15.8,1499,110,5,5200,1,1,0
2017,19387,Petrol,Manual,First,17.1,1591,121.3,5,8420,1,1,1
2014,58000,CNG,Manual,First,26.6,998,58.16,5,3000,1,0,1
2016,24001,Petrol,Manual,First,18.6,1197,81.83,5,5750,1,1,1
2008,17000,Diesel,Automatic,First,15.2,1968,140.8,5,9750,0,0,1
2015,28500,Petrol,Manual,First,19.49,1198,67.04,5,3500,1,1,1
2014,66000,Diesel,Automatic,First,15.26,2143,203.2,5,30000,0,0,1
2017,22000,Diesel,Automatic,First,12.83,2179,147.5,5,35000,0,0,1
2018,44383,Petrol,Manual,First,15.8,1591,121.3,5,13250,1,1,1
2013,45000,Diesel,Manual,First,20.5,1598,103.5,5,3650,1,0,1
2015,58000,Diesel,Manual,First,23.4,1248,74,5,5250,1,0,1
2016,69000,Petrol,Manual,First,15.8,1591,121.3,5,9700,1,1,1
2017,60993,Diesel,Manual,First,24,1120,70,5,5210,1,0,1
2016,67000,Diesel,Manual,First,18.49,1493,100,7,6300,1,0,1
2014,51134,Diesel,Manual,First,24,1120,70,5,4720,1,0,1
2011,55000,Diesel,Automatic,Second,11.7,2993,245,5,28000,0,0,0
2018,25082,Diesel,Automatic,First,28.4,1248,73.75,5,8370,0,0,1
2012,68350,Diesel,Manual,First,12.55,2982,168.5,7,14000,1,0,1
2015,50000,Diesel,Automatic,First,17.68,1968,174.33,5,36000,0,0,1
2015,97000,Diesel,Manual,First,27.3,1498,98.6,5,6400,1,0,1
2015,56238,Diesel,Automatic,First,11.33,4134,335.2,7,51690,0,0,1
2014,72618,Diesel,Manual,First,12.05,2179,120,7,8000,1,0,1
2012,62005,Diesel,Manual,First,18.3,1991,147.9,5,9800,1,0,1
2012,61250,Diesel,Manual,First,25.44,936,57.6,5,2700,1,0,1
2014,28469,Diesel,Automatic,First,18.25,1968,187.74,5,24370,0,0,1
2018,21488,Petrol,Automatic,First,14.3,1598,103.52,5,9720,0,1,1
2014,197000,Diesel,Manual,First,23.4,1248,74,5,5000,1,0,1
2009,138205,Diesel,Manual,Second,11.5,2982,171,7,10500,1,0,0
2012,160000,Diesel,Manual,Second,22.9,1248,74,5,3900,1,0,0
2012,67590,Petrol,Manual,First,17,1497,118,5,5650,1,1,1
2012,52000,Diesel,Automatic,First,15.26,2143,203.2,5,29950,0,0,1
2008,100000,Diesel,Manual,Second,17.8,1248,75,5,3000,1,0,0
2017,60048,Diesel,Manual,First,26.1,1498,99,5,6000,1,0,1
2009,48000,Petrol,Manual,First,20.36,1197,78.9,5,2110,1,1,1
2011,100000,Petrol,Manual,First,19.7,796,46.3,5,1500,1,1,1
2006,80010,Petrol,Manual,Second,20.4,1197,81.8,5,2850,1,1,0
2017,26493,Diesel,Automatic,First,19.27,2143,170,5,33640,0,0,1
2011,96000,Diesel,Manual,Second,17.88,1396,52.8,5,910,1,0,0
2014,45700,Petrol,Manual,Second,22.74,796,47.3,5,2420,1,1,0
2005,13000,Petrol,Automatic,First,9.3,2771,193.1,5,3250,0,1,1
2013,38000,Petrol,Manual,First,16.47,1198,73.9,5,2800,1,1,1
2019,8018,Petrol,Automatic,First,22,1197,81.8,5,8300,0,1,1
2010,144400,Diesel,Manual,Third,12.05,2179,120,8,5250,1,0,0
2010,152000,Diesel,Manual,First,17.8,1248,75,5,2900,1,0,1
2013,71000,Diesel,Automatic,First,18.88,1995,184,5,15000,0,0,1
2012,80000,Petrol,Manual,Second,25.4,624,37.5,4,530,1,1,0
2014,87143,Diesel,Manual,First,12.99,2494,100,8,12500,1,0,1
2012,25000,Petrol,Manual,First,18.4,1198,86.8,5,2750,1,1,1
2018,2000,Petrol,Automatic,First,23.84,1199,83.83,5,5000,0,1,1
2014,45239,Diesel,Manual,First,12.05,2179,120,8,7090,1,0,1
2011,101999,Diesel,Automatic,First,16.73,1995,218,5,19990,0,0,1
2014,74219,Diesel,Manual,First,21.43,1364,87.2,5,10750,1,0,1
2016,25000,Petrol,Automatic,First,18,1497,117.3,5,9450,0,1,1
2008,109606,Diesel,Manual,First,22,1582,126.2,5,2900,1,0,1
2015,36000,Diesel,Manual,First,26.59,1248,74,5,4700,1,0,1
2016,41810,Petrol,Manual,First,20.73,1373,91.1,5,7110,1,1,1
2014,93321,Diesel,Manual,First,22.7,1498,89.84,5,6250,1,0,1
2011,81000,Petrol,Manual,First,20.92,998,67.1,5,2200,1,1,1
2019,25717,Petrol,Automatic,First,19,1199,88.76,5,8860,0,1,1
2015,37000,Diesel,Manual,First,15.1,2179,140,7,9300,1,0,1
2017,56380,Diesel,Manual,First,18.49,1493,100,7,7570,1,0,1
2017,8000,Petrol,Manual,First,18.2,1199,88.7,5,7900,1,1,1
2018,14589,Petrol,Manual,First,16.1,1298,88.2,5,5650,1,1,1
2013,65088,Petrol,Manual,First,16.47,1198,73.9,5,3250,1,1,1
2019,24864,Diesel,Manual,First,20.5,1582,126.2,5,16270,1,0,1
2011,64831,Petrol,Manual,First,18.6,1199,79.4,5,3210,1,1,1
2013,38001,Diesel,Manual,First,25.8,1498,98.6,5,3900,1,0,1
2008,77000,Petrol,Automatic,Second,10,2496,157.7,5,6500,0,1,0
2016,27000,Diesel,Automatic,First,18.59,2993,265,5,48000,0,0,1
2016,39000,Diesel,Automatic,First,20.38,1968,143,5,18900,0,0,1
2015,131000,Diesel,Manual,First,26.59,1248,74,5,3600,1,0,1
2015,43000,Diesel,Manual,First,26.59,1248,74,5,5500,1,0,1
2011,68000,Diesel,Manual,Second,12.8,2494,102,7,7000,1,0,0
2016,45165,Diesel,Automatic,First,16.09,1995,184,5,41750,0,0,1
2007,120000,Diesel,Automatic,First,16.73,1995,218,5,10500,0,0,1
2014,86091,Diesel,Manual,First,15.1,2179,140,7,10090,1,0,1
2009,71499,Petrol,Manual,First,17,1497,118,5,3000,1,1,1
2014,50000,Diesel,Manual,First,17,2200,139.01,7,12000,1,0,1
2015,66000,Diesel,Manual,First,20.14,1498,88,5,4910,1,0,1
2010,45000,Petrol,Manual,First,16,1198,90,5,2000,1,1,1
2015,69189,Diesel,Manual,First,23.59,1364,67.06,5,5300,1,0,1
2014,40206,Diesel,Manual,First,19.01,1461,108.5,5,7220,1,0,1
2017,36723,Diesel,Automatic,First,18.56,1995,190,5,32570,0,0,1
2010,57500,Petrol,Manual,First,18.5,1197,80,5,2750,1,1,1
2018,43912,CNG,Manual,First,15.1,1196,73,5,4330,1,0,1
2011,52000,Diesel,Manual,First,17.8,1399,68,5,3750,1,0,1
2014,60952,Petrol,Automatic,First,16.8,1497,118,5,5910,0,1,1
2013,87192,Diesel,Manual,First,25.2,1248,74,5,4350,1,0,1
2014,58000,Diesel,Manual,First,24,1120,70,5,3250,1,0,1
2017,59500,Diesel,Automatic,First,14.75,2967,245,7,68000,0,0,1
2016,16650,Petrol,Manual,First,17,1198,74,5,5500,1,1,1
2018,34696,Petrol,Automatic,First,18,1497,117.3,5,12080,0,1,1
2018,42243,Diesel,Manual,First,27.39,1248,74,5,7480,1,0,1
2016,57824,Diesel,Manual,First,24,1120,70,5,5500,1,0,1
2011,110000,Diesel,Manual,First,19.3,1248,73.9,5,3500,1,0,1
2013,72000,Diesel,Automatic,First,0,2179,115,5,15500,0,0,1
2013,63455,Diesel,Manual,First,11.5,2982,171,7,19000,1,0,1
2017,17151,Diesel,Manual,First,27.3,1498,98.6,5,8400,1,0,1
2016,31001,Diesel,Manual,First,24.3,1248,88.5,5,7250,1,0,1
2014,42109,Diesel,Manual,First,23.4,1248,74,5,4250,1,0,1
2015,55000,Diesel,Automatic,Second,21.66,1498,103.52,5,5700,0,0,0
2013,30852,Petrol,Manual,First,22.74,796,47.3,5,2490,1,1,1
2011,65000,Petrol,Manual,Second,16.47,1198,73.9,5,3000,1,1,0
2015,65000,Diesel,Manual,First,26,1498,98.6,5,5950,1,0,1
2013,72000,Diesel,Manual,First,23.4,1248,74,5,2690,1,0,1
2014,29000,Diesel,Automatic,First,17.11,1968,174.33,5,26000,0,0,1
2015,32000,Petrol,Manual,First,17.8,1497,117.3,5,5500,1,1,1
2016,29875,Petrol,Manual,First,18.16,1196,86.8,5,4850,1,1,1
2018,32539,Diesel,Manual,First,24.3,1248,88.5,5,8390,1,0,1
2015,83090,Diesel,Manual,First,19.01,1461,108.45,5,7990,1,0,1
2016,62679,Diesel,Manual,First,21.19,1396,88.73,5,6950,1,0,1
2010,93000,Petrol,Manual,First,15.7,1390,75,5,1500,1,1,1
2006,44000,Petrol,Manual,First,17.7,1497,78,5,1550,1,1,1
2010,78400,Petrol,Manual,Second,15.6,1196,70,5,2750,1,1,0
2014,71300,Petrol,Manual,First,13.06,1598,102.53,5,4250,1,1,1
2015,18000,Petrol,Manual,First,20.36,1197,78.9,5,2850,1,1,1
2019,24013,Diesel,Automatic,First,12.81,1999,148.31,7,56140,0,0,1
2009,99100,Petrol,Automatic,Second,9.74,1984,208,5,10000,0,1,0
2003,62000,Petrol,Manual,Second,11.3,1298,83.1,8,1250,1,1,0
2017,14000,Diesel,Manual,First,26.59,1248,74,5,7500,1,0,1
2015,44811,Diesel,Automatic,First,17.11,1968,174.33,5,25810,0,0,1
2014,44000,Petrol,Manual,First,16.47,1198,74,5,4300,1,1,1
2010,136000,Diesel,Manual,Second,11.5,2982,171,7,11000,1,0,0
2010,144113,Diesel,Manual,Second,11.5,2982,171,7,11750,1,0,0
2012,94989,Petrol,Manual,First,12.8,2354,177.6,5,6580,1,1,1
2012,58133,Diesel,Manual,First,22.9,1248,74,5,4800,1,0,1
2008,61000,Petrol,Manual,Second,17.5,1198,70,5,1650,1,1,0
2017,27000,Diesel,Manual,First,17.1,1956,170,5,15000,1,0,1
2014,18050,Petrol,Manual,Second,25.4,624,37.5,4,1000,1,1,0
2007,145277,Petrol,Manual,First,15.3,1596,101,5,1650,1,1,1
2015,42000,Diesel,Manual,First,27.62,793,47,5,3600,1,0,1
2011,86000,Diesel,Manual,First,11.5,2982,171,7,11500,1,0,1
2015,42150,Diesel,Manual,First,27.62,793,47,5,3600,1,0,1
2015,30158,Petrol,Manual,First,21.1,814,55.2,5,3050,1,1,1
2011,47000,Diesel,Manual,Second,23.5,1498,90,5,6000,1,0,0
2013,39000,Petrol,Manual,First,16.47,1198,74,5,3750,1,1,1
2016,32125,Petrol,Manual,First,16.2,1199,74,5,6170,1,1,1
2017,58829,Diesel,Manual,First,24.3,1248,88.5,5,9050,1,0,1
2013,67559,Petrol,Manual,First,19.4,1198,86.8,5,4050,1,1,1
2013,55000,Petrol,Manual,First,17.5,1298,85.8,5,4250,1,1,1
2018,30000,Petrol,Manual,First,23.1,998,67.04,5,3750,1,1,1
2016,28000,Petrol,Automatic,First,13,1591,121.3,5,11850,0,1,1
2016,31826,Diesel,Manual,First,22.7,1498,89.84,5,8240,1,0,1
2016,64000,Diesel,Manual,First,17.8,1248,null,5,5990,1,0,1
2008,100009,Petrol,Manual,Second,13.1,1997,141.1,5,6500,1,1,0
2019,17201,Diesel,Automatic,First,12.51,2179,187.7,7,58910,0,0,1
2014,74345,Diesel,Manual,First,15.1,2179,140,7,8000,1,0,1
2015,58134,Petrol,Manual,First,16.47,1198,74,5,4640,1,1,1
2010,30566,Petrol,Automatic,First,19.2,1197,80,5,3320,0,1,1
2012,55231,Petrol,Manual,Second,20.36,1197,78.9,5,2780,1,1,0
2016,67774,Diesel,Automatic,First,14.81,1998,163.7,5,8950,0,0,1
2013,50319,Petrol,Automatic,First,12,1991,181.03,5,21950,0,1,1
2013,45000,Petrol,Manual,First,11.7,2359,134,5,7900,1,1,1
2007,43627,Petrol,Automatic,First,11.74,1796,186,5,29000,0,1,1
2013,45000,Diesel,Manual,First,22.07,1199,73.9,5,3250,1,0,1
2014,10500,Petrol,Manual,First,17.4,1497,117.3,5,5900,1,1,1
2017,21789,Diesel,Manual,First,24.3,1248,88.5,5,9880,1,0,1
2019,21134,Petrol,Manual,First,18.6,1197,81.86,5,8780,1,1,1
2011,90000,Diesel,Manual,Second,13.93,2179,138.1,7,2750,1,0,0
2014,51553,Diesel,Manual,First,21.64,1461,84.8,5,5980,1,0,1
2011,31000,Petrol,Automatic,First,10.9,2497,215,5,31000,0,1,1
2011,67422,Petrol,Manual,Second,14.53,1798,138,5,3550,1,1,0
2015,60519,Diesel,Manual,First,22.32,1582,126.32,5,6240,1,0,1
2009,34000,Diesel,Manual,First,19.3,1248,73.9,5,2190,1,0,1
2013,68434,Diesel,Manual,First,28.4,1248,73.75,5,5500,1,0,1
2014,17000,Petrol,Manual,First,24.07,998,67.1,5,2100,1,1,1
2011,43686,Petrol,Automatic,First,10.5,5000,503,4,50660,0,1,1
2012,22000,Diesel,Automatic,First,14.84,2143,170,5,14000,0,0,1
2013,79225,Diesel,Manual,First,22,1582,126.2,5,5500,1,0,1
2007,63000,Petrol,Manual,Third,14.2,1598,102,5,1200,1,1,0
2014,61922,Petrol,Manual,First,20.4,1197,81.8,5,5300,1,1,1
2015,85000,Diesel,Manual,First,23.9,1582,126.2,5,6300,1,0,1
2017,26192,Diesel,Automatic,First,17.9,2143,168,5,40470,0,0,1
2013,65000,Diesel,Manual,First,13,2982,168.5,7,16100,1,0,1
2014,44999,Diesel,Automatic,First,12.8,1968,167.6,5,25000,0,0,1
2008,81308,Diesel,Automatic,Second,13.2,1995,170,5,7950,0,0,0
2016,35000,Petrol,Manual,First,24.7,796,47.3,5,2650,1,1,1
2012,65349,Petrol,Manual,First,20.92,998,67.1,5,2810,1,1,1
2012,80000,Petrol,Automatic,First,15.64,1798,167.62,5,17500,0,1,1
2012,61000,Petrol,Manual,First,16.1,1197,85,5,3300,1,1,1
2019,31817,Petrol,Manual,First,22.5,998,67.04,5,5340,1,1,1
2016,41000,Diesel,Manual,First,21.14,1498,103.52,5,8500,1,0,1
2010,82606,Petrol,Manual,Second,16,1198,90,5,2690,1,1,0
2015,52000,Diesel,Manual,First,16,2179,140,7,11500,1,0,1
2011,50318,Petrol,Manual,First,18.5,1197,85.8,5,4060,1,1,1
2016,50000,Diesel,Automatic,First,17.9,2143,201.15,5,49000,0,0,1
2012,72000,Diesel,Manual,First,20.5,1598,103.5,5,4600,1,0,1
2015,63776,Diesel,Manual,First,24,1120,70,5,3960,1,0,1
2015,28133,Petrol,Manual,First,18.6,1197,81.86,5,5600,1,1,1
2017,45000,Diesel,Manual,First,22.95,1248,74,5,3750,1,0,1
2015,55697,Diesel,Manual,First,22.54,1396,88.73,5,5500,1,0,1
2012,62000,Diesel,Manual,Second,20.5,1598,103.5,5,3000,1,0,0
2011,48000,Petrol,Manual,First,16,1368,90,5,3000,1,1,1
2010,90246,Petrol,Manual,First,16.1,1298,88.2,5,2950,1,1,1
2015,80500,Diesel,Manual,First,25,1396,69,5,2450,1,0,1
2012,119000,Diesel,Automatic,First,14.84,2143,170,5,13990,0,0,1
2016,28541,Diesel,Automatic,First,11.57,2987,254.79,5,60750,0,0,1
2012,41000,Petrol,Manual,Second,16.8,1497,116.3,5,4500,1,1,0
2010,58000,Petrol,Manual,Second,18.5,1197,80,5,2500,1,1,0
2015,99000,Diesel,Manual,First,13,2982,168.5,7,20500,1,0,1
2014,31200,Petrol,Manual,First,18.9,1197,82,5,3900,1,1,1
2009,85000,Diesel,Manual,Second,15,1896,105,5,3500,1,0,0
2016,60924,Petrol,Automatic,First,15.63,1499,110.4,5,8300,0,1,1
2012,45000,Petrol,Manual,First,21.1,814,55.2,5,2500,1,1,1
2011,44000,Petrol,Automatic,First,19.15,1198,75.94,5,2650,0,1,1
2016,30534,Petrol,Automatic,First,19,1199,88.7,5,7420,0,1,1
2016,46399,Petrol,Manual,First,16.47,1198,74,5,4630,1,1,1
2008,42000,Petrol,Manual,First,19.7,796,46.3,5,1090,1,1,1
2011,67000,Diesel,Manual,First,22.32,1582,126.32,5,3800,1,0,1
2013,58000,Diesel,Automatic,First,10,2148,170,5,15750,0,0,1
2015,27000,Petrol,Manual,First,17.57,1193,88.7,5,5270,1,1,1
2012,39566,Petrol,Manual,Second,18.4,1198,86.8,5,2750,1,1,0
2016,14980,Diesel,Manual,First,27.3,1498,98.6,5,7400,1,0,1
2017,18491,Petrol,Automatic,First,24.07,998,67.1,5,3900,0,1,1
2000,90000,Petrol,Manual,Second,17.3,993,60,5,700,1,1,0
2015,118211,Diesel,Manual,First,22.54,1396,88.73,5,5900,1,0,1
2016,63316,Diesel,Manual,First,22.7,1598,118,5,9580,1,0,1
2014,42000,Diesel,Automatic,First,14.21,2143,203,5,24950,0,0,1
2015,25648,Petrol,Manual,First,13.7,1399,98.82,7,4290,1,1,1
2011,67612,Diesel,Automatic,Second,14.21,2143,203,5,11500,0,0,0
2016,33000,Diesel,Manual,First,16,2179,140,7,9650,1,0,1
2015,20000,Petrol,Manual,First,20.36,1197,78.9,5,3750,1,1,1
2007,143000,Petrol,Manual,Second,14.2,1341,82.9,5,1100,1,1,0
2014,118218,Diesel,Automatic,First,12.07,2967,241.4,7,31410,0,0,1
2012,99000,Diesel,Manual,Third,12.05,2179,120,8,6000,1,0,0
2016,22700,Petrol,Manual,First,18.7,1199,88.7,5,5550,1,1,1
2017,28000,Diesel,Manual,First,14,2179,138.1,7,10910,1,0,1
2014,62000,Diesel,Manual,First,15.1,2179,140,7,7250,1,0,1
2012,107023,Diesel,Manual,First,22.07,1199,73.9,5,3900,1,0,1
2012,71082,Diesel,Manual,First,19.3,1248,73.9,5,3950,1,0,1
2013,60000,Diesel,Automatic,First,15.73,1968,174.33,5,22000,0,0,1
2014,21701,Petrol,Manual,First,23.1,998,67.04,5,3380,1,1,1
2011,56000,Petrol,Manual,First,16.8,1497,116.3,5,3450,1,1,1
2016,32450,Petrol,Manual,First,18.6,1197,81.83,5,5750,1,1,1
2016,12500,Petrol,Manual,First,25.17,799,53.3,5,2750,1,1,1
2019,20483,Diesel,Automatic,First,17.9,2143,136,5,30300,0,0,1
2014,45800,Diesel,Manual,First,22.7,1498,89.84,5,7500,1,0,1
2015,35441,Petrol,Manual,First,18.6,1197,81.83,5,6870,1,1,1
2015,86398,Diesel,Manual,First,12.99,2494,100.6,7,15200,1,0,1
2012,150000,Diesel,Manual,First,21.64,1461,84.8,5,3500,1,0,1
2014,89000,Diesel,Manual,First,25.2,1248,74,5,5850,1,0,1
2010,68375,Petrol,Manual,First,19,998,66.1,5,2500,1,1,1
2013,52000,Petrol,Manual,First,18.6,1197,85.8,5,3950,1,1,1
2017,39000,Diesel,Automatic,First,17.9,2143,136,5,27000,0,0,1
2014,68000,Petrol,Manual,Second,16.02,1373,93.7,7,6750,1,1,0
2007,71000,Petrol,Manual,Second,18.9,998,67.1,5,1500,1,1,0
2012,72003,Diesel,Manual,First,22.07,1199,73.9,5,3900,1,0,1
2014,135670,Diesel,Manual,First,22.7,1498,89.84,5,6550,1,0,1
2017,65850,Diesel,Manual,First,25.1,1498,98.6,5,9440,1,0,1
2015,53920,Petrol,Manual,First,14.28,1798,138.03,5,10770,1,1,1
2014,58000,Diesel,Manual,First,15.1,2179,140,7,7500,1,0,1
2016,4000,Petrol,Manual,First,24.7,796,47.3,5,3000,1,1,1
2010,58000,Diesel,Automatic,First,18.59,2993,265,5,11750,0,0,1
2016,29832,Petrol,Manual,First,21.1,814,55.2,5,3290,1,1,1
2016,71156,Diesel,Manual,First,26.59,1248,74,5,6500,1,0,1
2015,64687,CNG,Manual,First,31.79,998,58.33,5,3800,1,0,1
2011,54000,Diesel,Automatic,First,16.55,1968,147.51,5,18000,0,0,1
2009,75000,Petrol,Automatic,Second,13.7,1798,157.75,5,4950,0,1,0
2015,39208,Petrol,Manual,First,17.57,1193,88.7,5,4520,1,1,1
2014,41000,Diesel,Manual,First,17,2149,139.07,7,8000,1,0,1
2013,38622,Petrol,Manual,First,17.4,1497,117.3,5,6260,1,1,1
2016,18000,Petrol,Manual,First,16.95,1498,97.7,5,7500,1,1,1
2011,45000,Petrol,Automatic,First,14.4,1598,103.6,5,3350,0,1,1
2014,48656,Petrol,Automatic,First,15.74,1591,121.3,5,5500,0,1,1
2012,79000,Diesel,Automatic,First,22,1582,126.2,5,5250,0,0,1
2012,88000,Diesel,Automatic,First,16.55,1968,140,5,16250,0,0,1
2009,92000,Petrol,Manual,First,15.5,1586,103.3,5,2700,1,1,1
2019,9000,Diesel,Automatic,First,12.62,2198,158,7,32900,0,0,1
2008,50121,Petrol,Manual,First,20.4,1197,83.11,5,3410,1,1,1
2014,79000,Diesel,Manual,First,24,1120,70,5,4150,1,0,1
2014,46000,Diesel,Manual,Second,20.14,1498,88.8,5,5900,1,0,0
2012,100000,Petrol,Automatic,First,10,2496,157.7,5,11500,0,1,1
2015,41000,Petrol,Manual,First,18.6,1197,81.83,5,4750,1,1,1
2015,25000,Petrol,Automatic,First,24.07,998,67.1,5,3500,0,1,1
2014,71899,Diesel,Manual,First,20.77,1248,88.76,7,7250,1,0,1
2016,7100,Petrol,Automatic,First,23.1,998,67.04,5,4350,0,1,1
2018,38171,Petrol,Automatic,Second,22.5,999,67,5,4990,0,1,0
2013,70359,Diesel,Manual,First,12.05,2179,120,8,7650,1,0,1
2011,200000,Diesel,Manual,First,12.8,2494,102,7,9000,1,0,1
2017,26969,Diesel,Manual,First,22.07,1199,73.9,5,6900,1,0,1
2011,56500,Diesel,Manual,First,20,1399,68,5,2900,1,0,1
2014,40000,Diesel,Manual,First,20.45,1461,83.8,5,5750,1,0,1
2014,41000,Diesel,Manual,First,17,2200,139.01,7,8000,1,0,1
2017,53105,Petrol,Automatic,First,22.5,999,67,5,4410,0,1,1
2013,23000,Diesel,Manual,First,21.14,1498,103.52,5,4950,1,0,1
2016,80999,Diesel,Automatic,First,16,2179,140,7,14400,0,0,1
2012,82000,Diesel,Manual,First,20,1399,68.05,5,2950,1,0,1
2017,68557,Diesel,Manual,First,15.96,2523,62.1,7,8140,1,0,1
2016,34000,Diesel,Manual,First,20.64,1498,108.5,5,8450,1,0,1
2015,77000,Diesel,Manual,First,12.99,2494,100,8,12500,1,0,1
2012,48000,Diesel,Manual,First,15.1,2179,140,7,6500,1,0,1
2015,28232,Petrol,Manual,Second,15.8,1499,110,5,7720,1,1,0
2011,110000,Diesel,Automatic,First,16.96,1968,138.1,5,8000,0,0,1
2009,120000,Diesel,Manual,Second,13.93,2179,138,7,3000,1,0,0
2013,49000,Diesel,Automatic,First,8.2,2993,245,4,29000,0,0,1
2014,22000,Petrol,Manual,First,16.47,1198,74,5,4110,1,1,1
2015,14925,Petrol,Manual,First,18.5,1197,82.9,5,5370,1,1,1
2013,75000,Diesel,Manual,First,20.77,1248,88.8,7,6550,1,0,1
2015,23000,Petrol,Manual,First,17.4,1497,117.3,5,7000,1,1,1
2014,57000,Petrol,Manual,First,17,1497,118,5,5480,1,1,1
2013,76718,Diesel,Automatic,First,16.96,1968,138.03,5,6510,0,0,1
2016,138000,Diesel,Manual,First,25.8,1498,98.6,5,5150,1,0,1
2013,140000,Diesel,Manual,Second,15.1,2179,140,7,9000,1,0,0
2008,110000,Petrol,Automatic,Second,14.53,1798,138.1,5,2750,0,1,0
2012,73000,Diesel,Automatic,First,22.69,1995,190,5,12500,0,0,1
2017,63423,Diesel,Manual,First,23,1498,98.96,5,7690,1,0,1
2013,62132,Petrol,Manual,First,18.5,1197,82.85,5,4570,1,1,1
2013,51000,Petrol,Automatic,First,16.8,1497,118,5,4500,0,1,1
2015,75000,Diesel,Manual,First,23.2,1248,73.94,5,4900,1,0,1
2008,55410,Petrol,Manual,First,19.81,1086,68.05,5,1650,1,1,1
2015,41000,Petrol,Manual,First,18.2,1199,82.4,5,3250,1,1,1
2012,45000,Diesel,Manual,First,22.32,1582,126.32,5,6250,1,0,1
2018,53322,Petrol,Manual,First,15.8,1591,121.3,5,12130,1,1,1
2013,48000,Petrol,Manual,First,18.2,1199,82.4,5,3250,1,1,1
2013,72000,Diesel,Automatic,First,14.16,1968,174.3,5,29000,0,0,1
2013,50266,Petrol,Manual,First,17,1497,118,5,5530,1,1,1
2017,21800,Petrol,Manual,First,17,1497,121.36,5,8750,1,1,1
2014,45000,Diesel,Automatic,Second,12.07,2967,241.4,7,37900,0,0,0
2010,62000,Petrol,Manual,First,20.36,1197,78.9,5,2400,1,1,1
2014,41681,Petrol,Manual,First,17,1197,80,5,4550,1,1,1
2011,69313,Petrol,Manual,Second,17.5,1197,85.8,5,2650,1,1,0
2017,49000,Diesel,Manual,Second,25,1396,69,5,1600,1,0,0
2012,40471,Diesel,Automatic,Second,16.2,2993,235,5,25720,0,0,0
2013,60000,Diesel,Manual,First,22.9,1248,74,5,4150,1,0,1
2018,1001,Petrol,Manual,First,19,1194,94.68,5,7230,1,1,1
2008,38000,Petrol,Manual,Second,13.9,1599,103.2,5,2600,1,1,0
2008,66000,Diesel,Automatic,Second,16.07,1995,181,5,7250,0,0,0
2017,33901,Diesel,Manual,First,12.8,2494,102,8,14290,1,0,1
2011,57000,Diesel,Automatic,Second,14.94,2143,204,5,17250,0,0,0
2013,170000,Diesel,Manual,First,22.54,1582,126.2,5,7500,1,0,1
2014,60000,Diesel,Manual,First,23.2,1248,73.94,5,4350,1,0,1
2016,85000,Diesel,Manual,First,24.3,1248,88.5,5,8900,1,0,1
2016,146000,Petrol,Manual,Second,19.1,1197,82,5,3500,1,1,0
2014,56002,Diesel,Manual,First,26,1498,98.6,5,6100,1,0,1
2016,8554,Petrol,Manual,First,25.17,799,53.3,5,3200,1,1,1
2014,62322,Diesel,Manual,First,23.59,1364,67.06,5,4900,1,0,1
2015,37929,Petrol,Manual,First,24.07,998,67.1,5,3690,1,1,1
2016,5400,Petrol,Manual,First,23.84,1199,84,5,3980,1,1,1
2013,60000,Diesel,Manual,First,21.9,1396,90,5,2950,1,0,1
2014,55730,Diesel,Automatic,First,16.55,1968,147.51,5,15210,0,0,1
2015,62000,Diesel,Manual,First,28.4,1248,74,5,6300,1,0,1
2017,14576,Petrol,Manual,First,17,1198,73.75,5,6690,1,1,1
2017,17000,Petrol,Automatic,First,16,1497,117.3,7,9500,0,1,1
2009,28000,Petrol,Manual,First,17,1197,80,5,2650,1,1,1
2012,58200,Diesel,Manual,First,14.66,2199,194.3,7,7500,1,0,1
2018,12278,Petrol,Automatic,First,23.1,998,67.04,5,5630,0,1,1
2018,17665,Petrol,Manual,First,15.8,1591,121.3,5,11780,1,1,1
2004,200000,Diesel,Manual,Second,17.88,1396,52.8,5,850,1,0,0
2011,55893,Petrol,Manual,First,15.04,1598,103.6,5,3350,1,1,1
2015,60586,Petrol,Manual,First,23.1,998,67.04,5,4110,1,1,1
2015,13500,Diesel,Automatic,First,17.9,2143,136,5,25510,0,0,1
2017,30000,Petrol,Manual,First,22.74,796,47.3,5,3100,1,1,1
2018,12000,Diesel,Automatic,First,10.91,3198,197,7,33500,0,0,1
2017,65000,Petrol,Manual,First,17.57,1193,88.7,5,4800,1,1,1
2014,38000,Petrol,Manual,First,16.09,1598,103.5,5,3490,1,1,1
2012,25000,Petrol,Manual,Second,17.5,1373,91.1,7,5150,1,1,0
2011,100000,Diesel,Automatic,First,14,2987,224,5,14410,0,0,1
2014,13710,Petrol,Manual,First,16.2,1199,74,5,4750,1,1,1
2015,100000,Diesel,Automatic,First,12.55,2982,168.5,7,19000,0,0,1
2017,17000,Petrol,Manual,First,23.1,998,67.04,5,4900,1,1,1
2008,89000,Diesel,Automatic,Second,16.07,1995,181,4,6300,0,0,0
2006,100173,Petrol,Manual,Second,16.9,1497,100,5,2400,1,1,0
2009,97000,Petrol,Manual,First,13.17,1999,114,5,3000,1,1,1
2016,40190,Petrol,Manual,First,18.06,1198,74.93,5,4250,1,1,1
2016,29647,Diesel,Manual,First,20.14,1498,88,5,6300,1,0,1
2018,43639,Petrol,Manual,First,21.1,998,100,5,8150,1,1,1
2012,37333,Petrol,Manual,First,20.36,1197,78.9,5,3220,1,1,1
2018,48407,Petrol,Manual,First,18.6,1197,81.83,5,7650,1,1,1
2011,25000,Petrol,Automatic,First,10.37,2979,306,2,30000,0,1,1
2010,72400,Petrol,Manual,Second,20.36,1197,78.9,5,2300,1,1,0
2012,18000,Petrol,Automatic,First,13.6,1598,181,4,22000,0,1,1
2012,65167,Petrol,Manual,First,19.4,1198,86.8,5,3280,1,1,1
2016,25418,Petrol,Manual,First,20.73,1373,91.2,5,7090,1,1,1
2013,38995,Diesel,Manual,First,19.3,1248,73.9,5,6460,1,0,1
2012,60000,Diesel,Manual,First,22.07,1199,73.9,5,4000,1,0,1
2011,72000,Diesel,Automatic,First,17.05,1995,184,5,11000,0,0,1
2016,31075,Diesel,Automatic,Second,12.07,2967,241.4,7,49790,0,0,0
2015,4311,Diesel,Manual,First,25.83,1498,99,5,4800,1,0,1
2017,21000,Diesel,Automatic,First,21.76,1995,190,5,35000,0,0,1
2011,54000,Diesel,Automatic,First,14,2987,224,5,21990,0,0,1
2007,50000,Petrol,Manual,Second,17.3,1061,64,5,1100,1,1,0
2018,13000,Petrol,Manual,First,21.4,1197,83.1,5,6600,1,1,1
2013,74000,Petrol,Manual,First,22,1197,81.8,5,4500,1,1,1
2009,75000,Petrol,Manual,Second,14.7,1150,76,5,1000,1,1,0
2017,25000,Diesel,Manual,First,20.14,1498,88,5,6900,1,0,1
2012,139000,Diesel,Automatic,First,0,2179,115,5,16750,0,0,1
2015,52000,Diesel,Automatic,First,14.16,1968,174.3,5,25490,0,0,1
2015,20000,Diesel,Automatic,First,18.53,1968,187.74,5,35500,0,0,1
2018,32663,Diesel,Manual,First,24,1186,73.97,5,6280,1,0,1
2012,76777,Diesel,Manual,Second,12.05,2179,120,8,4880,1,0,0
2016,100303,Diesel,Manual,First,22.95,1248,74,5,3700,1,0,1
2015,43993,Petrol,Manual,First,21.1,814,55.2,5,3450,1,1,1
2016,72118,Diesel,Manual,First,15.4,2179,120,8,10230,1,0,1
2010,83000,Petrol,Automatic,Second,11.1,2354,142,5,6500,0,1,0
2016,7523,Petrol,Manual,First,16.2,1199,74,5,6150,1,1,1
2014,34670,Petrol,Manual,First,15.1,1196,73,7,2900,1,1,1
2016,30000,Diesel,Manual,First,24,1120,70,5,5500,1,0,1
2017,17000,Diesel,Automatic,First,10.91,3198,197,7,31000,0,0,1
2015,59261,Diesel,Manual,First,24,1186,73.97,5,4250,1,0,1
2016,65210,Diesel,Manual,First,22.9,1248,74,5,5480,1,0,1
2016,19000,Petrol,Manual,First,18.6,1197,81.83,5,7250,1,1,1
2012,50000,Petrol,Manual,First,17.5,1298,85.8,5,3000,1,1,1
2015,47000,Diesel,Automatic,First,22.69,1995,190,5,29500,0,0,1
2007,75000,Petrol,Manual,Second,17.7,1497,78,5,1490,1,1,0
2013,54534,Petrol,Automatic,First,16.95,1197,78.9,5,3650,0,1,1
2018,13000,Diesel,Manual,First,23,1498,98.96,5,10900,1,0,1
2015,48808,Petrol,Manual,First,23.1,998,67.04,5,4300,1,1,1
2012,63001,Diesel,Manual,Second,20.77,1248,88.76,7,6110,1,0,0
2015,64771,Diesel,Manual,First,12.8,2494,102,8,15500,1,0,1
2016,34634,Petrol,Manual,First,17.8,1497,117.3,5,6900,1,1,1
2012,69242,Petrol,Manual,First,19.1,1197,85.8,5,4690,1,1,1
2011,33292,Petrol,Manual,First,18.5,1197,85.8,5,3190,1,1,1
2012,55000,Petrol,Automatic,Second,15,1396,98.6,5,3750,0,1,0
2019,1000,Petrol,Manual,First,17.19,1197,81.86,5,8600,1,1,1
2011,80000,Petrol,Manual,Second,17,1497,118,5,3850,1,1,0
2016,65003,Diesel,Automatic,First,13.6,4134,382,5,67830,0,0,1
2019,16573,Petrol,Manual,First,17.8,1198,86.7,5,9310,1,1,1
2008,152633,Petrol,Automatic,First,12.9,1799,130,5,3000,0,1,1
2015,53000,Petrol,Manual,First,18.6,1197,81.83,5,5500,1,1,1
2017,50129,Diesel,Manual,First,19.67,1582,126.2,5,13300,1,0,1
2013,63716,Diesel,Automatic,First,15.73,1968,174.33,5,23000,0,0,1
2018,11000,Petrol,Manual,First,24.7,796,47.3,5,3350,1,1,1
2012,115000,Diesel,Automatic,Third,15.06,1995,177,5,10000,0,0,0
2013,63265,Petrol,Manual,First,20.36,1197,78.9,5,2950,1,1,1
2016,20000,Diesel,Manual,First,21.66,1498,108.62,5,6750,1,0,1
2010,79000,Petrol,Manual,Third,16.47,1198,73.9,5,2440,1,1,0
2015,41000,Petrol,Manual,First,20.73,1373,91.1,5,5850,1,1,1
2015,26323,Petrol,Automatic,First,17.21,1197,103.5,5,7400,0,1,1
2016,76000,Diesel,Manual,First,24.4,1120,71,5,3800,1,0,1
2008,69972,Petrol,Manual,First,13.5,1799,130,5,3800,1,1,1
2008,69000,Petrol,Manual,First,17.7,1497,78,5,2700,1,1,1
2016,65000,Diesel,Manual,First,15.96,2523,62.1,7,7210,1,0,1
2016,29512,Petrol,Manual,First,17.4,1497,117.3,5,7900,1,1,1
2017,51000,Diesel,Manual,First,25.4,1186,73.97,5,4200,1,0,1
2014,58003,Diesel,Manual,First,19.01,1461,108.45,5,5750,1,0,1
2013,56500,Petrol,Automatic,First,16.98,998,66.1,5,3450,0,1,1
2014,29063,Diesel,Automatic,First,17.11,1968,174.33,5,25750,0,0,1
2018,46811,Diesel,Manual,First,16,2179,140,7,16590,1,0,1
2014,31897,Petrol,Manual,First,18.06,1198,74.96,5,4690,1,1,1
2009,52100,Diesel,Automatic,Second,13.2,1995,170,5,7500,0,0,0
2016,73000,Diesel,Manual,First,13.68,2393,147.8,7,16500,1,0,1
2009,31423,Petrol,Manual,First,17,1497,118,5,1990,1,1,1
2014,75180,Diesel,Manual,First,22.9,1248,74,5,5250,1,0,1
2013,75000,Diesel,Manual,Second,19.64,1461,108.45,5,5400,1,0,0
2014,15000,Petrol,Manual,First,16.47,1198,74,5,3900,1,1,1
2015,12000,Petrol,Manual,First,17.19,1197,81.86,5,5800,1,1,1
2014,32000,Diesel,Automatic,First,18.12,1995,190,5,30500,0,0,1
2017,44504,Diesel,Manual,First,23.4,1248,74,5,5600,1,0,1
2015,39437,Diesel,Manual,First,28.4,1248,74,5,5150,1,0,1
2017,36931,Diesel,Automatic,First,19.08,1582,126.2,5,9480,0,0,1
2016,17800,Petrol,Automatic,Second,21.9,624,37.48,4,2380,0,1,0
2009,71346,Petrol,Manual,First,17.5,1298,85.8,5,3800,1,1,1
2015,45000,Petrol,Manual,Second,18.6,1197,81.83,5,5500,1,1,0
2010,85155,Petrol,Manual,First,17,1197,80,5,3550,1,1,1
2015,48823,Petrol,Manual,First,20.73,1373,91.1,5,6350,1,1,1
2015,37000,Diesel,Automatic,First,12.7,2179,187.7,5,36000,0,0,1
2005,92000,Diesel,Manual,Second,16.1,1405,70,5,1100,1,0,0
2014,36000,Petrol,Manual,First,17.57,1193,88.7,5,3700,1,1,1
2016,24569,Diesel,Manual,First,16,1997,140,7,13500,1,0,1
2008,95000,Petrol,Automatic,Third,11.7,2354,177.6,5,2850,0,1,0
2015,25811,Petrol,Manual,Second,25.4,624,37.5,4,2130,1,1,0
2015,65000,Diesel,Manual,First,22.7,1582,126.2,5,7750,1,0,1
2017,100400,Diesel,Manual,First,25,1396,69,5,2850,1,0,1
2014,76414,Diesel,Manual,First,25.8,1498,98.6,5,4950,1,0,1
2012,82103,Diesel,Manual,First,15.1,2179,140,7,6200,1,0,1
2013,98000,Diesel,Automatic,First,18.56,1995,190,5,17500,0,0,1
2010,45252,Petrol,Manual,First,18.9,1197,81.86,5,2250,1,1,1
2017,10300,Petrol,Manual,First,21.4,1197,83.1,5,6750,1,1,1
2016,42024,Diesel,Automatic,First,19.08,1582,126.2,5,9730,0,0,1
2018,51236,Diesel,Manual,First,25.47,1248,88.5,7,8490,1,0,1
2013,52000,Petrol,Automatic,First,13.6,1598,181,4,25000,0,1,1
2015,42894,Diesel,Manual,First,23.2,1248,73.94,5,5590,1,0,1
2011,68000,Diesel,Automatic,First,15.6,1896,106,5,4800,0,0,1
2014,69000,Diesel,Manual,First,22.7,1498,89.84,5,5450,1,0,1
2017,10000,Petrol,Manual,First,18.6,1197,81.83,5,6500,1,1,1
2015,16000,Petrol,Manual,First,19.4,1198,86.8,5,4350,1,1,1
2013,46992,Diesel,Manual,First,25.8,1498,98.6,5,3750,1,0,1
2010,170000,Diesel,Automatic,Third,18.48,1995,177,5,12000,0,0,0
2014,58000,Diesel,Automatic,First,12.07,2967,241.4,7,32000,0,0,1
2015,50000,Diesel,Manual,Second,24,1120,70,5,4000,1,0,0
2011,39010,Diesel,Manual,First,23.08,1461,63.1,5,2600,1,0,1
2016,26946,Petrol,Manual,First,18.9,1197,82,5,4450,1,1,1
2015,28700,Petrol,Manual,First,21.1,814,55.2,5,2600,1,1,1
2011,60000,Petrol,Automatic,First,11.74,1796,186,5,16000,0,1,1
2014,38999,Diesel,Automatic,First,12.7,2179,187.7,5,32500,0,0,1
2016,39000,Diesel,Automatic,First,11.18,2696,184,7,13850,0,0,1
2018,7784,Petrol,Manual,First,20.73,1373,91.1,5,8760,1,1,1
2014,45710,Petrol,Automatic,First,11.8,3498,272,7,23680,0,1,1
2017,42000,Petrol,Automatic,First,22,1197,81.8,5,5500,0,1,1
2013,75995,Diesel,Automatic,Second,11.49,4367,335.3,5,65810,0,0,0
2013,57000,Diesel,Manual,First,19.01,1461,108.45,5,4990,1,0,1
2013,85350,Diesel,Manual,Second,22.32,1582,126.32,5,5700,1,0,0
2016,82725,Petrol,Automatic,First,14.28,1798,138.03,5,11990,0,1,1
2016,19000,Diesel,Automatic,Second,21.76,1995,190,5,29990,0,0,0
2018,13900,Petrol,Manual,First,18.88,1499,110.4,5,9500,1,1,1
2014,108000,Diesel,Manual,First,25.2,1248,74,5,5500,1,0,1
2016,36000,Diesel,Automatic,First,11.72,2199,194.3,7,23000,0,0,1
2013,62188,Diesel,Manual,First,17.2,1396,53.5,5,2950,1,0,1
2015,58397,Diesel,Manual,First,24,1120,70,5,4900,1,0,1
2016,30000,Petrol,Automatic,First,22.5,998,67,5,4250,0,1,1
2018,29907,Diesel,Manual,First,16,2179,140,7,16360,1,0,1
2009,46000,Diesel,Automatic,First,16.55,1968,147.51,5,9950,0,0,1
2012,65000,Diesel,Manual,First,20.54,1598,103.6,5,5500,1,0,1
2016,22000,Diesel,Manual,First,24.3,1248,88.5,5,8250,1,0,1
2002,99024,Petrol,Manual,First,17.3,993,60,5,950,1,1,1
2016,34952,Petrol,Manual,First,19.81,1086,68.05,5,4010,1,1,1
2019,13913,Petrol,Manual,First,17.5,1199,88.7,5,8200,1,1,1
2014,71000,Diesel,Manual,Second,25.1,1498,98.6,5,6200,1,0,0
2012,97000,Diesel,Automatic,First,11.5,2982,169,7,16750,0,0,1
2017,21000,Diesel,Automatic,First,16,2179,140,7,16500,0,0,1
2012,110438,Diesel,Manual,First,20,1399,68.05,5,3500,1,0,1
2017,66507,Petrol,Automatic,Second,19,1199,88.7,5,5430,0,1,0
2017,54650,Diesel,Automatic,First,10.91,3198,197,7,30350,0,0,1
2014,32000,Petrol,Automatic,First,17.97,1498,99.6,5,7990,0,1,1
2011,75378,Diesel,Manual,First,18.7,1896,66,5,3590,1,0,1
2012,82697,Diesel,Manual,First,25.44,936,57.6,5,1900,1,0,1
2009,135000,Petrol,Automatic,First,12.1,2362,164.7,5,4700,0,1,1
2012,149000,Diesel,Manual,First,19.01,1461,108.45,5,7250,1,0,1
2016,26212,Diesel,Automatic,First,17.9,2143,136,5,24460,0,0,1
2014,23500,Petrol,Manual,Second,17.57,1193,88.7,5,3900,1,1,0
2013,56127,Petrol,Manual,First,18.5,1197,80,5,5150,1,1,1
2015,26000,Petrol,Automatic,First,21.5,1197,81.8,5,3650,0,1,1
2016,26000,Diesel,Manual,First,25.4,1186,73.97,5,5000,1,0,1
2009,42000,Petrol,Manual,First,17,1497,118,5,2300,1,1,1
2001,130000,Petrol,Manual,Second,13.2,1495,94,5,750,1,1,0
2009,137148,Petrol,Manual,Second,13.9,1599,103.2,5,1850,1,1,0
2010,114703,Petrol,Manual,First,15.6,1196,70,5,1800,1,1,1
2014,97439,Diesel,Manual,First,25.8,1498,98.6,5,4410,1,0,1
2006,40000,Petrol,Manual,First,18.9,998,67.1,5,2000,1,1,1
2014,28000,Diesel,Automatic,First,13,2987,258,5,31750,0,0,1
2015,37500,Diesel,Automatic,First,17.68,1968,174.33,5,32000,0,0,1
2010,37000,Diesel,Automatic,First,13.5,2987,282,5,21000,0,0,1
2010,83000,Diesel,Manual,First,19.3,1248,73.9,5,2750,1,0,1
2005,79012,Petrol,Manual,First,13.4,1794,125,5,2640,1,1,1
2018,27395,Diesel,Manual,First,15.4,2179,120,7,14190,1,0,1
2017,35362,Petrol,Manual,First,22.5,998,67.04,5,3850,1,1,1
2014,117000,Diesel,Manual,First,13,2982,168.5,7,15500,1,0,1
2010,23000,Petrol,Manual,First,18.2,1061,64,5,1900,1,1,1
2014,59508,Petrol,Manual,First,25.4,624,37.48,4,1260,1,1,1
2009,69000,Petrol,Manual,Second,18.5,1197,80,5,2400,1,1,0
2010,58000,Diesel,Automatic,First,22.69,1995,190,5,11500,0,0,1
2014,88511,Diesel,Manual,First,16,2179,140,7,8250,1,0,1
2011,66000,Petrol,Manual,First,15.8,1598,105,5,2750,1,1,1
2009,65000,Petrol,Manual,Second,17.5,1198,70,5,1400,1,1,0
2015,30676,Petrol,Manual,First,25.4,624,37.5,4,2900,1,1,1
2011,76000,Diesel,Manual,First,20,1399,68,5,2400,1,0,1
2013,23627,Petrol,Automatic,First,14.8,1598,105,5,4750,0,1,1
2018,52827,Diesel,Automatic,First,12.7,2179,187.7,5,44760,0,0,1
2015,64465,Diesel,Manual,First,26,1498,98.6,5,6220,1,0,1
2018,14000,Petrol,Automatic,First,22.5,999,67,5,4500,0,1,1
2015,26000,Petrol,Manual,First,18.9,1197,82,5,4250,1,1,1
2011,78203,Diesel,Automatic,First,18.1,1991,147.9,4,5500,0,0,1
2017,27000,Diesel,Manual,First,22.54,1396,88.73,5,6950,1,0,1
2018,31919,Petrol,Automatic,First,24.07,998,67.1,5,4560,0,1,1
2016,47392,Diesel,Manual,First,20.5,1582,126.2,5,13820,1,0,1
2016,17362,Petrol,Manual,First,18,1198,86.7,5,5650,1,1,1
2016,49716,Diesel,Manual,First,21.19,1396,88.73,5,6200,1,0,1
2014,48000,Petrol,Manual,First,23.1,998,67.04,5,3250,1,1,1
2009,46000,Diesel,Automatic,First,16.55,1968,147.51,5,8500,0,0,1
2016,79000,Diesel,Manual,First,24.8,1396,88.7,5,7250,1,0,1
2013,57000,Diesel,Manual,First,21.8,1461,78,5,4610,1,0,1
2016,29754,Petrol,Manual,First,16.2,1199,74,5,5300,1,1,1
2012,50123,Diesel,Manual,First,17,1405,70,5,1900,1,0,1
2012,57184,Petrol,Manual,First,20.36,1197,78.9,5,3090,1,1,1
2007,75000,Diesel,Automatic,Second,16.46,2993,258,5,9500,0,0,0
2015,26000,Diesel,Automatic,First,17.01,1582,126.2,5,12650,0,0,1
2016,22129,Petrol,Manual,First,18.9,1197,82,5,4250,1,1,1
2011,127887,Diesel,Manual,First,21.1,1248,73.9,5,2950,1,0,1
2006,92000,Diesel,Manual,First,10.5,2179,120,8,3450,1,0,1
2011,60634,Petrol,Manual,First,19.81,1086,68.05,5,3300,1,1,1
2014,90000,Diesel,Manual,First,14,2179,138.1,7,8000,1,0,1
2009,59000,Petrol,Manual,First,13.5,1799,130,5,2710,1,1,1
2012,59293,Petrol,Manual,First,18.2,998,67.1,5,2700,1,1,1
2012,80753,Diesel,Manual,Second,23.4,1248,74,5,4500,1,0,0
2015,40000,Diesel,Manual,Second,13,2982,168.5,7,18750,1,0,0
2014,103000,Diesel,Manual,Second,28.4,1248,74,5,5250,1,0,0
2012,72389,LPG,Manual,First,26.2,998,58.2,5,3200,1,0,1
2017,48000,Diesel,Manual,First,28.4,1248,73.75,5,6000,1,0,1
2014,41000,Petrol,Manual,First,18.9,1197,82,5,3140,1,1,1
2016,26000,Petrol,Manual,First,25.17,799,53.3,5,2550,1,1,1
2012,30000,Petrol,Manual,Second,15.64,1193,64.08,5,2300,1,1,0
2014,74624,Diesel,Manual,First,20,1399,68.05,5,5650,1,0,1
2015,47877,Diesel,Automatic,First,15.15,2967,240,5,48220,0,0,1
2016,35000,Petrol,Manual,First,24.07,998,67.1,5,3000,1,1,1
2015,52123,Diesel,Manual,First,20.34,1498,103.2,5,7500,1,0,1
2005,90000,Diesel,Manual,First,10.5,2179,120,8,2600,1,0,1
2018,1400,Diesel,Automatic,First,18.56,1995,190,5,61250,0,0,1
2009,122000,Petrol,Manual,Second,17,1497,118,5,3500,1,1,0
2016,21110,Petrol,Automatic,First,17.44,1998,189.08,4,28950,0,1,1
2015,78000,Diesel,Automatic,First,13.5,2477,175.56,6,15000,0,0,1
2012,72000,Diesel,Manual,First,19.3,1248,73.9,5,4250,1,0,1
2006,48000,Petrol,Automatic,First,8.6,5998,552,4,59000,0,1,1
2013,43486,Diesel,Manual,First,20.77,1248,88.76,7,6600,1,0,1
2007,199000,Diesel,Manual,Second,12.8,2494,102,7,5200,1,0,0
2010,34000,Petrol,Manual,First,11.7,1796,178,5,10000,1,1,1
2016,37944,Diesel,Automatic,First,14.84,2143,167.62,5,35000,0,0,1
2017,30000,Diesel,Manual,First,22.7,1498,89.84,5,8750,1,0,1
2015,64005,Petrol,Manual,First,17.71,1197,78.9,5,4570,1,1,1
2012,62000,Petrol,Manual,First,20.36,1197,78.9,5,2500,1,1,1
2014,59885,Diesel,Automatic,First,12.39,2179,147.51,5,20110,0,0,1
2011,144471,Diesel,Manual,First,12.8,2494,102,8,7800,1,0,1
2011,63991,Petrol,Manual,First,18.5,1197,80,5,3610,1,1,1
2015,34895,Petrol,Automatic,First,19.15,1198,75.94,5,4600,0,1,1
2015,97003,Diesel,Automatic,First,15.87,2993,308.43,5,85000,0,0,1
2015,45000,Petrol,Automatic,First,16.8,1497,118,5,5250,0,1,1
2013,45000,Diesel,Manual,Second,25.8,1498,98.6,5,3300,1,0,0
2013,100000,Diesel,Manual,Second,11.5,2982,171,7,17750,1,0,0
2016,70000,Diesel,Automatic,First,12.97,2179,187.7,5,35000,0,0,1
2016,37023,Diesel,Manual,First,19.67,1582,126.2,5,13390,1,0,1
2012,81000,Diesel,Manual,First,25.44,936,56.3,5,2500,1,0,1
2017,20789,Diesel,Automatic,First,11.36,2755,171.5,7,18360,0,0,1
2015,68310,Diesel,Manual,First,23.4,1248,74,5,5950,1,0,1
2015,47250,Diesel,Manual,Second,19.67,1582,126.2,5,11000,1,0,0
2014,47000,Diesel,Automatic,Second,12.65,2993,255,5,64750,0,0,0
2017,128000,Diesel,Manual,First,25.8,1498,98.6,5,6300,1,0,1
2017,17702,Petrol,Manual,First,15.29,1591,121.3,5,11940,1,1,1
2014,34987,Petrol,Automatic,First,18.19,1197,103.5,5,5950,0,1,1
2017,37000,Diesel,Manual,First,26,1498,98.6,5,11000,1,0,1
2017,38271,Petrol,Manual,First,15.29,1591,121.3,5,12530,1,1,1
2012,32510,Diesel,Manual,Second,20,1399,68,5,3750,1,0,0
2014,88000,Diesel,Automatic,First,14.69,2993,258,5,27000,0,0,1
2012,116000,Diesel,Manual,First,10.5,2835,107.2,6,9950,1,0,1
2013,156000,Diesel,Manual,First,19.87,1461,83.8,5,4200,1,0,1
2010,75319,Petrol,Manual,Second,21.1,1197,85.8,5,2000,1,1,0
2013,28000,Petrol,Manual,First,18.9,1197,82,5,3250,1,1,1
2017,16500,Diesel,Automatic,First,17.9,2143,136,5,34000,0,0,1
2016,75637,Diesel,Automatic,First,22.48,1995,190,5,30370,0,0,1
2018,32854,Petrol,Automatic,First,13,1591,121.3,5,12600,0,1,1
2019,6568,Petrol,Manual,First,25.17,799,53.3,5,5090,1,1,1
2014,30000,Diesel,Automatic,First,14.94,2967,241.4,5,24500,0,0,1
2018,17804,Diesel,Manual,Second,28.09,1248,88.5,5,7970,1,0,0
2011,69768,Petrol,Manual,First,16,1198,90,5,2900,1,1,1
2016,62404,Diesel,Automatic,First,22.69,1995,190,5,21330,0,0,1
2012,97000,Diesel,Automatic,Second,19.08,1582,126.32,5,6500,0,0,0
2016,55687,Diesel,Manual,First,21.38,1396,88.7,5,12150,1,0,1
2014,17000,Petrol,Manual,First,15.04,1598,103.2,5,4250,1,1,1
2017,34232,Diesel,Automatic,First,21.76,1995,190,5,35840,0,0,1
2004,135000,Petrol,Automatic,Third,14.4,1997,152,5,3000,0,1,0
2012,80000,Diesel,Manual,First,19.72,1461,108.45,5,6750,1,0,1
2014,31045,Petrol,Manual,Second,18.6,1197,81.83,5,5650,1,1,0
2013,58000,Diesel,Automatic,Second,16.96,1968,138.03,5,7500,0,0,0
2018,35480,Diesel,Manual,First,19.67,1582,126.2,5,13340,1,0,1
2016,62287,Diesel,Manual,First,28.09,1248,88.5,5,7900,1,0,1
2015,46162,Diesel,Manual,First,22.54,1396,88.73,5,6980,1,0,1
2014,9200,Petrol,Manual,First,17.01,1591,121.3,5,5750,1,1,1
2012,55339,Diesel,Manual,First,22.07,1199,73.9,5,2650,1,0,1
2011,55476,Diesel,Manual,First,22.07,1199,73.9,5,2490,1,0,1
2007,68553,Petrol,Manual,Second,15,1586,104.68,5,1500,1,1,0
2016,67376,Diesel,Manual,First,24.5,1498,98.6,7,6500,1,0,1
2013,42000,Diesel,Manual,First,19.64,1461,108.45,5,8000,1,0,1
2019,28069,Diesel,Automatic,First,12.9,2755,174.5,7,30850,0,0,1
2014,93144,Diesel,Automatic,First,14.7,1984,181,5,17150,0,0,1
2014,24300,Petrol,Automatic,First,23.1,998,67.04,5,4550,0,1,1
2015,47883,Diesel,Manual,Second,26.21,1248,88.5,5,7400,1,0,0
2013,12467,Diesel,Automatic,First,12.8,1968,167.6,5,25640,0,0,1
2013,56683,Diesel,Automatic,Second,17.05,1995,184,5,13500,0,0,0
2013,38000,Petrol,Manual,First,15.6,1196,70,5,3550,1,1,1
2018,35000,Diesel,Manual,First,22.7,1582,126.2,5,15000,1,0,1
2007,80000,Petrol,Manual,Second,13.9,1599,103.2,5,1950,1,1,0
2006,125000,Petrol,Manual,Second,13.5,1799,130,5,2300,1,1,0
2013,123000,Diesel,Manual,Second,12.55,2982,168.5,7,15000,1,0,0
2012,70000,Petrol,Manual,First,20.36,1197,78.9,5,3150,1,1,1
2012,87982,Diesel,Manual,First,21.64,1461,84.8,5,5000,1,0,1
2013,40714,Diesel,Automatic,Second,18.12,1995,190,5,24750,0,0,0
2008,83000,Diesel,Manual,Second,16.52,1991,123.7,5,2600,1,0,0
2011,86000,Petrol,Manual,First,20.36,1197,78.9,5,3750,1,1,1
2009,60002,Diesel,Manual,Second,17.5,1896,106,5,4850,1,0,0
2013,60000,Diesel,Automatic,First,10,2148,170,5,27000,0,0,1
2014,84677,Diesel,Manual,First,25.8,1498,98.6,5,3000,1,0,1
2017,23000,Diesel,Automatic,First,20.68,1995,190,5,28750,0,0,1
2016,81424,Diesel,Manual,First,12.99,2494,100.6,8,14490,1,0,1
2013,36400,Diesel,Automatic,First,7.5,4806,394.3,4,72000,0,0,1
2012,70000,Diesel,Manual,Second,22.71,1461,84.8,5,4000,1,0,0
2015,40000,Diesel,Manual,Second,26.59,1248,74,5,4500,1,0,0
2019,600,Petrol,Automatic,First,21.5,1197,81.8,5,6250,0,1,1
2015,65320,Diesel,Automatic,Second,16.96,1968,138.03,5,11500,0,0,0
2009,79000,Petrol,Manual,Third,9.8,2354,180,5,3100,1,1,0
2018,5000,Petrol,Manual,First,17.8,1497,117.3,5,10110,1,1,1
2019,6028,Petrol,Manual,First,17.01,1591,121.3,5,11540,1,1,1
2006,86000,Petrol,Manual,Second,18.9,998,67.1,5,1000,1,1,0
2013,160000,Diesel,Manual,Second,23.4,1248,74,5,2500,1,0,0
2011,59967,Petrol,Automatic,First,9.74,1984,208,5,18000,0,1,1
2018,43127,Diesel,Manual,First,23.59,1364,67.04,5,6850,1,0,1
2012,65727,Petrol,Manual,First,19.81,1086,68.05,5,2970,1,1,1
2013,70000,Petrol,Manual,First,17.01,1591,121.3,5,4750,1,1,1
2018,39861,Diesel,Manual,First,20.14,1498,88.8,5,7380,1,0,1
2017,16485,Diesel,Automatic,First,22.48,1995,187.74,5,42750,0,0,1
2010,77332,Diesel,Manual,Second,23,1396,90,5,3650,1,0,0
2017,17489,Petrol,Automatic,First,18.9,1197,82,5,5990,0,1,1
2012,125000,Diesel,Automatic,First,11.5,2982,169,7,13500,0,0,1
2016,35129,Petrol,Automatic,First,21.4,1197,83.1,5,7000,0,1,1
2016,22982,Petrol,Automatic,First,13,1591,121.3,5,10950,0,1,1
2013,54500,Petrol,Manual,Third,20.36,1197,78.9,5,2950,1,1,0
2017,16235,Diesel,Manual,First,24.7,1047,69,5,5500,1,0,1
2017,73641,Petrol,Automatic,First,14.67,1798,177.46,5,17080,0,1,1
2015,59572,Diesel,Manual,First,26.59,1248,74,5,6850,1,0,1
2014,112827,Petrol,Automatic,First,13.1,1997,141.1,5,10500,0,1,1
2010,118000,Diesel,Manual,First,12.8,2494,102,8,8750,1,0,1
2010,60000,Petrol,Manual,First,17,1497,118,5,2700,1,1,1
2012,75059,Petrol,Automatic,First,17,1591,121.3,5,4250,0,1,1
2018,3000,Diesel,Manual,First,23.59,1364,67.04,5,7900,1,0,1
2011,78000,Petrol,Automatic,Second,13.7,1798,157.75,5,4500,0,1,0
2012,47000,Diesel,Manual,First,21.64,1461,84.8,5,4000,1,0,1
2012,42000,Petrol,Manual,First,17,1497,118,5,4750,1,1,1
2018,6820,Diesel,Manual,First,22.54,1396,88.76,5,7650,1,0,1
2013,55176,Petrol,Manual,Second,17.4,1599,104,5,3470,1,1,0
2016,39854,Petrol,Manual,First,18,1198,86.7,5,5640,1,1,1
2013,24000,Petrol,Manual,First,16.47,1198,73.9,5,2950,1,1,1
2016,55000,Diesel,Manual,First,22.9,1248,74,5,5650,1,0,1
2012,45840,Diesel,Automatic,First,11.4,2953,153.86,7,8410,0,0,1
2006,155000,Petrol,Manual,Third,15.4,1590,94,5,850,1,1,0
2003,125000,Petrol,Manual,Second,18.9,998,67.1,5,800,1,1,0
2014,52951,Diesel,Manual,First,20.14,1498,88,5,5650,1,0,1
2013,49000,Petrol,Manual,First,17.1,1591,121.3,5,4500,1,1,1
2015,52000,Diesel,Manual,First,28.09,1248,88.5,5,6900,1,0,1
2013,120005,Diesel,Manual,First,21.64,1461,84.8,5,4000,1,0,1
2015,33000,Petrol,Manual,First,15,1598,103.52,5,5600,1,1,1
2016,126000,Petrol,Manual,First,15.1,1196,73,7,2200,1,1,1
2013,66700,Petrol,Manual,First,15,1598,103.5,5,4000,1,1,1
2014,122000,Diesel,Manual,Second,12.55,2982,168.5,7,16000,1,0,0
2016,29000,Diesel,Manual,First,19.67,1582,126.2,5,12600,1,0,1
2014,42315,Petrol,Manual,First,18.5,1197,82.9,5,4790,1,1,1
2015,22001,CNG,Manual,First,26.6,998,58.16,5,3650,1,0,1
2016,84580,Diesel,Manual,First,26,1498,98.6,5,6830,1,0,1
2002,75000,Petrol,Manual,First,16.1,796,37,4,510,1,1,1
2006,85000,Petrol,Manual,Second,13.8,1299,70,5,690,1,1,0
2015,24296,Petrol,Manual,First,20.85,1197,83.14,5,4650,1,1,1
2014,40000,Petrol,Manual,First,16.8,1497,116.3,5,6490,1,1,1
2009,64514,Diesel,Manual,First,16.8,1493,110,5,2900,1,0,1
2016,35000,Petrol,Manual,First,17.01,1591,121.3,5,7400,1,1,1
2016,41000,Petrol,Manual,Second,25.17,799,53.3,5,3250,1,1,0
2008,60123,Petrol,Manual,Second,18.9,998,67.1,5,1950,1,1,0
2015,53000,Petrol,Manual,Second,18.9,1197,82,5,4000,1,1,0
2017,9000,Petrol,Manual,First,18.6,1197,81.83,5,6850,1,1,1
2015,53497,Petrol,Manual,First,18,1198,86.7,5,5450,1,1,1
2007,68000,Diesel,Manual,First,17.8,1399,68,5,1990,1,0,1
2014,65000,Diesel,Automatic,First,19.08,1582,126.32,5,8990,0,0,1
2014,45155,Diesel,Manual,First,23.59,1364,67.04,5,6500,1,0,1
2018,20026,Petrol,Automatic,First,19,1199,88.7,5,9270,0,1,1
2015,60000,Diesel,Manual,First,23.9,1582,126.2,5,6990,1,0,1
2019,15976,Diesel,Automatic,First,17.9,2143,136,5,36760,0,0,1
2017,30523,Petrol,Automatic,First,14.7,1798,177.5,5,17080,0,1,1
2013,26300,Diesel,Manual,First,25.44,936,57.6,5,2800,1,0,1
2011,66000,Diesel,Manual,First,22.07,1199,73.9,5,2490,1,0,1
2016,70000,Diesel,Manual,First,23.65,1248,88.5,5,8850,1,0,1
2011,46000,Petrol,Manual,First,16.8,1497,116.3,5,4150,1,1,1
2017,28000,Diesel,Manual,First,20.64,1498,108.5,5,10000,1,0,1
2017,46000,Petrol,Manual,First,18.9,1197,81.86,5,4750,1,1,1
2017,33000,Petrol,Automatic,First,24.04,999,67,5,3200,0,1,1
2017,27718,Petrol,Manual,First,22.74,796,47.3,5,3280,1,1,1
2013,58000,Petrol,Manual,First,15.8,1499,110,5,7500,1,1,1
2018,33150,Petrol,Manual,First,21.4,1197,83.1,5,7390,1,1,1
2013,77000,Diesel,Manual,First,23.2,1248,73.94,5,3650,1,0,1
2007,70000,Diesel,Automatic,First,11,2987,198.5,5,11000,0,0,1
2012,97000,Diesel,Manual,First,23.2,1248,73.94,5,3000,1,0,1
2012,75300,Diesel,Manual,Second,25.44,936,57.6,5,2250,1,0,0
2010,69918,Petrol,Manual,First,15.5,1586,103.3,5,2830,1,1,1
2019,4721,Petrol,Manual,First,14,796,35,5,4110,1,1,1
2014,39163,Diesel,Manual,First,13.5,2477,178,7,14700,1,0,1
2013,80000,Petrol,Automatic,First,13,2987,210,5,25000,0,1,1
2015,66000,Diesel,Manual,First,25.44,936,56.3,5,2350,1,0,1
2017,36154,Diesel,Manual,Second,25.83,1498,99,5,6410,1,0,0
2012,34000,Petrol,Manual,First,17.4,1497,117.3,5,5750,1,1,1
2016,60000,Diesel,Automatic,Second,17.9,2143,136,5,17550,0,0,0
2015,32000,Diesel,Manual,First,21.38,1396,88.7,5,10250,1,0,1
2012,79985,Diesel,Manual,First,17.8,1399,67,5,3160,1,0,1
2014,37600,Diesel,Automatic,Second,16.55,1968,147.51,5,22500,0,0,0
2015,31965,Petrol,Manual,First,19.81,1086,68.05,5,3550,1,1,1
2010,70749,Petrol,Automatic,First,12.05,1995,154,5,9860,0,1,1
2013,38000,Diesel,Automatic,First,16.46,2993,258,5,45000,0,0,1
2017,41534,Petrol,Manual,First,17.01,1591,121.3,5,7990,1,1,1
2017,54455,Diesel,Automatic,First,22,1498,108.495,5,6500,0,0,1
2007,42000,Petrol,Manual,First,14.49,1399,92.7,5,750,1,1,1
2018,52073,Diesel,Manual,Second,18.3,1991,147.9,5,9870,1,0,0
2018,40175,Diesel,Manual,Second,22.54,1396,88.73,5,6360,1,0,0
2017,16503,Petrol,Automatic,First,16,1497,117.3,7,9500,0,1,1
2017,15029,Petrol,Manual,First,19.1,1197,82,5,6050,1,1,1
2013,26200,CNG,Manual,First,30.46,796,47.3,5,2150,1,0,1
2015,76362,Diesel,Manual,First,24,1120,70,5,5500,1,0,1
2007,18700,Petrol,Manual,Second,19.7,796,46.3,5,1250,1,1,0
2015,67585,Diesel,Manual,First,12.99,2494,100.6,7,11990,1,0,1
2010,57000,Petrol,Automatic,Second,16.95,1197,78.9,5,2500,0,1,0
2019,22321,Petrol,Automatic,First,18,1497,117.3,5,11660,0,1,1
1998,95150,Petrol,Manual,Third,17.3,993,60,5,530,1,1,0
2015,36428,Petrol,Manual,First,20.51,998,67.04,5,3100,1,1,1
2012,73500,Diesel,Manual,Second,20,1399,68,5,2600,1,0,0
2015,47234,Petrol,Manual,First,18,1198,86.7,5,5090,1,1,1
2008,62364,Petrol,Manual,First,13.2,1495,94,5,2300,1,1,1
2012,89000,Diesel,Manual,First,22.32,1582,126.32,5,6000,1,0,1
2013,58653,Diesel,Manual,First,25.2,1248,74,5,4400,1,0,1
2013,30000,Petrol,Automatic,Second,14.8,1595,120.7,5,11000,0,1,0
2014,64042,Diesel,Manual,First,17.3,1998,163.7,5,5700,1,0,1
2013,120000,Diesel,Automatic,First,20,1968,138.1,5,6950,0,0,1
2014,90000,Diesel,Manual,First,12.05,2179,120,8,7900,1,0,1
2018,30733,Diesel,Automatic,First,20.68,1995,190,5,29300,0,0,1
2009,43600,Petrol,Automatic,First,10.93,3498,272,5,10240,0,1,1
2010,71473,Petrol,Automatic,Second,13.7,1798,157.75,5,5350,0,1,0
2014,39000,Petrol,Automatic,Second,16.5,1198,86.8,5,3490,0,1,0
2009,84045,Petrol,Manual,First,20.36,1197,78.9,5,2850,1,1,1
2014,57004,Petrol,Manual,First,17.4,1497,117.3,5,5350,1,1,1
2012,75464,Petrol,Manual,First,15.6,1196,70,5,3620,1,1,1
2006,142000,Diesel,Manual,First,12.8,2494,102,7,6250,1,0,1
2012,118683,Diesel,Manual,Second,21,1461,64.1,5,3190,1,0,0
2018,42000,Petrol,Manual,First,18.15,1198,82,6,5500,1,1,1
2019,12800,Petrol,Manual,First,18.6,1197,81.83,5,7670,1,1,1
2011,80000,Petrol,Manual,First,12,2092,127,7,5500,1,1,1
2014,76126,Diesel,Manual,First,19.3,1248,73.9,5,6600,1,0,1
2017,21000,Diesel,Automatic,Second,15.97,2993,258,5,55000,0,0,0
2013,85000,Diesel,Automatic,First,17.68,1968,174.33,5,21000,0,0,1
2017,27000,Petrol,Manual,First,21.4,1197,83.1,5,4500,1,1,1
2016,45794,Diesel,Automatic,First,13.01,2199,194.3,7,20670,0,0,1
2013,57352,Diesel,Automatic,First,14.39,1998,163.7,5,6500,0,0,1
2018,41467,Diesel,Automatic,First,15,2143,204,5,37980,0,0,1
2009,42000,Petrol,Manual,First,17.92,1086,62.1,5,1450,1,1,1
2014,62549,CNG,Manual,First,26.6,998,58.16,5,2950,1,0,1
2015,67048,Diesel,Manual,First,28.09,1248,88.5,5,7900,1,0,1
2018,11732,Petrol,Manual,First,17.4,1497,117.3,5,10070,1,1,1
2016,37000,Diesel,Manual,First,20.45,1461,83.8,5,6500,1,0,1
2015,30000,Diesel,Automatic,First,18.88,1995,184,5,22000,0,0,1
2016,53000,Diesel,Manual,First,26,1498,98.6,5,9750,1,0,1
2014,60000,Diesel,Manual,First,20.45,1461,83.8,5,6000,1,0,1
2014,65000,Diesel,Manual,First,24,1120,70,5,3990,1,0,1
2015,92000,Diesel,Automatic,First,12.55,2982,168.5,7,19750,0,0,1
2017,31000,Diesel,Manual,First,13.68,2393,147.8,7,16950,1,0,1
2017,43917,Petrol,Manual,First,21.4,1197,83.1,5,6800,1,1,1
2013,84000,Petrol,Manual,First,19.81,1086,68.05,5,2950,1,1,1
2015,55662,Diesel,Automatic,First,12.07,2967,241.4,7,42830,0,0,1
2014,51000,Diesel,Automatic,First,27.03,1969,190,5,21500,0,0,1
2015,24398,Petrol,Manual,First,17.8,1497,117.3,5,7900,1,1,1
2011,78000,Petrol,Manual,Second,20.92,998,67.1,5,2300,1,1,0
2012,40315,Petrol,Manual,First,18.5,1198,86.8,5,2750,1,1,1
2011,83000,Diesel,Manual,First,12.05,2179,120,8,6710,1,0,1
2017,58151,Diesel,Automatic,First,19.6,1461,108.45,5,9600,0,0,1
2017,30519,Diesel,Manual,First,19.67,1582,126.2,5,12810,1,0,1
2019,20712,Petrol,Manual,First,23.84,1199,84,5,6940,1,1,1
2015,48000,Diesel,Manual,First,16,2179,140,7,9450,1,0,1
2015,85000,Diesel,Manual,First,20.34,1498,103.2,5,6000,1,0,1
2013,32000,Petrol,Automatic,First,14.8,1595,120.7,5,11000,0,1,1
2011,52000,Petrol,Manual,First,15.5,1586,103.3,5,2600,1,1,1
2007,58307,Petrol,Manual,First,15.3,1341,83,5,1950,1,1,1
2013,30000,Diesel,Automatic,First,17.54,2993,313,4,45000,0,0,1
2014,40000,Diesel,Automatic,First,17.11,1968,174.33,5,22000,0,0,1
2015,36000,Petrol,Manual,First,18.6,1197,81.83,5,4900,1,1,1
2015,58817,Diesel,Manual,First,19.87,1461,83.14,5,6250,1,0,1
2013,55000,Diesel,Manual,Second,20.54,1598,103.6,5,6100,1,0,0
2011,39000,Petrol,Manual,First,20.36,1197,78.9,5,2600,1,1,1
2011,6500,Petrol,Automatic,Third,6.4,5204,560,2,120000,0,1,0
2012,35000,Diesel,Automatic,First,14.74,2993,270.9,5,29000,0,0,1
2010,49900,Petrol,Manual,Second,17.5,1298,85.8,5,3300,1,1,0
2013,99500,Diesel,Manual,Second,22.3,1248,74,5,3050,1,0,0
2012,33249,Diesel,Manual,First,21.27,1396,88.76,5,3250,1,0,1
2014,52000,Petrol,Manual,First,19.1,1197,81.86,5,3750,1,1,1
2015,45000,Diesel,Manual,First,12.99,2494,100.6,7,13250,1,0,1
2017,22000,Petrol,Manual,First,23.84,1199,84,5,4800,1,1,1
2019,7858,Petrol,Manual,First,25.17,799,53.3,5,3800,1,1,1
2011,112000,Diesel,Manual,First,12.8,2494,102,7,8500,1,0,1
2016,41082,Diesel,Automatic,First,13,2143,204,5,38760,0,0,1
2009,72000,Petrol,Automatic,First,16.8,1497,116.4,5,3200,0,1,1
2011,84912,Petrol,Manual,First,20.36,1197,78.9,5,3500,1,1,1
2015,70000,Diesel,Manual,First,19.67,1582,126.2,5,12250,1,0,1
2014,21000,Petrol,Manual,First,19.5,1199,86.76,5,4750,1,1,1
2016,27000,Petrol,Manual,First,18.78,999,74,5,4500,1,1,1
2012,29000,Petrol,Manual,First,20.36,1197,78.9,5,2350,1,1,1
2014,48425,Diesel,Manual,First,23.08,1461,63.12,5,3400,1,0,1
2016,19000,Diesel,Automatic,First,21.5,1498,108.5,5,10000,0,0,1
2012,210000,Diesel,Manual,First,12.99,2494,100,7,9000,1,0,1
2013,64000,Petrol,Manual,Second,14.53,1798,138.1,5,5200,1,1,0
2006,200000,Diesel,Manual,Second,16.8,1493,110,5,1850,1,0,0
2013,100000,Diesel,Automatic,Second,11.3,2987,254.8,7,38000,0,0,0
2013,69140,Diesel,Manual,First,20.46,1461,83.8,5,5110,1,0,1
2019,21214,Petrol,Manual,First,15.41,1598,103.52,5,9660,1,1,1
2015,28000,Petrol,Manual,First,20.36,1197,78.9,5,3400,1,1,1
2017,29085,Petrol,Manual,First,18.15,1198,82,6,5840,1,1,1
2016,30000,Petrol,Automatic,First,23.1,998,67.04,5,3800,0,1,1
2012,32910,Petrol,Automatic,First,16.98,998,66.1,5,2500,0,1,1
2015,30000,Diesel,Manual,First,25.1,1498,98.6,5,6950,1,0,1
2010,35102,Petrol,Automatic,First,12.6,1798,161.6,5,5500,0,1,1
2017,22831,Petrol,Manual,First,18.9,1197,82,5,6190,1,1,1
2013,74911,Diesel,Manual,First,20.45,1461,83.8,5,6000,1,0,1
2015,21000,Petrol,Manual,First,18.9,1197,82,5,3750,1,1,1
2018,37160,Diesel,Manual,First,22.77,1498,98.59,5,9460,1,0,1
2011,41000,Petrol,Manual,Second,16.95,1498,97.7,5,3000,1,1,0
2016,37294,Diesel,Manual,First,25.83,1498,99,5,5750,1,0,1
2009,56927,Petrol,Manual,First,13.5,1799,130,5,4410,1,1,1
2017,21954,Petrol,Manual,First,25.17,799,53.3,5,3700,1,1,1
2014,50000,Petrol,Manual,Second,19.4,1198,86.8,5,2500,1,1,0
2012,78212,Petrol,Manual,First,16.1,1298,88.2,5,5350,1,1,1
2013,64500,Diesel,Manual,First,21.9,1396,88.8,5,3650,1,0,1
2014,51000,Diesel,Automatic,First,17.2,1968,138.03,5,13000,0,0,1
2012,52000,Petrol,Manual,First,18.9,998,67.1,5,2450,1,1,1
2015,120000,Diesel,Automatic,First,21.21,1498,103.2,5,5750,0,0,1
2017,65792,Diesel,Manual,First,26,1498,98.6,5,8110,1,0,1
2018,30000,Diesel,Manual,First,22.54,1396,88.73,5,7750,1,0,1
2017,54387,Petrol,Automatic,First,19.15,1198,75.94,5,5850,0,1,1
2018,1617,Petrol,Manual,First,25.17,799,53.3,5,4290,1,1,1
2015,82000,Diesel,Manual,First,25.6,1498,98.6,5,8000,1,0,1
2017,20000,Diesel,Manual,First,13.68,2393,147.8,8,16500,1,0,1
2015,98000,Diesel,Manual,First,27.39,1248,74,5,5500,1,0,1
2015,57000,Diesel,Manual,First,22.77,1498,98.59,5,6350,1,0,1
2013,250000,Diesel,Manual,Second,12.99,2494,100.6,8,7900,1,0,0
2014,56549,Diesel,Manual,First,22.7,1498,89.84,5,7200,1,0,1
2012,78500,Diesel,Manual,First,22.07,1199,73.9,5,3650,1,0,1
2016,55036,Diesel,Manual,First,22.54,1396,88.73,5,6350,1,0,1
2016,55000,Diesel,Manual,First,19.87,1461,83.8,5,7800,1,0,1
2007,90000,Petrol,Manual,Second,13.8,1299,70,5,1400,1,1,0
2007,155000,Diesel,Manual,First,13.1,2499,141,7,5500,1,0,1
2018,17810,Diesel,Manual,First,27.39,1248,74,5,8500,1,0,1
2011,42408,Diesel,Automatic,First,14.84,2143,170,5,10480,0,0,1
2005,81000,Petrol,Manual,Second,15.9,1298,85,5,750,1,1,0
2008,52000,Petrol,Manual,Second,12.85,1396,99.6,5,1300,1,1,0
2013,35000,Diesel,Automatic,First,16.73,2993,218,5,21000,0,0,1
2013,60000,Petrol,Manual,First,17.92,1086,62.1,5,2300,1,1,1
2015,27000,Diesel,Automatic,First,19.5,1968,141,5,14950,0,0,1
2017,55975,Diesel,Automatic,Second,17.68,1968,174.33,5,35920,0,0,0
2016,115000,Diesel,Manual,First,25.83,1498,99,5,4500,1,0,1
2016,132000,Diesel,Manual,First,14.95,2489,93.7,7,5500,1,0,1
2015,40337,Petrol,Automatic,First,23.1,998,67.04,5,4450,0,1,1
2008,192000,Diesel,Manual,First,12.8,2494,102,8,6850,1,0,1
2016,50000,Diesel,Manual,First,24,1120,70,5,5500,1,0,1
2016,28147,Petrol,Manual,First,18.9,1197,81.86,5,5070,1,1,1
2015,20000,Petrol,Manual,First,18.9,1197,82,5,3850,1,1,1
2016,11000,Petrol,Manual,First,18.6,1197,81.86,5,7950,1,1,1
2009,63000,Petrol,Manual,Second,18.2,998,67.1,5,1250,1,1,0
2014,36967,Petrol,Manual,First,20.92,998,67.1,5,3640,1,1,1
2016,73053,Diesel,Manual,First,13,2982,168.5,7,20000,1,0,1
2019,16392,Diesel,Manual,First,16.55,2498,105,6,10360,1,0,1
2013,67000,Petrol,Manual,Second,16.78,1496,88.73,5,4050,1,1,0
2015,48600,Diesel,Automatic,First,12,2987,224,7,48500,0,0,1
2014,70000,Diesel,Manual,First,19.6,1461,108.45,5,8250,1,0,1
2014,84000,Diesel,Manual,First,22.9,1248,74,5,5250,1,0,1
2013,49106,Petrol,Manual,First,15.04,1598,103.2,5,4400,1,1,1
2017,35000,Diesel,Automatic,First,18.19,1968,174.5,5,25750,0,0,1
2014,51240,Diesel,Automatic,First,8.2,2993,245,4,29520,0,0,1
2011,37000,Petrol,Manual,Second,18.9,998,67.1,5,2100,1,1,0
2017,32587,Petrol,Manual,First,25.17,799,53.3,5,3710,1,1,1
2009,180000,Diesel,Manual,First,10.9,2499,143,7,7500,1,0,1
2017,21248,Diesel,Manual,First,24.3,1248,88.5,5,9440,1,0,1
2014,40000,Petrol,Automatic,First,10.5,1796,157.7,5,24000,0,1,1
2019,4000,Diesel,Automatic,First,0,1950,194,5,35000,0,0,1
2017,23700,CNG,Manual,First,17.5,1373,80.46,7,8250,1,0,1
2011,57000,Diesel,Automatic,Second,16.55,1968,147.51,5,9750,0,0,0
2014,37000,Petrol,Manual,First,18.9,1197,82,5,3450,1,1,1
2014,70000,Diesel,Manual,Second,13.5,2477,175.56,7,11850,1,0,0
2012,92469,Diesel,Automatic,Second,19.71,2143,201.15,5,16140,0,0,0
2015,55000,CNG,Manual,First,26.6,998,58.16,5,3700,1,0,1
2017,20000,Petrol,Automatic,First,24.07,998,67.1,5,4000,0,1,1
2015,42000,Petrol,Manual,Second,18.6,1197,81.83,5,5800,1,1,0
2014,28000,Diesel,Manual,First,23.4,1248,74,5,4650,1,0,1
2010,93000,Petrol,Automatic,Second,11.8,3498,272,7,15000,0,1,0
2015,23000,Petrol,Automatic,First,15.63,1499,110.4,5,6800,0,1,1
2016,36000,Diesel,Manual,First,25.1,1498,98.6,5,10250,1,0,1
2014,52000,Petrol,Manual,First,20.92,998,67.1,5,2700,1,1,1
2015,59245,Diesel,Manual,First,20.77,1248,88.8,7,8500,1,0,1
2018,31000,Diesel,Manual,First,22.54,1396,88.73,5,7750,1,0,1
2015,83000,Petrol,Manual,First,15.64,1193,64.08,5,2700,1,1,1
2004,81500,Petrol,Manual,Second,19.7,796,46.3,5,1300,1,1,0
2018,9900,Petrol,Manual,First,15.8,1591,121.3,5,13200,1,1,1
2004,94000,Petrol,Manual,Second,18.9,998,67.1,5,1000,1,1,0
2017,27100,Petrol,Manual,First,16.78,1496,88.73,5,6370,1,1,1
2015,12000,Petrol,Manual,First,16.78,1496,88.73,5,4500,1,1,1
2013,29000,Diesel,Manual,First,19.01,1461,108.45,5,6500,1,0,1
2013,65000,Diesel,Manual,Second,19.3,1248,73.9,5,4990,1,0,0
2017,50794,Diesel,Automatic,First,17.9,2143,170,5,43300,0,0,1
2014,59000,Diesel,Manual,First,22.7,1498,89.84,5,6500,1,0,1
2012,72000,CNG,Manual,First,26.2,998,58.2,5,2250,1,0,1
2017,15234,Petrol,Automatic,First,19.12,1373,91.1,5,9950,0,1,1
2015,44000,Diesel,Manual,First,22.7,1498,89.84,5,7350,1,0,1
2016,125000,Diesel,Manual,First,22.95,1248,74,5,4600,1,0,1
2011,100000,Diesel,Automatic,First,11.4,2953,153.86,7,8500,0,0,1
2017,34686,Diesel,Automatic,First,19.6,1461,108.45,5,11860,0,0,1
2011,98000,Diesel,Manual,First,14.42,1995,147.6,5,8000,1,0,1
2015,90000,Diesel,Automatic,First,12.55,2982,168.5,7,21500,0,0,1
2007,81000,Petrol,Manual,First,15.26,1150,74.9,5,1300,1,1,1
2012,55000,Diesel,Manual,First,20.5,1598,103.5,5,5900,1,0,1
2013,52910,Diesel,Manual,Second,15.1,2179,140,7,9500,1,0,0
2010,100000,Diesel,Manual,First,19.3,1248,73.9,5,4500,1,0,1
2003,132000,Diesel,Manual,First,18.7,1896,66,5,2250,1,0,1
2014,18000,Petrol,Manual,First,13.7,1399,98.82,7,3350,1,1,1
2005,50000,Petrol,Manual,First,13.2,1495,94,5,700,1,1,1
2012,33000,Petrol,Automatic,First,14.74,1991,184,5,16000,0,1,1
2014,30000,Diesel,Manual,First,20.45,1461,83.8,5,8000,1,0,1
2015,8000,Petrol,Automatic,First,12.5,5000,488.1,2,100000,0,1,1
2012,58646,Diesel,Manual,First,22.32,1582,126.32,5,4740,1,0,1
2016,21000,Diesel,Automatic,First,13,2143,204,5,36000,0,0,1
2015,57026,Petrol,Manual,First,15.04,1598,103.6,5,5540,1,1,1
2017,42000,Diesel,Automatic,First,18.19,1968,174.5,5,22990,0,0,1
2017,26741,Diesel,Manual,First,15.4,1997,120,7,10080,1,0,1
2000,78000,Petrol,Manual,First,16.1,796,37,4,550,1,1,1
2018,29091,Diesel,Automatic,First,13.22,2967,241.4,5,45520,0,0,1
2018,37323,Diesel,Manual,Second,17.45,1493,100,7,7290,1,0,0
2011,55595,Diesel,Manual,Second,20.54,1598,103.6,5,4300,1,0,0
2015,49900,Petrol,Manual,First,20.85,1197,83.14,5,4800,1,1,1
2012,52500,Petrol,Manual,Second,16.02,1373,93.7,7,5250,1,1,0
2016,5700,Petrol,Manual,First,24.7,796,47.3,5,2800,1,1,1
2014,53340,Diesel,Manual,First,21.9,1396,88.76,5,4350,1,0,1
2014,57000,Diesel,Manual,First,22.7,1498,89.84,5,5490,1,0,1
2015,59525,CNG,Manual,Second,32.26,998,58.2,4,3100,1,0,0
2014,58000,Diesel,Manual,First,20.34,1498,103.2,5,6500,1,0,1
2011,73000,Diesel,Manual,First,12.05,2179,120,8,6400,1,0,1
2016,33554,Diesel,Manual,First,25.83,1498,99,5,6220,1,0,1
2012,106000,Diesel,Manual,First,12.99,2494,100,8,8400,1,0,1
2018,27000,Diesel,Manual,First,28.4,1248,73.75,5,5900,1,0,1
2018,1000,Petrol,Manual,First,25.17,799,53.3,5,3400,1,1,1
2011,119000,Diesel,Manual,Third,13.1,2499,141,7,6500,1,0,0
2015,64000,Petrol,Manual,First,18.88,999,123.24,5,6000,1,1,1
2016,63738,Diesel,Manual,First,19.67,1582,126.2,5,11900,1,0,1
2016,16000,Diesel,Automatic,First,14.69,2993,258,5,48000,0,0,1
2017,28000,Petrol,Automatic,First,18.69,1462,103,7,8000,0,1,1
2007,91000,Diesel,Automatic,Second,15.6,1896,106,5,2450,0,0,0
2013,25000,Petrol,Manual,First,18.6,1199,79.4,5,1750,1,1,1
2014,65630,Diesel,Automatic,First,15.73,1968,174.33,5,21750,0,0,1
2014,48094,Petrol,Manual,First,17,1497,118,5,7250,1,1,1
2009,90456,Petrol,Manual,Second,16.1,1298,88.2,5,3000,1,1,0
2012,140000,Diesel,Manual,First,20,1399,68,5,2510,1,0,1
2015,95000,Diesel,Automatic,First,12.55,2982,168.5,7,19600,0,0,1
2013,79000,Diesel,Manual,Second,15.8,2148,170,5,15500,1,0,0
2012,96000,Diesel,Manual,First,12.99,2494,100,7,11500,1,0,1
2004,186679,Petrol,Manual,Second,13,1493,100,5,1760,1,1,0
2015,91000,Diesel,Manual,First,25.8,1498,98.6,5,4680,1,0,1
2010,109703,Petrol,Automatic,Second,14.28,1798,138.03,5,4000,0,1,0
2012,110000,Diesel,Manual,First,22.3,1248,74,5,2800,1,0,1
2012,35000,Diesel,Manual,First,16,2179,140,7,8250,1,0,1
2010,47722,Diesel,Manual,First,21.1,1248,73.9,5,1700,1,0,1
2013,25000,Petrol,Automatic,First,14.74,1991,181.04,5,14850,0,1,1
2018,8000,Petrol,Automatic,First,17,1591,121.3,5,12850,0,1,1
2012,65000,Diesel,Automatic,First,14.94,2143,204,5,16000,0,0,1
2018,1048,Petrol,Manual,First,18.9,998,67.1,5,4700,1,1,1
2014,42000,Petrol,Manual,Second,16.02,1373,93.7,7,5940,1,1,0
2013,55000,Diesel,Manual,First,20.5,1598,103.5,5,8000,1,0,1
2010,72000,Diesel,Manual,First,12.8,2494,102,8,5450,1,0,1
2018,17773,Petrol,Automatic,First,13.7,1991,183,5,26760,0,1,1
2013,65000,Diesel,Manual,Second,20.14,1498,88,5,3500,1,0,0
2013,53280,Diesel,Manual,First,22.32,1582,126.3,5,4700,1,0,1
2016,34005,Petrol,Manual,First,17,1198,73.75,5,5750,1,1,1
2017,14618,Petrol,Manual,First,18.6,1197,81.83,5,8110,1,1,1
2006,65771,Petrol,Manual,Second,17.3,1061,64,5,750,1,1,0
2006,78000,Petrol,Manual,Second,13.5,1405,60,5,1000,1,1,0
2016,105545,Diesel,Manual,First,14,2498,112,7,5300,1,0,1
2017,25000,Diesel,Manual,First,12.4,2499,134,5,8000,1,0,1
2010,80561,Petrol,Manual,First,18.5,1197,80,5,2740,1,1,1
2017,6000,Petrol,Manual,First,21.4,1197,83.1,5,7500,1,1,1
2016,39000,Diesel,Automatic,First,17.6,2179,153.86,7,13500,0,0,1
2011,55001,Petrol,Manual,First,16.47,1198,73.9,5,2200,1,1,1
2012,63720,Petrol,Automatic,First,11.74,1796,186,5,13250,0,1,1
2005,100000,Petrol,Manual,Second,15.3,1341,83,5,850,1,1,0
2017,15386,Petrol,Manual,First,23.84,1199,84,5,5110,1,1,1
2013,102486,Diesel,Manual,First,19.87,1461,83.8,5,4250,1,0,1
2013,58629,Diesel,Automatic,Second,18.25,1968,187.74,5,16520,0,0,0
2008,86000,Diesel,Manual,Third,13.93,2179,138,7,600,1,0,0
2012,68238,Diesel,Manual,First,22.9,1248,74,5,4800,1,0,1
2011,42036,Petrol,Automatic,First,13.7,1798,157.75,5,6250,0,1,1
2014,55619,Petrol,Manual,First,16.3,1797,147.5,5,8300,1,1,1
2009,60000,Petrol,Manual,Third,17,1497,118,5,3250,1,1,0
2015,30000,Diesel,Manual,First,19.87,1461,83.8,5,7750,1,0,1
2016,31150,Diesel,Automatic,First,16.36,2179,187.7,5,30540,0,0,1
2010,70000,LPG,Manual,First,26.2,998,58.2,5,2270,1,0,1
2010,70290,Petrol,Manual,Second,17.24,1198,73.9,5,2960,1,1,0
2016,10000,Petrol,Manual,First,17.57,1193,88.7,5,4000,1,1,1
2014,68010,Petrol,Manual,Second,18.5,1197,82.85,5,5250,1,1,0
2013,91903,Diesel,Automatic,First,17.68,1968,174.33,5,17560,0,0,1
2011,38000,Petrol,Manual,First,16.09,1598,103.5,5,3250,1,1,1
2015,67600,Petrol,Manual,First,23.1,998,67.04,5,4000,1,1,1
2007,66800,Petrol,Manual,First,15.3,1341,83,5,2200,1,1,1
2016,37208,Diesel,Manual,First,24.3,1248,88.5,5,7430,1,0,1
2009,102002,Diesel,Automatic,First,8.7,2987,224.34,5,10750,0,0,1
2011,68000,Diesel,Manual,First,19.3,1248,73.9,5,2750,1,0,1
2013,40000,Diesel,Automatic,Second,17.85,2967,300,4,45000,0,0,0
2015,33500,Petrol,Automatic,First,19.16,2494,158.2,5,19750,0,1,1
2013,33746,Petrol,Manual,First,18.5,1198,86.8,5,3200,1,1,1
2011,45004,Diesel,Manual,First,12.8,2494,102,7,9480,1,0,1
2015,70602,Diesel,Manual,First,25.8,1498,98.6,5,4830,1,0,1
2014,27365,Diesel,Manual,First,28.4,1248,74,5,4750,1,0,1
2015,100000,Diesel,Manual,First,24.4,1120,71,5,4000,1,0,1
2012,55000,Diesel,Manual,Second,14,2498,112,8,2900,1,0,0
2013,46000,Petrol,Manual,First,18.9,998,67.1,5,2650,1,1,1
2011,47000,Diesel,Manual,First,25.44,936,57.6,5,2500,1,0,1
